Age,Sex,Grade,Height,Weight,Bullied_at_School
14 years old,Female,9th grade,1.65,81.65,No
16 years old,Male,11th grade,1.68,74.84,No
14 years old,Male,9th grade,1.85,56.7,No
16 years old,Male,9th grade,1.8,72.58,No
17 years old,Male,11th grade,1.83,74.84,No
15 years old,Female,9th grade,1.52,73.48,No
15 years old,Male,9th grade,1.65,61.24,No
17 years old,Female,11th grade,1.63,53.07,No
16 years old,Male,10th grade,1.7,63.5,No
15 years old,Female,9th grade,1.57,72.12,No
15 years old,Male,9th grade,1.68,65.77,No
18 years old or older,Female,11th grade,1.63,136.08,No
15 years old,Male,10th grade,1.75,73.94,No
14 years old,Female,9th grade,1.68,97.52,Yes
18 years old or older,Male,11th grade,1.93,68.04,No
16 years old,Female,11th grade,1.65,49.9,Yes
16 years old,Female,9th grade,1.52,52.16,Yes
16 years old,Male,10th grade,1.9,131.54,Yes
18 years old or older,Male,12th grade,1.73,95.26,Yes
16 years old,Female,11th grade,1.8,83.01,No
17 years old,Female,11th grade,1.63,59.88,No
16 years old,Female,10th grade,1.65,68.04,Yes
17 years old,Female,12th grade,1.6,47.17,Yes
17 years old,Female,11th grade,1.75,74.84,No
16 years old,Male,10th grade,1.83,83.92,No
18 years old or older,Female,12th grade,1.78,74.84,No
17 years old,Male,11th grade,1.75,63.5,No
16 years old,Female,11th grade,1.6,70.31,No
16 years old,Male,10th grade,1.78,79.38,No
18 years old or older,Male,12th grade,1.85,63.5,No
17 years old,Female,11th grade,1.65,62.6,No
15 years old,Male,10th grade,1.9,69.85,Yes
17 years old,Female,12th grade,1.63,53.07,No
18 years old or older,Male,11th grade,1.93,111.13,No
17 years old,Male,11th grade,1.8,122.47,No
17 years old,Male,10th grade,1.73,70.31,No
17 years old,Female,11th grade,1.63,57.15,No
14 years old,Male,9th grade,1.63,56.7,Yes
16 years old,Female,9th grade,1.45,44.45,No
16 years old,Female,11th grade,1.57,73.48,No
17 years old,Male,10th grade,1.7,79.38,No
17 years old,Male,11th grade,1.75,83.92,No
17 years old,Female,11th grade,1.57,54.89,No
16 years old,Female,9th grade,1.65,70.76,No
14 years old,Female,9th grade,1.52,49.9,No
17 years old,Female,11th grade,1.65,56.7,No
15 years old,Female,9th grade,1.63,53.52,Yes
15 years old,Male,9th grade,1.75,72.58,Yes
17 years old,Female,11th grade,1.65,99.79,No
18 years old or older,Male,12th grade,1.9,77.11,No
18 years old or older,Male,12th grade,1.83,80.74,Yes
18 years old or older,Male,11th grade,1.83,86.18,No
17 years old,Male,10th grade,1.8,122.47,No
15 years old,Male,9th grade,1.75,61.24,No
14 years old,Male,9th grade,1.75,65.77,No
14 years old,Male,9th grade,1.83,111.13,No
17 years old,Male,11th grade,1.78,70.31,No
15 years old,Male,10th grade,1.75,65.77,Yes
14 years old,Female,9th grade,1.55,40.82,Yes
14 years old,Female,9th grade,1.63,54.43,No
17 years old,Female,11th grade,1.65,61.24,No
16 years old,Male,10th grade,1.8,86.18,No
17 years old,Female,12th grade,1.65,113.4,No
17 years old,Female,11th grade,1.7,45.36,No
15 years old,Male,10th grade,1.73,61.24,No
17 years old,Female,11th grade,1.68,68.04,No
17 years old,Female,10th grade,1.65,83.92,No
18 years old or older,Female,11th grade,1.65,79.38,Yes
17 years old,Female,11th grade,1.7,54.43,No
17 years old,Female,11th grade,1.65,56.7,No
15 years old,Male,10th grade,1.88,90.72,No
16 years old,Female,11th grade,1.65,58.97,No
17 years old,Male,10th grade,1.83,74.39,Yes
16 years old,Female,9th grade,1.55,46.72,No
15 years old,Male,9th grade,1.75,58.51,Yes
15 years old,Male,9th grade,1.83,72.58,No
16 years old,Female,11th grade,1.6,44.45,No
15 years old,Female,10th grade,1.57,81.65,Yes
15 years old,Male,9th grade,1.83,89.81,Yes
14 years old,Male,9th grade,1.8,70.31,No
15 years old,Male,9th grade,1.73,61.69,No
15 years old,Female,10th grade,1.68,113.4,No
16 years old,Female,10th grade,1.63,74.84,No
14 years old,Male,9th grade,1.73,62.6,No
18 years old or older,Male,12th grade,1.68,71.67,Yes
16 years old,Male,10th grade,1.65,54.43,Yes
15 years old,Male,9th grade,1.6,67.59,No
16 years old,Female,11th grade,1.65,54.43,No
17 years old,Female,10th grade,1.57,63.5,No
17 years old,Male,11th grade,1.78,83.92,No
18 years old or older,Male,12th grade,1.73,70.31,No
16 years old,Female,10th grade,1.63,72.58,No
17 years old,Male,11th grade,1.78,66.68,No
16 years old,Male,11th grade,1.78,72.58,No
15 years old,Male,10th grade,1.85,78.02,No
17 years old,Male,11th grade,1.88,74.84,No
16 years old,Female,11th grade,1.55,50.8,No
17 years old,Female,11th grade,1.65,56.7,No
17 years old,Male,11th grade,1.73,79.38,No
16 years old,Male,11th grade,1.78,72.58,Yes
17 years old,Male,11th grade,1.83,79.38,No
16 years old,Female,11th grade,1.63,58.97,No
15 years old,Female,10th grade,1.6,53.07,No
15 years old,Female,9th grade,1.6,66.23,Yes
15 years old,Female,10th grade,1.68,62.14,Yes
17 years old,Male,11th grade,1.9,83.92,No
16 years old,Male,11th grade,1.85,89.81,No
16 years old,Male,10th grade,1.75,97.52,Yes
14 years old,Female,9th grade,1.5,54.43,No
15 years old,Female,9th grade,1.65,72.58,Yes
15 years old,Male,9th grade,1.78,54.89,Yes
17 years old,Female,10th grade,1.57,63.5,No
15 years old,Male,9th grade,1.85,77.11,No
15 years old,Female,9th grade,1.63,62.6,Yes
15 years old,Female,10th grade,1.63,68.04,No
16 years old,Female,9th grade,1.7,83.92,No
15 years old,Female,9th grade,1.65,88.91,Yes
17 years old,Female,10th grade,1.52,78.93,Yes
15 years old,Male,9th grade,1.78,49.9,No
15 years old,Female,9th grade,1.68,54.89,No
18 years old or older,Male,10th grade,1.88,90.72,No
18 years old or older,Male,11th grade,1.93,97.52,No
16 years old,Female,11th grade,1.57,71.22,Yes
15 years old,Female,10th grade,1.68,66.23,No
16 years old,Male,10th grade,1.85,64.86,No
17 years old,Male,11th grade,1.75,68.04,No
17 years old,Female,11th grade,1.55,68.04,No
17 years old,Male,10th grade,1.85,70.31,No
18 years old or older,Male,12th grade,1.9,77.11,No
17 years old,Female,11th grade,1.6,48.54,Yes
16 years old,Male,10th grade,1.88,83.92,No
17 years old,Male,12th grade,1.83,99.79,No
17 years old,Male,11th grade,1.85,104.33,No
16 years old,Male,10th grade,1.7,68.04,Yes
17 years old,Male,11th grade,1.93,68.04,Yes
17 years old,Male,11th grade,1.85,56.7,No
16 years old,Male,10th grade,1.73,60.33,No
17 years old,Male,12th grade,1.8,68.04,No
17 years old,Female,11th grade,1.65,54.43,No
17 years old,Male,11th grade,1.83,97.07,No
15 years old,Male,10th grade,1.8,68.04,No
17 years old,Female,11th grade,1.6,56.7,No
17 years old,Male,11th grade,1.93,111.13,No
17 years old,Male,11th grade,1.88,99.79,Yes
16 years old,Female,10th grade,1.5,40.82,No
16 years old,Male,11th grade,1.8,61.24,Yes
18 years old or older,Female,11th grade,1.68,97.98,No
17 years old,Female,11th grade,1.5,33.11,Yes
15 years old,Male,9th grade,1.78,75.3,Yes
17 years old,Male,11th grade,1.78,64.86,No
17 years old,Female,11th grade,1.57,86.18,No
15 years old,Female,10th grade,1.57,60.78,No
14 years old,Female,9th grade,1.65,82.56,Yes
15 years old,Female,9th grade,1.6,70.76,Yes
17 years old,Female,11th grade,1.7,131.54,Yes
17 years old,Male,11th grade,1.88,70.76,No
17 years old,Female,10th grade,1.7,127.01,No
14 years old,Male,9th grade,1.78,107.96,No
17 years old,Male,10th grade,1.73,63.5,No
15 years old,Male,9th grade,1.93,73.03,No
18 years old or older,Male,11th grade,1.83,75.3,No
15 years old,Female,10th grade,1.7,79.83,Yes
15 years old,Female,9th grade,1.6,104.33,Yes
17 years old,Female,11th grade,1.6,68.95,No
17 years old,Female,11th grade,1.5,66.23,No
17 years old,Male,11th grade,1.7,88.45,No
15 years old,Female,9th grade,1.68,53.52,No
17 years old,Male,11th grade,1.8,63.5,Yes
15 years old,Male,9th grade,1.83,88.91,No
17 years old,Male,11th grade,1.93,90.27,No
17 years old,Male,11th grade,1.78,77.11,No
16 years old,Female,10th grade,1.6,56.7,No
15 years old,Female,9th grade,1.5,50.35,No
17 years old,Female,11th grade,1.68,58.97,Yes
17 years old,Female,11th grade,1.45,54.43,No
16 years old,Female,10th grade,1.63,47.17,No
16 years old,Male,10th grade,1.68,64.41,Yes
16 years old,Male,11th grade,1.83,92.99,No
16 years old,Female,10th grade,1.5,52.62,No
15 years old,Female,9th grade,1.75,61.24,No
16 years old,Male,10th grade,1.85,172.37,Yes
17 years old,Male,11th grade,1.83,55.79,No
15 years old,Female,10th grade,1.6,70.76,No
14 years old,Female,9th grade,1.6,76.2,No
16 years old,Female,10th grade,1.68,68.04,No
15 years old,Female,9th grade,1.55,52.16,No
16 years old,Male,10th grade,1.68,97.52,No
14 years old,Female,9th grade,1.57,79.38,Yes
17 years old,Male,11th grade,1.73,84.37,No
16 years old,Female,10th grade,1.63,77.11,No
14 years old,Female,9th grade,1.73,50.8,No
16 years old,Male,11th grade,1.73,68.04,No
15 years old,Male,9th grade,1.75,111.13,No
16 years old,Male,10th grade,1.85,102.06,No
15 years old,Male,9th grade,1.73,59.88,No
16 years old,Male,11th grade,1.7,68.49,No
17 years old,Female,11th grade,1.6,86.18,No
15 years old,Female,9th grade,1.55,58.97,No
17 years old,Male,11th grade,1.75,56.7,No
17 years old,Female,11th grade,1.63,86.18,No
16 years old,Male,10th grade,1.85,86.64,No
15 years old,Female,9th grade,1.68,58.97,No
18 years old or older,Female,11th grade,1.65,117.94,No
16 years old,Male,11th grade,1.8,73.94,No
16 years old,Male,10th grade,1.75,77.11,No
15 years old,Male,9th grade,1.75,70.31,No
17 years old,Male,11th grade,1.85,102.97,No
16 years old,Male,11th grade,1.78,61.24,No
14 years old,Male,9th grade,1.73,63.5,No
18 years old or older,Male,12th grade,1.8,68.04,No
15 years old,Male,10th grade,1.8,68.04,No
16 years old,Female,10th grade,1.57,88.45,No
16 years old,Male,10th grade,1.85,87.09,No
15 years old,Female,9th grade,1.65,98.88,No
15 years old,Female,9th grade,1.7,56.7,No
17 years old,Female,11th grade,1.57,82.56,No
17 years old,Male,11th grade,1.65,59.42,No
16 years old,Male,10th grade,1.75,73.03,No
15 years old,Female,9th grade,1.63,58.97,Yes
15 years old,Male,9th grade,1.78,111.13,No
17 years old,Female,11th grade,1.63,107.05,No
16 years old,Male,10th grade,1.83,58.97,No
15 years old,Male,9th grade,1.7,54.43,No
15 years old,Male,9th grade,1.65,61.24,Yes
16 years old,Male,10th grade,1.9,86.18,No
18 years old or older,Male,11th grade,1.7,114.31,No
16 years old,Female,10th grade,1.65,61.24,No
15 years old,Male,9th grade,1.85,71.22,No
17 years old,Female,11th grade,1.55,72.12,No
16 years old,Female,10th grade,1.57,54.89,No
15 years old,Male,9th grade,1.75,63.5,Yes
15 years old,Male,9th grade,1.73,63.5,No
15 years old,Male,9th grade,1.65,49.9,No
15 years old,Female,9th grade,1.75,92.53,Yes
15 years old,Female,9th grade,1.63,52.16,No
14 years old,Female,9th grade,1.68,85.28,Yes
16 years old,Female,10th grade,1.52,58.06,No
14 years old,Female,9th grade,1.52,61.24,No
14 years old,Female,9th grade,1.52,68.04,No
14 years old,Male,9th grade,1.75,68.04,No
15 years old,Female,10th grade,1.57,48.54,No
15 years old,Male,9th grade,1.75,62.14,No
15 years old,Female,9th grade,1.65,53.98,No
14 years old,Male,9th grade,1.78,85.73,Yes
15 years old,Male,9th grade,1.75,61.24,No
14 years old,Male,9th grade,1.78,61.24,No
15 years old,Male,9th grade,1.85,69.4,No
15 years old,Male,9th grade,1.68,56.7,Yes
15 years old,Female,9th grade,1.7,54.43,No
15 years old,Male,9th grade,1.83,60.78,No
16 years old,Male,10th grade,1.96,147.42,No
16 years old,Female,11th grade,1.7,58.97,No
15 years old,Female,10th grade,1.65,56.7,No
15 years old,Female,10th grade,1.68,54.43,Yes
15 years old,Male,10th grade,1.75,90.72,No
17 years old,Male,10th grade,1.75,88.91,No
16 years old,Male,10th grade,1.68,61.24,No
16 years old,Male,10th grade,1.57,54.43,No
16 years old,Female,10th grade,1.63,49.9,Yes
15 years old,Female,10th grade,1.6,50.8,No
17 years old,Female,10th grade,1.55,58.97,No
15 years old,Male,10th grade,1.9,65.77,Yes
16 years old,Male,10th grade,1.75,106.6,No
15 years old,Female,10th grade,1.65,61.24,No
16 years old,Female,10th grade,1.78,81.65,No
17 years old,Male,10th grade,1.68,81.65,No
14 years old,Male,9th grade,1.65,63.5,No
16 years old,Female,10th grade,1.55,52.16,No
18 years old or older,Female,12th grade,1.6,81.65,No
15 years old,Female,9th grade,1.57,68.04,Yes
15 years old,Female,9th grade,1.68,58.97,No
15 years old,Female,10th grade,1.57,51.71,No
18 years old or older,Male,12th grade,1.88,131.54,No
18 years old or older,Male,12th grade,1.73,67.13,No
15 years old,Male,9th grade,1.78,84.37,No
14 years old,Male,9th grade,1.78,89.36,No
16 years old,Female,10th grade,1.45,55.79,Yes
18 years old or older,Female,12th grade,1.57,72.58,No
14 years old,Male,9th grade,1.7,63.05,No
15 years old,Male,10th grade,1.75,74.84,No
17 years old,Male,12th grade,1.78,88.45,No
18 years old or older,Female,12th grade,1.63,58.97,No
14 years old,Female,9th grade,1.63,61.24,No
15 years old,Male,9th grade,1.68,61.24,No
15 years old,Female,10th grade,1.63,72.58,No
17 years old,Female,12th grade,1.57,63.5,No
18 years old or older,Male,12th grade,1.7,65.77,No
16 years old,Female,9th grade,1.57,104.33,Yes
15 years old,Female,9th grade,1.63,54.89,No
17 years old,Male,10th grade,1.63,66.68,No
17 years old,Female,12th grade,1.65,54.43,No
18 years old or older,Female,12th grade,1.68,81.19,No
14 years old,Male,9th grade,1.7,72.58,No
14 years old,Female,9th grade,1.7,124.74,No
15 years old,Female,10th grade,1.63,65.77,No
17 years old,Male,11th grade,1.65,59.42,No
16 years old,Male,11th grade,1.52,59.42,No
18 years old or older,Female,12th grade,1.6,70.31,No
15 years old,Male,9th grade,1.65,53.98,No
17 years old,Female,10th grade,1.7,81.65,No
15 years old,Male,9th grade,1.68,52.16,No
14 years old,Male,9th grade,1.73,62.6,No
17 years old,Male,10th grade,1.8,87.09,No
18 years old or older,Male,12th grade,1.8,113.4,No
18 years old or older,Female,12th grade,1.6,50.8,No
14 years old,Female,9th grade,1.57,46.27,No
15 years old,Male,9th grade,1.65,82.1,No
17 years old,Female,12th grade,1.57,61.24,No
18 years old or older,Female,12th grade,1.52,40.82,No
17 years old,Female,12th grade,1.6,97.98,No
17 years old,Male,12th grade,1.8,79.38,No
14 years old,Male,9th grade,1.8,92.99,Yes
15 years old,Female,9th grade,1.65,68.04,No
16 years old,Male,10th grade,1.85,66.23,No
18 years old or older,Male,12th grade,1.83,86.18,No
18 years old or older,Female,12th grade,1.57,83.92,No
17 years old,Male,9th grade,1.73,53.07,No
16 years old,Female,10th grade,1.6,49.44,Yes
18 years old or older,Female,12th grade,1.63,49.9,No
17 years old,Male,10th grade,1.68,49.9,No
18 years old or older,Male,12th grade,1.83,68.04,No
17 years old,Female,12th grade,1.63,63.05,No
17 years old,Female,12th grade,1.6,62.6,No
14 years old,Female,9th grade,1.63,67.59,No
17 years old,Female,11th grade,1.65,88.91,No
17 years old,Male,12th grade,1.78,108.41,No
17 years old,Female,12th grade,1.6,56.7,Yes
14 years old,Female,9th grade,1.63,52.16,No
15 years old,Male,9th grade,1.7,54.43,Yes
16 years old,Male,10th grade,1.68,79.38,Yes
17 years old,Female,12th grade,1.6,68.04,No
18 years old or older,Male,12th grade,1.78,61.24,No
18 years old or older,Male,12th grade,1.83,108.86,No
15 years old,Female,9th grade,1.65,94.35,No
15 years old,Male,9th grade,1.73,58.51,No
17 years old,Male,10th grade,1.68,67.13,No
18 years old or older,Female,12th grade,1.68,82.56,No
18 years old or older,Male,12th grade,1.75,101.15,No
14 years old,Male,9th grade,1.8,62.14,No
15 years old,Female,9th grade,1.6,72.12,No
15 years old,Female,10th grade,1.73,68.04,No
17 years old,Female,12th grade,1.65,49.9,No
17 years old,Female,12th grade,1.52,49.9,No
15 years old,Female,9th grade,1.52,42.18,No
16 years old,Female,9th grade,1.63,58.97,No
16 years old,Male,10th grade,1.78,96.62,Yes
16 years old,Male,10th grade,1.83,79.38,No
16 years old,Female,10th grade,1.65,61.24,No
15 years old,Female,10th grade,1.55,44.45,No
17 years old,Male,11th grade,1.7,54.43,Yes
15 years old,Male,10th grade,1.85,113.4,No
15 years old,Female,10th grade,1.5,58.97,No
16 years old,Male,10th grade,1.9,54.43,No
16 years old,Female,10th grade,1.68,56.7,No
15 years old,Female,10th grade,1.65,52.62,Yes
16 years old,Female,10th grade,1.57,74.84,Yes
15 years old,Female,10th grade,1.57,83.92,No
15 years old,Male,9th grade,1.78,76.2,No
15 years old,Female,10th grade,1.55,47.17,No
16 years old,Female,9th grade,1.65,56.7,No
15 years old,Male,10th grade,1.8,79.38,Yes
16 years old,Female,10th grade,1.6,49.9,No
15 years old,Male,10th grade,1.7,60.78,No
16 years old,Male,10th grade,1.73,83.92,No
17 years old,Female,11th grade,1.6,83.46,No
15 years old,Female,10th grade,1.63,52.16,No
15 years old,Female,10th grade,1.52,47.63,No
16 years old,Female,10th grade,1.65,56.25,Yes
15 years old,Female,9th grade,1.63,45.36,Yes
18 years old or older,Male,12th grade,1.68,49.9,Yes
16 years old,Female,10th grade,1.63,56.7,No
15 years old,Female,10th grade,1.65,52.62,Yes
15 years old,Male,10th grade,1.8,65.32,No
18 years old or older,Male,12th grade,1.75,68.04,No
16 years old,Female,10th grade,1.68,57.61,No
16 years old,Male,10th grade,1.7,57.61,No
15 years old,Male,9th grade,1.73,56.7,No
15 years old,Male,10th grade,1.8,48.99,No
16 years old,Male,11th grade,1.73,72.58,No
16 years old,Female,10th grade,1.78,56.7,No
15 years old,Male,10th grade,1.8,70.31,No
15 years old,Male,9th grade,1.73,63.5,No
15 years old,Male,10th grade,1.8,81.65,Yes
15 years old,Female,10th grade,1.63,48.54,No
17 years old,Female,12th grade,1.75,68.04,No
15 years old,Male,10th grade,1.73,72.58,No
16 years old,Male,10th grade,1.88,78.02,No
16 years old,Male,10th grade,1.73,58.06,No
15 years old,Male,10th grade,1.8,77.11,No
15 years old,Male,10th grade,1.83,74.84,No
15 years old,Male,9th grade,1.83,111.13,Yes
15 years old,Male,10th grade,1.63,58.06,No
15 years old,Male,10th grade,1.7,51.26,Yes
17 years old,Male,11th grade,1.9,86.18,No
15 years old,Male,9th grade,1.78,61.69,No
17 years old,Male,12th grade,1.68,61.24,No
15 years old,Male,10th grade,1.83,87.09,No
15 years old,Male,10th grade,1.85,72.58,No
16 years old,Female,10th grade,1.63,58.97,No
14 years old,Male,9th grade,1.9,68.95,No
15 years old,Male,9th grade,1.78,54.43,No
15 years old,Male,10th grade,1.78,70.31,No
17 years old,Male,11th grade,1.75,70.31,No
18 years old or older,Female,12th grade,1.68,68.04,No
18 years old or older,Male,12th grade,1.75,83.01,No
14 years old,Male,9th grade,1.68,66.23,No
16 years old,Female,11th grade,1.65,64.86,No
15 years old,Male,10th grade,1.78,117.94,No
15 years old,Male,10th grade,1.68,54.43,No
15 years old,Male,10th grade,1.78,61.24,No
17 years old,Male,11th grade,1.73,65.77,No
14 years old,Male,9th grade,1.63,52.16,Yes
15 years old,Male,10th grade,1.83,60.33,Yes
16 years old,Male,10th grade,1.96,81.65,No
15 years old,Male,10th grade,1.88,83.92,No
16 years old,Male,11th grade,1.83,65.32,No
16 years old,Male,10th grade,1.98,147.42,Yes
16 years old,Male,11th grade,1.78,58.97,No
15 years old,Female,10th grade,1.63,77.11,Yes
15 years old,Male,10th grade,1.68,58.97,No
17 years old,Male,11th grade,1.7,54.43,No
15 years old,Male,10th grade,1.73,50.8,No
15 years old,Male,10th grade,1.78,56.7,No
18 years old or older,Female,11th grade,1.57,69.4,No
15 years old,Male,10th grade,1.78,99.79,No
17 years old,Male,11th grade,1.75,74.84,No
17 years old,Male,11th grade,1.85,72.58,No
15 years old,Male,9th grade,1.65,58.97,No
16 years old,Male,10th grade,1.83,68.04,No
16 years old,Female,11th grade,1.78,74.84,No
16 years old,Male,11th grade,1.8,79.38,No
15 years old,Male,10th grade,1.88,77.11,No
17 years old,Female,11th grade,1.63,61.24,No
17 years old,Male,12th grade,1.8,104.33,No
15 years old,Female,9th grade,1.75,68.95,Yes
16 years old,Male,10th grade,1.7,61.24,Yes
17 years old,Male,12th grade,1.83,97.52,No
17 years old,Male,12th grade,1.83,68.95,No
15 years old,Male,10th grade,1.75,67.13,No
17 years old,Female,11th grade,1.52,56.7,No
17 years old,Male,12th grade,1.8,79.38,No
18 years old or older,Male,12th grade,1.78,68.95,No
14 years old,Female,9th grade,1.45,70.76,Yes
14 years old,Female,9th grade,1.6,56.7,Yes
15 years old,Female,9th grade,1.6,58.97,No
14 years old,Female,9th grade,1.57,40.82,No
14 years old,Female,9th grade,1.65,56.25,No
14 years old,Female,9th grade,1.68,49.44,No
18 years old or older,Male,12th grade,1.73,72.58,No
17 years old,Male,12th grade,1.85,85.73,No
18 years old or older,Male,12th grade,1.8,90.72,No
18 years old or older,Male,12th grade,1.75,87.54,No
18 years old or older,Male,12th grade,1.8,77.11,No
17 years old,Female,12th grade,1.6,86.18,No
17 years old,Female,12th grade,1.65,104.33,No
18 years old or older,Female,12th grade,1.7,97.98,No
18 years old or older,Male,12th grade,1.68,61.24,No
18 years old or older,Male,12th grade,1.83,83.92,No
18 years old or older,Female,12th grade,1.55,70.31,No
17 years old,Male,12th grade,1.9,77.11,No
18 years old or older,Male,12th grade,1.73,89.36,No
17 years old,Female,12th grade,1.57,113.4,No
17 years old,Female,12th grade,1.7,63.5,No
15 years old,Male,9th grade,1.7,57.61,No
14 years old,Male,9th grade,1.7,52.16,No
14 years old,Female,9th grade,1.55,49.9,No
15 years old,Female,9th grade,1.65,52.16,No
15 years old,Female,9th grade,1.6,46.72,No
15 years old,Male,9th grade,1.85,81.65,No
14 years old,Female,9th grade,1.73,68.04,No
14 years old,Male,9th grade,1.73,64.86,No
15 years old,Male,9th grade,1.8,65.77,No
14 years old,Female,9th grade,1.63,81.65,Yes
15 years old,Male,9th grade,1.73,78.47,No
14 years old,Male,9th grade,1.68,62.6,Yes
15 years old,Female,9th grade,1.55,48.08,Yes
14 years old,Female,9th grade,1.6,47.63,Yes
15 years old,Male,9th grade,1.7,61.24,Yes
15 years old,Male,10th grade,1.68,68.04,No
16 years old,Male,10th grade,1.7,86.18,No
15 years old,Female,10th grade,1.63,96.62,No
16 years old,Female,10th grade,1.65,52.16,Yes
16 years old,Male,10th grade,1.78,120.2,No
16 years old,Female,10th grade,1.63,81.65,No
16 years old,Male,10th grade,1.68,63.5,No
16 years old,Female,10th grade,1.57,54.43,No
16 years old,Female,10th grade,1.57,65.77,No
16 years old,Female,10th grade,1.65,68.04,No
16 years old,Male,10th grade,1.88,127.01,No
16 years old,Female,10th grade,1.57,61.24,No
16 years old,Male,10th grade,1.7,55.79,No
16 years old,Female,10th grade,1.57,43.09,No
18 years old or older,Female,12th grade,1.57,58.51,No
17 years old,Female,12th grade,1.7,71.22,No
14 years old,Male,9th grade,1.65,45.36,No
17 years old,Female,11th grade,1.73,56.7,No
15 years old,Female,10th grade,1.57,54.43,No
17 years old,Female,12th grade,1.73,61.24,No
17 years old,Female,12th grade,1.5,63.5,No
16 years old,Male,9th grade,1.7,63.5,Yes
16 years old,Female,11th grade,1.5,44.45,No
18 years old or older,Female,12th grade,1.7,58.97,No
17 years old,Male,12th grade,1.85,117.94,No
14 years old,Male,9th grade,1.68,52.16,Yes
15 years old,Male,9th grade,1.75,63.5,No
16 years old,Female,11th grade,1.78,99.79,Yes
15 years old,Female,10th grade,1.57,61.24,Yes
17 years old,Male,12th grade,1.85,74.84,No
17 years old,Female,12th grade,1.73,104.33,Yes
15 years old,Male,9th grade,1.75,52.16,No
14 years old,Female,9th grade,1.65,68.04,No
17 years old,Female,11th grade,1.7,72.58,No
16 years old,Male,11th grade,1.88,67.59,No
17 years old,Female,11th grade,1.52,54.43,Yes
17 years old,Female,11th grade,1.68,99.79,No
16 years old,Male,11th grade,1.93,99.79,Yes
17 years old,Male,11th grade,1.93,97.52,Yes
15 years old,Female,10th grade,1.63,53.52,Yes
15 years old,Female,10th grade,1.6,72.58,No
18 years old or older,Female,12th grade,1.52,63.5,No
17 years old,Male,12th grade,1.75,68.04,Yes
16 years old,Male,11th grade,1.8,61.24,Yes
15 years old,Female,10th grade,1.63,65.77,No
17 years old,Male,12th grade,1.78,74.84,No
16 years old,Female,11th grade,1.6,67.13,No
15 years old,Male,10th grade,1.78,60.78,No
16 years old,Male,11th grade,1.7,54.89,Yes
17 years old,Female,12th grade,1.63,58.97,No
17 years old,Female,12th grade,1.55,70.31,No
14 years old,Male,9th grade,1.68,63.5,No
16 years old,Male,10th grade,1.8,61.24,No
15 years old,Male,10th grade,1.73,72.58,No
17 years old,Female,12th grade,1.6,56.25,No
18 years old or older,Female,12th grade,1.75,68.04,Yes
17 years old,Female,11th grade,1.57,58.97,Yes
17 years old,Female,12th grade,1.6,83.92,Yes
17 years old,Female,12th grade,1.65,64.41,Yes
14 years old,Male,9th grade,1.8,61.24,No
18 years old or older,Female,12th grade,1.63,52.16,No
17 years old,Female,12th grade,1.57,47.63,Yes
15 years old,Female,9th grade,1.6,54.43,Yes
17 years old,Female,11th grade,1.65,102.97,No
17 years old,Female,12th grade,1.63,97.07,No
17 years old,Female,12th grade,1.68,68.04,No
15 years old,Female,9th grade,1.6,57.15,No
17 years old,Female,11th grade,1.63,95.26,No
16 years old,Male,11th grade,1.8,74.84,No
16 years old,Male,12th grade,1.73,52.16,No
17 years old,Female,12th grade,1.45,59.88,No
14 years old,Female,9th grade,1.73,53.52,Yes
17 years old,Female,11th grade,1.68,63.5,No
17 years old,Female,12th grade,1.65,48.54,No
18 years old or older,Female,12th grade,1.65,56.7,No
14 years old,Male,9th grade,1.75,56.7,No
15 years old,Female,9th grade,1.63,63.5,No
16 years old,Female,11th grade,1.57,61.24,No
17 years old,Male,12th grade,1.78,92.99,No
16 years old,Male,11th grade,1.75,83.92,No
16 years old,Male,10th grade,1.83,82.56,Yes
14 years old,Male,10th grade,1.7,50.8,No
18 years old or older,Male,12th grade,1.83,94.35,No
16 years old,Male,11th grade,1.85,105.24,No
15 years old,Female,10th grade,1.5,77.11,Yes
18 years old or older,Male,12th grade,1.9,88.45,No
17 years old,Female,12th grade,1.6,56.7,No
15 years old,Female,9th grade,1.68,44.45,No
17 years old,Female,11th grade,1.68,77.11,Yes
16 years old,Male,11th grade,1.83,72.58,Yes
16 years old,Female,11th grade,1.7,63.5,No
17 years old,Male,12th grade,1.73,90.72,No
17 years old,Male,12th grade,1.75,79.38,No
15 years old,Male,9th grade,1.7,104.33,No
16 years old,Male,11th grade,1.9,90.72,No
16 years old,Male,10th grade,1.73,90.72,Yes
18 years old or older,Female,12th grade,1.6,76.2,Yes
17 years old,Male,12th grade,1.73,63.96,No
15 years old,Female,9th grade,1.57,68.95,Yes
14 years old,Female,9th grade,1.6,42.64,No
15 years old,Female,10th grade,1.6,46.27,No
16 years old,Female,10th grade,1.55,52.16,Yes
17 years old,Male,12th grade,1.73,58.97,No
16 years old,Female,11th grade,1.57,79.38,No
16 years old,Male,10th grade,1.83,127.01,No
16 years old,Female,10th grade,1.73,93.9,No
17 years old,Male,12th grade,1.85,83.92,No
17 years old,Female,12th grade,1.52,44.45,Yes
14 years old,Female,9th grade,1.6,71.22,No
18 years old or older,Male,12th grade,1.73,70.31,No
16 years old,Female,11th grade,1.5,48.99,No
14 years old,Female,9th grade,1.57,52.16,No
16 years old,Male,11th grade,1.78,54.43,No
15 years old,Female,10th grade,1.57,52.16,No
16 years old,Male,10th grade,1.78,72.58,Yes
17 years old,Male,12th grade,1.75,65.77,No
18 years old or older,Male,12th grade,1.78,72.58,No
15 years old,Female,9th grade,1.55,65.77,No
14 years old,Female,9th grade,1.6,58.06,No
16 years old,Male,11th grade,1.75,86.18,Yes
18 years old or older,Male,12th grade,1.8,70.31,No
15 years old,Male,9th grade,1.68,61.24,Yes
16 years old,Male,11th grade,1.83,70.31,No
14 years old,Female,9th grade,1.65,63.5,Yes
17 years old,Female,11th grade,1.68,65.77,Yes
17 years old,Female,11th grade,1.55,52.16,No
16 years old,Female,11th grade,1.6,72.58,No
16 years old,Male,10th grade,1.8,72.58,No
16 years old,Male,11th grade,1.78,62.6,No
14 years old,Female,9th grade,1.63,70.31,No
15 years old,Male,10th grade,1.63,58.97,No
16 years old,Male,11th grade,1.83,60.78,No
16 years old,Male,11th grade,1.78,72.58,No
16 years old,Female,11th grade,1.75,79.38,No
14 years old,Male,9th grade,1.68,58.06,No
15 years old,Female,10th grade,1.63,50.35,Yes
17 years old,Female,11th grade,1.75,72.58,Yes
17 years old,Male,11th grade,1.75,68.04,Yes
15 years old,Female,9th grade,1.63,52.16,No
16 years old,Female,11th grade,1.63,49.9,No
17 years old,Female,11th grade,1.52,53.07,No
15 years old,Female,10th grade,1.5,47.17,Yes
16 years old,Female,11th grade,1.5,55.79,No
14 years old,Male,9th grade,1.9,97.52,No
16 years old,Female,10th grade,1.5,48.54,No
16 years old,Female,11th grade,1.6,90.72,No
16 years old,Female,10th grade,1.57,55.79,Yes
17 years old,Male,11th grade,1.85,58.97,No
16 years old,Male,11th grade,1.88,66.23,No
16 years old,Female,11th grade,1.7,81.65,No
16 years old,Female,11th grade,1.7,51.71,No
15 years old,Male,10th grade,1.8,80.74,No
17 years old,Male,11th grade,1.75,71.67,No
17 years old,Male,11th grade,1.75,83.46,No
14 years old,Male,9th grade,1.83,54.43,No
16 years old,Male,10th grade,1.75,65.77,No
16 years old,Female,11th grade,1.7,63.5,No
16 years old,Female,11th grade,1.65,74.84,No
14 years old,Male,9th grade,1.73,54.43,No
15 years old,Female,10th grade,1.65,81.65,Yes
16 years old,Male,11th grade,1.68,66.68,No
14 years old,Male,9th grade,1.68,52.16,No
16 years old,Female,11th grade,1.63,49.9,No
16 years old,Female,11th grade,1.65,43.09,Yes
14 years old,Male,9th grade,1.73,65.77,No
15 years old,Female,10th grade,1.63,52.16,Yes
17 years old,Male,11th grade,1.78,127.01,No
16 years old,Male,11th grade,1.7,58.97,Yes
15 years old,Male,10th grade,1.65,58.97,No
16 years old,Male,11th grade,1.9,117.94,Yes
16 years old,Male,10th grade,1.8,65.77,No
16 years old,Female,11th grade,1.7,63.5,Yes
16 years old,Female,11th grade,1.65,65.77,No
15 years old,Female,9th grade,1.63,68.95,No
15 years old,Male,10th grade,1.8,90.72,No
17 years old,Male,11th grade,1.83,113.4,No
16 years old,Male,11th grade,1.78,63.5,No
16 years old,Female,11th grade,1.6,79.83,No
14 years old,Female,9th grade,1.68,58.97,No
16 years old,Male,11th grade,1.78,78.93,No
16 years old,Male,11th grade,1.98,90.72,No
15 years old,Male,10th grade,1.8,90.72,No
16 years old,Female,11th grade,1.6,51.26,No
15 years old,Female,9th grade,1.63,47.63,No
15 years old,Female,10th grade,1.7,81.65,Yes
16 years old,Female,11th grade,1.73,59.42,No
16 years old,Female,11th grade,1.68,49.44,No
16 years old,Male,10th grade,1.68,56.7,No
16 years old,Female,11th grade,1.63,65.77,Yes
16 years old,Female,10th grade,1.68,54.43,No
16 years old,Female,11th grade,1.65,72.58,No
15 years old,Male,9th grade,1.68,58.97,No
16 years old,Female,11th grade,1.68,70.31,Yes
15 years old,Female,10th grade,1.63,68.04,No
16 years old,Male,11th grade,1.8,74.84,Yes
16 years old,Female,11th grade,1.63,63.5,No
15 years old,Male,10th grade,1.88,106.6,Yes
17 years old,Male,11th grade,1.83,90.72,No
17 years old,Female,11th grade,1.68,57.61,Yes
15 years old,Female,10th grade,1.75,72.58,No
16 years old,Male,11th grade,1.75,83.01,No
17 years old,Female,11th grade,1.5,90.27,No
15 years old,Female,10th grade,1.6,84.37,Yes
16 years old,Female,11th grade,1.73,53.07,No
15 years old,Female,9th grade,1.63,52.16,Yes
15 years old,Male,10th grade,1.8,91.17,Yes
16 years old,Male,11th grade,1.83,63.5,No
17 years old,Male,11th grade,1.78,78.02,No
15 years old,Male,10th grade,1.68,99.79,No
16 years old,Female,11th grade,1.6,49.9,No
15 years old,Female,9th grade,1.5,43.09,No
17 years old,Male,11th grade,1.75,73.94,Yes
16 years old,Female,11th grade,1.57,48.08,Yes
16 years old,Male,10th grade,1.73,73.03,No
16 years old,Male,11th grade,1.88,72.58,No
16 years old,Female,10th grade,1.55,54.89,No
16 years old,Female,11th grade,1.52,74.84,No
15 years old,Male,9th grade,1.73,61.24,No
16 years old,Male,10th grade,1.78,63.5,No
16 years old,Female,11th grade,1.52,90.72,Yes
15 years old,Male,10th grade,1.63,52.16,No
17 years old,Male,11th grade,1.75,90.72,No
16 years old,Female,10th grade,1.6,51.71,Yes
16 years old,Female,11th grade,1.57,47.63,No
15 years old,Female,10th grade,1.63,81.65,Yes
17 years old,Male,11th grade,1.88,72.58,Yes
15 years old,Female,9th grade,1.47,54.43,Yes
15 years old,Male,10th grade,1.75,54.43,No
17 years old,Male,11th grade,1.85,77.11,No
16 years old,Male,10th grade,1.88,102.06,No
16 years old,Female,11th grade,1.68,65.32,Yes
15 years old,Female,9th grade,1.63,61.24,Yes
15 years old,Female,10th grade,1.65,58.97,No
16 years old,Female,11th grade,1.63,56.7,No
15 years old,Male,10th grade,1.6,55.34,No
16 years old,Male,11th grade,1.73,70.31,No
15 years old,Male,10th grade,1.9,97.52,No
15 years old,Male,10th grade,1.73,61.69,No
16 years old,Male,11th grade,1.93,83.92,No
15 years old,Male,10th grade,1.7,104.33,No
17 years old,Male,11th grade,1.83,77.11,No
17 years old,Female,12th grade,1.63,63.5,No
18 years old or older,Female,12th grade,1.6,55.79,No
17 years old,Female,12th grade,1.57,54.43,No
18 years old or older,Female,12th grade,1.63,102.06,No
17 years old,Male,12th grade,1.75,68.04,No
18 years old or older,Male,12th grade,1.78,77.11,No
17 years old,Female,12th grade,1.6,58.97,No
18 years old or older,Male,12th grade,1.78,62.14,No
17 years old,Female,12th grade,1.63,70.76,No
18 years old or older,Male,12th grade,1.88,81.65,No
17 years old,Male,12th grade,1.65,72.58,No
18 years old or older,Male,12th grade,1.73,92.99,No
18 years old or older,Male,12th grade,1.85,97.52,No
18 years old or older,Female,12th grade,1.65,68.04,Yes
18 years old or older,Male,12th grade,1.88,83.92,No
16 years old,Female,12th grade,1.57,49.44,No
17 years old,Male,12th grade,1.8,88.45,No
17 years old,Male,12th grade,1.73,77.11,No
17 years old,Male,12th grade,1.88,75.75,No
18 years old or older,Female,12th grade,1.63,63.5,No
17 years old,Female,12th grade,1.63,74.84,No
18 years old or older,Male,12th grade,1.85,86.18,No
18 years old or older,Male,12th grade,1.8,97.52,No
18 years old or older,Male,12th grade,1.83,85.28,No
17 years old,Male,12th grade,1.83,115.67,No
17 years old,Female,12th grade,1.63,63.5,No
17 years old,Female,12th grade,1.65,58.97,Yes
17 years old,Female,12th grade,1.6,48.54,No
17 years old,Male,12th grade,1.6,65.77,No
18 years old or older,Male,12th grade,1.75,62.6,No
17 years old,Female,12th grade,1.68,61.24,No
17 years old,Female,12th grade,1.55,69.85,No
17 years old,Male,12th grade,1.83,88.45,Yes
17 years old,Female,12th grade,1.7,63.5,Yes
17 years old,Female,12th grade,1.6,58.97,No
17 years old,Male,12th grade,1.78,92.99,No
17 years old,Female,12th grade,1.57,66.68,Yes
17 years old,Male,12th grade,1.73,62.6,No
18 years old or older,Male,12th grade,1.8,111.13,No
17 years old,Female,12th grade,1.63,57.61,No
15 years old,Male,9th grade,1.83,61.69,No
15 years old,Male,9th grade,1.78,103.87,No
16 years old,Male,11th grade,1.7,53.52,No
17 years old,Female,11th grade,1.68,92.99,Yes
17 years old,Male,12th grade,1.83,83.92,No
14 years old,Female,9th grade,1.7,52.16,No
14 years old,Male,9th grade,1.73,65.77,No
16 years old,Female,11th grade,1.57,56.7,No
17 years old,Male,12th grade,1.7,65.32,No
14 years old,Female,9th grade,1.65,57.15,Yes
16 years old,Female,11th grade,1.65,63.5,No
15 years old,Male,9th grade,1.8,77.11,Yes
17 years old,Female,11th grade,1.55,53.07,No
17 years old,Male,11th grade,1.8,90.72,No
18 years old or older,Female,12th grade,1.73,56.7,No
16 years old,Female,11th grade,1.57,49.9,No
17 years old,Male,12th grade,1.83,68.04,Yes
15 years old,Male,9th grade,1.88,68.04,Yes
15 years old,Female,9th grade,1.55,54.43,No
15 years old,Male,9th grade,1.75,79.38,No
17 years old,Female,11th grade,1.57,48.54,Yes
15 years old,Male,9th grade,1.73,63.05,No
15 years old,Male,9th grade,1.57,49.9,No
18 years old or older,Male,12th grade,1.78,68.04,No
16 years old,Male,11th grade,1.78,90.72,No
15 years old,Male,9th grade,1.8,81.65,Yes
15 years old,Male,9th grade,1.65,60.78,Yes
16 years old,Female,11th grade,1.65,56.7,No
17 years old,Male,12th grade,1.85,73.94,No
18 years old or older,Male,12th grade,1.73,70.31,No
17 years old,Female,12th grade,1.68,70.31,No
15 years old,Female,10th grade,1.7,52.16,No
14 years old,Male,9th grade,1.78,54.43,Yes
16 years old,Male,11th grade,1.83,68.04,No
15 years old,Female,9th grade,1.57,44,No
17 years old,Male,11th grade,1.85,77.11,No
17 years old,Male,12th grade,1.73,74.84,No
15 years old,Female,10th grade,1.32,58.51,No
15 years old,Female,9th grade,1.7,58.97,Yes
16 years old,Male,11th grade,1.78,65.77,No
17 years old,Male,12th grade,1.55,78.02,No
15 years old,Female,9th grade,1.73,90.27,No
17 years old,Female,11th grade,1.78,116.12,No
18 years old or older,Male,12th grade,1.65,76.2,No
14 years old,Male,9th grade,1.78,54.43,Yes
17 years old,Male,11th grade,1.88,95.71,No
18 years old or older,Female,12th grade,1.65,58.97,Yes
15 years old,Female,10th grade,1.52,53.98,No
14 years old,Female,9th grade,1.6,47.63,Yes
17 years old,Male,11th grade,1.8,58.97,Yes
17 years old,Male,12th grade,1.65,68.04,No
16 years old,Female,10th grade,1.55,48.08,No
14 years old,Female,9th grade,1.68,49.9,Yes
16 years old,Female,11th grade,1.73,61.24,No
16 years old,Female,10th grade,1.7,52.16,No
16 years old,Male,11th grade,1.73,54.43,Yes
17 years old,Male,12th grade,1.88,72.58,No
16 years old,Male,10th grade,1.68,68.04,Yes
14 years old,Male,9th grade,1.7,79.38,No
16 years old,Male,11th grade,1.68,60.78,No
17 years old,Male,11th grade,1.78,94.8,Yes
17 years old,Male,12th grade,1.73,77.11,No
15 years old,Male,10th grade,1.73,89.81,No
15 years old,Male,9th grade,1.83,99.79,No
17 years old,Female,12th grade,1.7,108.86,Yes
16 years old,Male,10th grade,1.75,63.5,No
14 years old,Male,9th grade,1.7,68.04,No
17 years old,Female,12th grade,1.55,51.26,No
15 years old,Male,10th grade,1.73,61.24,No
14 years old,Male,9th grade,1.7,56.7,Yes
17 years old,Female,12th grade,1.63,63.5,No
14 years old,Male,9th grade,1.5,39.01,Yes
17 years old,Male,12th grade,1.68,60.78,No
15 years old,Male,10th grade,1.55,61.69,No
16 years old,Female,11th grade,1.57,63.5,Yes
17 years old,Male,12th grade,1.6,49.9,No
15 years old,Female,10th grade,1.7,68.04,No
14 years old,Female,9th grade,1.52,43.09,No
16 years old,Female,11th grade,1.6,70.31,Yes
18 years old or older,Male,12th grade,1.78,79.38,No
14 years old,Male,9th grade,1.7,63.5,No
18 years old or older,Male,12th grade,1.9,83.92,No
15 years old,Male,10th grade,1.68,54.43,No
14 years old,Male,9th grade,1.75,55.34,No
14 years old,Female,9th grade,1.6,56.7,No
18 years old or older,Female,12th grade,1.65,81.65,No
16 years old,Female,10th grade,1.5,48.08,No
15 years old,Female,9th grade,1.63,64.86,No
18 years old or older,Male,12th grade,1.93,102.06,No
16 years old,Male,10th grade,1.68,141.52,No
15 years old,Female,9th grade,1.7,54.43,Yes
17 years old,Male,12th grade,1.83,69.85,No
16 years old,Female,10th grade,1.6,68.04,No
14 years old,Male,9th grade,1.75,72.58,No
15 years old,Male,10th grade,1.65,55.79,No
14 years old,Male,9th grade,1.8,80.74,No
14 years old,Male,9th grade,1.65,58.97,Yes
18 years old or older,Male,12th grade,1.75,76.66,No
15 years old,Male,10th grade,1.8,104.33,No
15 years old,Male,9th grade,1.65,57.15,No
18 years old or older,Female,12th grade,1.5,66.23,Yes
14 years old,Male,9th grade,1.78,85.28,No
16 years old,Male,11th grade,1.68,77.57,No
15 years old,Female,10th grade,1.65,113.4,Yes
14 years old,Male,9th grade,1.68,52.16,No
17 years old,Female,12th grade,1.78,61.24,No
14 years old,Female,9th grade,1.7,68.04,No
17 years old,Male,11th grade,1.73,79.38,No
17 years old,Male,12th grade,1.7,94.35,No
16 years old,Male,11th grade,1.75,102.06,Yes
17 years old,Male,12th grade,1.78,58.97,No
18 years old or older,Male,12th grade,1.65,81.65,No
16 years old,Male,11th grade,1.73,136.08,No
16 years old,Female,11th grade,1.52,47.17,No
16 years old,Female,11th grade,1.55,52.16,No
17 years old,Male,12th grade,1.75,84.37,No
18 years old or older,Male,12th grade,1.73,49.9,No
16 years old,Male,11th grade,1.7,65.77,No
17 years old,Female,12th grade,1.57,46.27,Yes
17 years old,Male,12th grade,1.78,79.38,No
17 years old,Male,12th grade,1.75,63.5,No
16 years old,Male,11th grade,1.73,58.97,No
17 years old,Female,12th grade,1.65,83.92,No
17 years old,Female,11th grade,1.55,55.79,No
17 years old,Female,12th grade,1.52,44.91,No
16 years old,Male,11th grade,1.8,54.43,No
16 years old,Male,11th grade,1.78,77.11,No
16 years old,Female,11th grade,1.65,71.22,Yes
16 years old,Male,11th grade,1.65,49.9,No
16 years old,Male,11th grade,1.78,83.92,No
16 years old,Male,11th grade,1.73,74.84,No
17 years old,Male,12th grade,1.68,83.01,No
18 years old or older,Female,12th grade,1.57,54.43,No
17 years old,Female,11th grade,1.6,58.97,Yes
17 years old,Female,12th grade,1.57,58.97,No
16 years old,Male,11th grade,1.75,65.77,No
16 years old,Male,11th grade,1.8,81.65,No
16 years old,Female,11th grade,1.6,55.79,No
17 years old,Male,12th grade,1.73,68.04,No
18 years old or older,Female,12th grade,1.52,45.36,No
17 years old,Male,12th grade,1.73,111.13,No
18 years old or older,Male,12th grade,1.68,90.72,No
16 years old,Male,11th grade,1.75,59.42,No
17 years old,Male,11th grade,1.78,52.16,No
16 years old,Male,11th grade,1.78,76.66,No
17 years old,Female,12th grade,1.73,63.5,No
17 years old,Female,12th grade,1.55,100.7,No
18 years old or older,Male,12th grade,1.7,62.6,No
15 years old,Male,9th grade,1.73,70.31,No
16 years old,Female,10th grade,1.55,56.7,No
16 years old,Female,11th grade,1.7,90.72,No
17 years old,Female,12th grade,1.57,45.36,No
15 years old,Male,9th grade,1.68,58.97,No
15 years old,Female,10th grade,1.5,43.09,No
16 years old,Male,11th grade,1.78,81.65,No
17 years old,Male,12th grade,1.8,61.24,No
14 years old,Male,9th grade,1.8,78.02,No
16 years old,Male,10th grade,1.8,63.5,No
16 years old,Male,11th grade,1.7,84.82,No
17 years old,Female,12th grade,1.6,56.7,No
14 years old,Male,9th grade,1.78,56.7,No
15 years old,Male,10th grade,1.83,122.47,No
16 years old,Female,11th grade,1.75,56.7,No
18 years old or older,Male,12th grade,1.88,84.82,Yes
15 years old,Female,9th grade,1.65,54.43,No
17 years old,Female,11th grade,1.57,63.5,No
14 years old,Male,9th grade,1.65,65.77,No
15 years old,Female,10th grade,1.63,90.72,No
17 years old,Female,12th grade,1.52,63.5,No
15 years old,Female,10th grade,1.63,69.4,No
17 years old,Male,11th grade,1.68,54.43,No
14 years old,Female,9th grade,1.7,65.77,No
15 years old,Male,10th grade,1.7,71.67,No
16 years old,Male,11th grade,1.73,103.87,No
17 years old,Female,12th grade,1.47,55.34,No
14 years old,Female,9th grade,1.57,77.11,No
15 years old,Male,10th grade,1.83,104.33,No
17 years old,Female,12th grade,1.55,47.63,No
14 years old,Female,9th grade,1.57,87.09,No
16 years old,Female,10th grade,1.5,49.9,No
14 years old,Male,9th grade,1.68,98.88,No
16 years old,Female,10th grade,1.63,61.24,No
16 years old,Female,11th grade,1.52,61.24,Yes
17 years old,Male,12th grade,1.73,72.58,No
14 years old,Male,9th grade,1.6,70.31,No
15 years old,Female,10th grade,1.65,58.97,Yes
16 years old,Female,11th grade,1.68,90.72,No
17 years old,Female,12th grade,1.65,58.97,No
16 years old,Male,11th grade,1.68,52.16,No
17 years old,Male,12th grade,1.7,54.43,No
15 years old,Male,9th grade,1.73,79.38,No
15 years old,Male,10th grade,1.83,68.04,No
17 years old,Male,12th grade,1.63,72.58,No
16 years old,Male,11th grade,1.73,113.4,No
18 years old or older,Female,12th grade,1.57,48.99,No
15 years old,Female,9th grade,1.52,46.27,No
15 years old,Male,10th grade,1.68,58.97,No
16 years old,Female,11th grade,1.6,56.7,No
17 years old,Male,12th grade,1.83,72.58,No
14 years old,Male,9th grade,1.7,72.58,No
15 years old,Female,10th grade,1.57,54.43,No
16 years old,Female,11th grade,1.55,79.38,No
17 years old,Male,12th grade,1.65,81.65,No
14 years old,Male,9th grade,1.73,95.26,Yes
15 years old,Female,10th grade,1.57,52.16,No
16 years old,Female,11th grade,1.6,59.88,No
17 years old,Male,12th grade,1.8,73.48,No
15 years old,Male,9th grade,1.83,96.16,No
17 years old,Male,12th grade,1.68,54.43,No
15 years old,Male,10th grade,1.8,84.82,No
14 years old,Female,9th grade,1.65,49.9,No
16 years old,Male,10th grade,1.75,81.65,No
16 years old,Female,11th grade,1.6,68.04,No
15 years old,Female,9th grade,1.6,56.7,No
17 years old,Male,12th grade,1.78,74.84,No
14 years old,Male,9th grade,1.6,46.27,No
15 years old,Female,10th grade,1.5,44.45,No
16 years old,Female,11th grade,1.63,58.51,No
17 years old,Female,12th grade,1.55,37.2,No
15 years old,Male,10th grade,1.83,71.67,No
16 years old,Female,11th grade,1.6,56.25,No
17 years old,Male,12th grade,1.75,136.08,No
15 years old,Male,9th grade,1.73,75.75,No
16 years old,Male,10th grade,1.65,58.97,No
16 years old,Male,11th grade,1.68,108.86,No
17 years old,Male,12th grade,1.83,136.08,No
16 years old,Female,11th grade,1.68,61.24,No
17 years old,Male,12th grade,1.78,62.6,No
15 years old,Female,9th grade,1.6,56.7,No
15 years old,Male,10th grade,1.78,68.04,No
18 years old or older,Female,12th grade,1.52,44.45,No
14 years old,Male,9th grade,1.78,58.97,No
15 years old,Male,10th grade,1.8,81.65,No
17 years old,Female,11th grade,1.5,80.29,No
18 years old or older,Female,12th grade,1.57,52.16,No
14 years old,Female,9th grade,1.65,72.58,No
16 years old,Male,10th grade,1.75,72.58,No
16 years old,Male,11th grade,1.8,102.06,No
17 years old,Male,12th grade,1.7,65.77,No
14 years old,Male,9th grade,1.73,88.45,No
15 years old,Female,10th grade,1.52,51.71,No
16 years old,Female,11th grade,1.5,72.58,No
18 years old or older,Male,12th grade,1.63,49.9,No
15 years old,Female,10th grade,1.5,45.36,No
15 years old,Female,9th grade,1.68,67.59,No
18 years old or older,Female,12th grade,1.68,72.58,No
14 years old,Male,9th grade,1.73,61.24,No
17 years old,Female,11th grade,1.57,56.7,Yes
15 years old,Female,10th grade,1.63,62.6,No
14 years old,Female,9th grade,1.57,58.51,No
14 years old,Male,9th grade,1.73,55.79,Yes
15 years old,Female,10th grade,1.63,54.89,Yes
17 years old,Male,12th grade,1.78,95.26,No
17 years old,Female,12th grade,1.73,51.26,No
14 years old,Female,9th grade,1.52,63.5,No
15 years old,Female,10th grade,1.6,51.26,Yes
15 years old,Female,9th grade,1.63,44.45,No
15 years old,Male,9th grade,1.9,106.6,No
15 years old,Male,10th grade,1.78,58.97,No
17 years old,Male,12th grade,1.75,92.99,Yes
17 years old,Female,12th grade,1.63,56.7,No
14 years old,Male,9th grade,1.8,62.6,No
16 years old,Male,11th grade,1.78,85.73,Yes
15 years old,Male,10th grade,1.68,45.36,No
15 years old,Male,9th grade,1.8,95.26,No
15 years old,Female,9th grade,1.55,48.99,No
16 years old,Male,10th grade,1.78,58.97,No
18 years old or older,Male,12th grade,1.78,61.24,No
13 years old,Male,9th grade,1.68,79.38,No
16 years old,Female,11th grade,1.52,81.65,No
15 years old,Male,10th grade,1.73,127.01,Yes
15 years old,Male,9th grade,1.68,52.16,No
16 years old,Female,10th grade,1.57,58.97,Yes
17 years old,Female,12th grade,1.63,54.43,No
17 years old,Female,12th grade,1.68,63.5,No
14 years old,Male,9th grade,1.78,108.86,No
16 years old,Male,10th grade,1.8,69.4,No
15 years old,Female,9th grade,1.73,106.6,Yes
16 years old,Male,10th grade,1.7,54.43,No
17 years old,Female,12th grade,1.8,56.7,No
17 years old,Female,12th grade,1.68,49.9,No
16 years old,Female,10th grade,1.68,47.63,Yes
14 years old,Female,9th grade,1.6,75.75,No
15 years old,Male,9th grade,1.83,72.58,No
15 years old,Male,10th grade,1.73,63.5,No
17 years old,Male,12th grade,1.68,79.38,No
17 years old,Female,12th grade,1.7,61.24,No
15 years old,Male,9th grade,1.88,63.5,Yes
16 years old,Female,11th grade,1.63,54.43,No
16 years old,Male,10th grade,1.78,65.32,Yes
14 years old,Male,9th grade,1.68,63.5,No
15 years old,Female,9th grade,1.55,43.09,No
16 years old,Female,10th grade,1.68,72.58,No
17 years old,Female,12th grade,1.57,89.81,No
17 years old,Male,12th grade,1.8,81.19,No
15 years old,Male,9th grade,1.6,81.65,No
16 years old,Female,11th grade,1.65,78.02,No
16 years old,Male,10th grade,1.85,87.54,No
15 years old,Female,10th grade,1.6,49.44,No
17 years old,Male,12th grade,1.88,67.13,No
17 years old,Male,12th grade,1.85,65.77,No
15 years old,Male,9th grade,1.7,72.58,No
16 years old,Male,11th grade,1.83,63.5,No
15 years old,Male,10th grade,1.68,58.97,No
18 years old or older,Male,12th grade,1.8,70.31,Yes
17 years old,Female,12th grade,1.55,38.56,Yes
14 years old,Female,9th grade,1.6,63.5,No
17 years old,Female,11th grade,1.65,102.06,No
15 years old,Male,10th grade,1.63,81.65,No
15 years old,Male,10th grade,1.73,66.23,No
17 years old,Male,12th grade,1.8,61.24,No
18 years old or older,Female,12th grade,1.68,54.43,No
17 years old,Male,12th grade,1.78,74.84,No
15 years old,Male,9th grade,1.73,49.9,Yes
15 years old,Male,10th grade,1.73,97.07,No
18 years old or older,Male,12th grade,1.78,74.84,No
15 years old,Male,9th grade,1.85,70.76,No
17 years old,Female,12th grade,1.57,49.9,No
15 years old,Female,10th grade,1.57,74.84,No
14 years old,Male,9th grade,1.75,108.86,Yes
15 years old,Male,9th grade,1.83,74.84,Yes
15 years old,Female,10th grade,1.68,58.06,No
17 years old,Female,12th grade,1.7,52.16,No
18 years old or older,Female,12th grade,1.65,52.16,No
15 years old,Male,9th grade,1.8,65.77,No
16 years old,Female,11th grade,1.63,66.68,No
15 years old,Male,10th grade,1.75,61.24,No
14 years old,Male,9th grade,1.7,66.23,No
15 years old,Female,9th grade,1.65,58.97,No
17 years old,Male,12th grade,1.73,63.5,Yes
17 years old,Male,12th grade,1.7,54.43,No
17 years old,Female,11th grade,1.68,61.24,Yes
15 years old,Male,9th grade,1.7,52.16,No
14 years old,Male,9th grade,1.7,66.23,No
16 years old,Male,10th grade,1.65,49.9,No
17 years old,Male,12th grade,1.8,74.84,No
16 years old,Female,12th grade,1.73,61.24,Yes
16 years old,Female,11th grade,1.65,63.5,No
15 years old,Male,11th grade,1.68,64.41,Yes
14 years old,Male,9th grade,1.78,72.58,No
16 years old,Female,12th grade,1.57,52.62,No
17 years old,Female,12th grade,1.52,40.82,No
15 years old,Female,9th grade,1.55,53.52,No
17 years old,Male,11th grade,1.73,64.41,Yes
15 years old,Male,10th grade,1.83,64.41,No
14 years old,Male,9th grade,1.88,63.5,No
16 years old,Male,10th grade,1.73,68.04,No
17 years old,Male,12th grade,1.93,72.58,No
17 years old,Female,12th grade,1.6,49.9,No
16 years old,Male,9th grade,1.75,102.06,No
16 years old,Female,11th grade,1.65,52.16,Yes
15 years old,Male,9th grade,1.8,76.66,No
15 years old,Female,9th grade,1.78,70.31,No
15 years old,Male,10th grade,1.63,52.16,No
17 years old,Female,12th grade,1.73,52.16,No
17 years old,Female,12th grade,1.57,77.11,No
15 years old,Female,9th grade,1.6,40.82,No
16 years old,Male,11th grade,1.88,70.31,No
15 years old,Female,9th grade,1.57,40.37,No
14 years old,Male,9th grade,1.75,63.96,No
16 years old,Male,10th grade,1.73,68.04,No
17 years old,Male,12th grade,1.65,63.5,No
17 years old,Male,12th grade,1.57,51.71,No
14 years old,Female,9th grade,1.68,54.43,No
16 years old,Male,10th grade,1.65,49.9,No
15 years old,Male,9th grade,1.73,61.24,No
15 years old,Female,9th grade,1.63,52.16,No
15 years old,Male,10th grade,1.63,45.81,Yes
17 years old,Female,12th grade,1.68,49.9,No
17 years old,Female,12th grade,1.55,54.89,No
14 years old,Female,9th grade,1.6,48.99,No
16 years old,Female,11th grade,1.6,52.16,No
15 years old,Male,10th grade,1.88,71.67,No
14 years old,Male,9th grade,1.68,56.7,Yes
15 years old,Female,10th grade,1.55,51.71,Yes
17 years old,Female,12th grade,1.73,58.06,No
18 years old or older,Male,12th grade,1.75,52.16,No
14 years old,Male,9th grade,1.7,94.35,No
17 years old,Male,11th grade,1.7,72.58,No
15 years old,Male,10th grade,1.85,74.84,Yes
15 years old,Female,9th grade,1.57,54.43,No
14 years old,Male,9th grade,1.63,43.09,No
15 years old,Male,10th grade,1.7,70.31,Yes
18 years old or older,Female,12th grade,1.6,49.9,No
17 years old,Female,12th grade,1.7,67.59,No
16 years old,Female,11th grade,1.73,49.9,Yes
16 years old,Male,10th grade,1.83,72.58,No
14 years old,Female,9th grade,1.65,54.43,No
14 years old,Male,9th grade,1.68,67.59,Yes
17 years old,Female,12th grade,1.57,47.63,Yes
17 years old,Male,12th grade,1.8,74.84,No
14 years old,Female,9th grade,1.68,65.77,No
16 years old,Female,11th grade,1.65,45.36,No
15 years old,Female,10th grade,1.73,54.43,No
15 years old,Female,9th grade,1.5,95.26,No
15 years old,Male,10th grade,1.88,94.8,Yes
15 years old,Male,9th grade,1.73,54.89,No
15 years old,Female,9th grade,1.52,63.5,Yes
17 years old,Male,12th grade,1.7,62.6,No
18 years old or older,Female,12th grade,1.65,53.07,No
15 years old,Female,9th grade,1.57,47.63,Yes
15 years old,Male,9th grade,1.73,60.78,No
14 years old,Male,9th grade,1.85,108.86,Yes
15 years old,Male,9th grade,1.78,83.92,No
14 years old,Female,9th grade,1.6,71.67,No
14 years old,Female,9th grade,1.5,45.81,Yes
14 years old,Male,9th grade,1.8,77.57,No
14 years old,Female,9th grade,1.63,52.16,No
17 years old,Female,12th grade,1.63,90.72,Yes
17 years old,Male,11th grade,1.8,108.86,No
14 years old,Male,9th grade,1.6,36.29,No
17 years old,Female,12th grade,1.65,51.26,No
17 years old,Male,11th grade,1.75,67.13,No
14 years old,Female,9th grade,1.57,52.16,No
17 years old,Male,12th grade,1.85,61.69,No
16 years old,Female,11th grade,1.52,52.16,No
15 years old,Male,9th grade,1.68,57.15,Yes
17 years old,Female,12th grade,1.7,56.7,No
14 years old,Female,9th grade,1.6,58.97,No
14 years old,Female,9th grade,1.55,61.69,No
17 years old,Female,12th grade,1.63,62.6,No
15 years old,Male,9th grade,1.78,79.38,No
17 years old,Male,12th grade,1.83,70.31,No
16 years old,Female,11th grade,1.57,55.34,No
15 years old,Male,9th grade,1.75,61.24,Yes
15 years old,Male,9th grade,1.78,86.18,No
13 years old,Male,9th grade,1.83,88.45,No
17 years old,Male,12th grade,1.65,52.16,No
16 years old,Female,11th grade,1.57,46.27,No
15 years old,Male,9th grade,1.68,54.43,No
15 years old,Female,9th grade,1.7,45.81,No
14 years old,Female,9th grade,1.73,77.11,No
14 years old,Male,9th grade,1.65,94.35,No
18 years old or older,Male,12th grade,1.75,64.41,No
14 years old,Male,9th grade,1.7,58.97,Yes
18 years old or older,Male,12th grade,1.78,132.45,No
16 years old,Female,11th grade,1.65,58.06,No
14 years old,Male,9th grade,1.83,56.7,No
17 years old,Female,12th grade,1.65,63.5,No
16 years old,Male,11th grade,1.68,58.97,No
14 years old,Male,9th grade,1.6,75.3,Yes
18 years old or older,Female,12th grade,1.63,53.52,No
16 years old,Female,11th grade,1.5,46.27,No
14 years old,Female,9th grade,1.55,41.73,Yes
17 years old,Female,12th grade,1.6,77.11,No
16 years old,Female,11th grade,1.75,83.46,No
14 years old,Female,9th grade,1.55,43.09,No
17 years old,Female,12th grade,1.57,44,No
15 years old,Male,9th grade,1.8,85.73,No
17 years old,Male,12th grade,1.73,72.58,No
15 years old,Female,9th grade,1.5,40.82,No
16 years old,Male,10th grade,1.78,83.92,No
17 years old,Male,11th grade,1.65,77.11,No
17 years old,Male,12th grade,1.75,90.72,No
16 years old,Male,11th grade,1.83,62.14,No
14 years old,Female,9th grade,1.5,45.36,No
16 years old,Female,10th grade,1.63,58.97,No
16 years old,Female,10th grade,1.65,68.04,No
16 years old,Female,11th grade,1.68,57.61,No
18 years old or older,Female,12th grade,1.55,43.09,No
16 years old,Male,10th grade,1.65,65.77,No
15 years old,Female,10th grade,1.5,47.63,No
18 years old or older,Male,12th grade,2.03,58.97,No
16 years old,Male,11th grade,1.73,64.86,No
18 years old or older,Female,12th grade,1.52,41.28,No
17 years old,Female,11th grade,1.65,44,No
15 years old,Male,9th grade,1.75,52.16,No
15 years old,Male,10th grade,1.73,61.24,No
16 years old,Male,10th grade,1.85,66.23,No
17 years old,Male,12th grade,1.83,63.96,No
17 years old,Female,11th grade,1.5,52.16,No
17 years old,Female,12th grade,1.57,64.41,No
16 years old,Male,11th grade,1.83,64.86,No
15 years old,Male,9th grade,1.83,90.72,No
16 years old,Male,10th grade,1.7,61.24,No
16 years old,Female,10th grade,1.52,58.06,No
17 years old,Female,12th grade,1.5,52.16,No
17 years old,Female,11th grade,1.42,43.09,No
17 years old,Female,12th grade,1.6,55.79,No
16 years old,Male,11th grade,1.8,63.5,No
14 years old,Male,9th grade,1.65,45.36,No
15 years old,Male,9th grade,1.63,61.24,No
16 years old,Male,10th grade,1.8,71.67,Yes
18 years old or older,Female,12th grade,1.68,72.58,No
17 years old,Male,12th grade,1.83,70.31,No
17 years old,Female,11th grade,1.6,54.43,No
16 years old,Male,9th grade,1.9,81.65,No
16 years old,Female,10th grade,1.55,68.04,No
15 years old,Female,10th grade,1.6,49.9,No
17 years old,Female,12th grade,1.6,55.79,No
17 years old,Female,11th grade,1.42,43.09,No
17 years old,Female,12th grade,1.52,68.04,No
17 years old,Male,11th grade,1.7,52.16,No
14 years old,Male,9th grade,1.63,58.97,No
15 years old,Female,9th grade,1.52,44.45,No
16 years old,Male,10th grade,1.85,80.29,No
16 years old,Male,10th grade,1.7,79.38,No
18 years old or older,Female,12th grade,1.52,54.43,No
16 years old,Male,11th grade,1.8,68.04,No
18 years old or older,Female,12th grade,1.6,56.7,No
17 years old,Male,11th grade,1.75,74.84,No
14 years old,Female,9th grade,1.52,52.16,No
16 years old,Female,10th grade,1.6,55.79,No
16 years old,Female,11th grade,1.47,49.9,No
16 years old,Male,11th grade,1.83,74.84,No
15 years old,Male,9th grade,1.7,79.38,No
16 years old,Female,10th grade,1.6,68.04,Yes
15 years old,Female,10th grade,1.7,63.5,No
17 years old,Male,12th grade,1.88,102.06,No
16 years old,Female,11th grade,1.7,47.63,No
17 years old,Female,12th grade,1.57,47.63,No
15 years old,Male,9th grade,1.78,99.79,No
16 years old,Male,10th grade,1.68,74.84,No
18 years old or older,Male,12th grade,1.6,63.5,No
16 years old,Female,11th grade,1.7,58.51,No
17 years old,Male,12th grade,1.78,65.77,No
17 years old,Male,11th grade,1.63,45.36,No
15 years old,Male,10th grade,1.7,61.24,No
16 years old,Female,10th grade,1.7,45.36,No
16 years old,Female,11th grade,1.68,54.43,No
15 years old,Female,9th grade,1.5,48.99,No
15 years old,Female,9th grade,1.6,66.23,No
15 years old,Female,10th grade,1.52,47.17,No
16 years old,Female,10th grade,1.57,54.43,No
16 years old,Male,11th grade,1.75,61.24,No
18 years old or older,Female,12th grade,1.57,61.24,No
16 years old,Male,11th grade,1.85,83.92,No
15 years old,Male,9th grade,1.75,81.65,No
15 years old,Female,9th grade,1.5,38.56,No
15 years old,Female,10th grade,1.55,47.63,Yes
16 years old,Male,10th grade,1.68,58.06,Yes
17 years old,Female,11th grade,1.6,53.52,No
18 years old or older,Male,12th grade,1.73,63.5,Yes
16 years old,Female,11th grade,1.68,52.16,No
15 years old,Female,9th grade,1.57,58.51,No
14 years old,Female,9th grade,1.57,56.7,Yes
16 years old,Female,10th grade,1.52,79.38,Yes
15 years old,Male,10th grade,1.73,67.59,Yes
18 years old or older,Male,12th grade,1.78,67.13,No
16 years old,Female,11th grade,1.57,61.24,No
17 years old,Female,12th grade,1.63,53.52,No
16 years old,Male,11th grade,1.7,68.04,No
14 years old,Male,9th grade,1.7,59.88,No
15 years old,Male,9th grade,1.63,63.5,No
16 years old,Female,10th grade,1.6,47.63,No
16 years old,Female,10th grade,1.5,50.8,No
16 years old,Male,11th grade,1.68,61.24,Yes
15 years old,Female,10th grade,1.65,63.5,No
15 years old,Female,10th grade,1.63,49.9,No
16 years old,Female,11th grade,1.6,52.62,Yes
17 years old,Female,12th grade,1.57,63.5,No
17 years old,Female,11th grade,1.52,56.7,No
15 years old,Female,9th grade,1.55,51.71,No
15 years old,Female,10th grade,1.5,43.09,Yes
16 years old,Female,10th grade,1.65,70.31,No
18 years old or older,Female,12th grade,1.65,99.79,No
16 years old,Male,11th grade,1.7,61.24,No
18 years old or older,Male,12th grade,1.85,81.65,No
17 years old,Female,11th grade,1.7,63.5,No
14 years old,Female,9th grade,1.57,58.97,No
15 years old,Male,9th grade,1.7,59.88,No
16 years old,Male,10th grade,1.73,72.58,Yes
15 years old,Female,10th grade,1.6,63.5,No
16 years old,Male,11th grade,1.75,77.11,No
18 years old or older,Male,12th grade,1.52,43.55,No
16 years old,Female,11th grade,1.73,86.18,No
15 years old,Male,9th grade,1.73,60.78,No
15 years old,Female,9th grade,1.55,43.09,Yes
15 years old,Female,10th grade,1.52,76.2,No
16 years old,Female,10th grade,1.6,57.15,No
18 years old or older,Male,12th grade,1.83,81.65,No
18 years old or older,Female,12th grade,1.55,56.7,No
17 years old,Female,11th grade,1.6,56.7,No
15 years old,Male,9th grade,1.78,56.7,Yes
14 years old,Male,9th grade,1.8,69.85,No
16 years old,Male,10th grade,1.83,77.57,No
16 years old,Male,10th grade,1.63,51.26,No
18 years old or older,Female,12th grade,1.52,58.97,Yes
17 years old,Male,11th grade,1.7,74.84,No
18 years old or older,Male,12th grade,1.7,69.4,No
16 years old,Male,11th grade,1.68,81.65,No
15 years old,Female,10th grade,1.55,48.54,No
16 years old,Female,10th grade,1.57,53.52,No
17 years old,Male,12th grade,1.75,90.72,Yes
17 years old,Female,11th grade,1.45,46.27,No
17 years old,Female,12th grade,1.52,68.04,No
17 years old,Female,11th grade,1.45,50.35,No
17 years old,Male,10th grade,1.78,72.58,No
18 years old or older,Female,12th grade,1.57,54.43,No
16 years old,Male,11th grade,1.9,83.92,No
18 years old or older,Female,12th grade,1.6,58.51,No
16 years old,Female,11th grade,1.6,41.28,Yes
16 years old,Male,9th grade,1.68,122.47,No
16 years old,Male,10th grade,1.7,52.16,No
15 years old,Female,10th grade,1.57,61.24,No
17 years old,Female,12th grade,1.73,83.92,No
17 years old,Female,11th grade,1.63,52.16,No
16 years old,Male,10th grade,1.85,86.18,No
17 years old,Female,12th grade,1.73,72.58,No
18 years old or older,Female,12th grade,1.57,49.44,No
17 years old,Female,11th grade,1.6,56.7,No
15 years old,Male,9th grade,1.78,95.71,No
16 years old,Female,10th grade,1.47,54.43,No
16 years old,Male,10th grade,1.78,65.77,No
17 years old,Male,12th grade,1.73,62.6,No
17 years old,Male,12th grade,1.8,90.72,Yes
14 years old,Female,9th grade,1.52,75.75,No
15 years old,Female,9th grade,1.6,58.51,No
15 years old,Female,10th grade,1.5,49.9,No
16 years old,Female,10th grade,1.55,52.62,No
17 years old,Female,12th grade,1.68,57.15,No
18 years old or older,Male,12th grade,1.83,88.45,No
16 years old,Female,11th grade,1.73,58.51,No
14 years old,Female,9th grade,1.73,68.04,No
15 years old,Female,9th grade,1.57,56.7,Yes
17 years old,Female,11th grade,1.65,54.43,No
16 years old,Male,11th grade,1.68,57.15,Yes
14 years old,Female,9th grade,1.47,47.63,Yes
16 years old,Female,11th grade,1.57,61.24,No
15 years old,Male,9th grade,1.63,54.43,No
15 years old,Male,9th grade,1.73,72.58,No
14 years old,Female,9th grade,1.63,48.54,No
15 years old,Female,9th grade,1.68,56.7,No
14 years old,Female,9th grade,1.52,57.61,No
15 years old,Female,9th grade,1.5,44.45,No
14 years old,Female,9th grade,1.55,52.16,No
14 years old,Female,9th grade,1.68,72.58,No
15 years old,Female,9th grade,1.68,68.04,No
15 years old,Male,9th grade,1.78,54.43,No
14 years old,Female,9th grade,1.57,47.63,Yes
15 years old,Female,9th grade,1.57,55.79,No
15 years old,Female,9th grade,1.6,51.26,No
15 years old,Female,9th grade,1.55,54.43,No
14 years old,Male,9th grade,1.75,68.04,No
14 years old,Male,9th grade,1.83,56.25,Yes
15 years old,Male,9th grade,1.8,68.95,Yes
15 years old,Female,9th grade,1.6,54.43,Yes
18 years old or older,Female,12th grade,1.6,63.5,No
17 years old,Female,12th grade,1.63,49.44,No
17 years old,Male,11th grade,1.85,117.94,Yes
16 years old,Female,11th grade,1.75,47.17,Yes
17 years old,Female,11th grade,1.65,54.43,No
16 years old,Male,11th grade,1.75,74.84,No
16 years old,Male,11th grade,1.7,70.31,No
17 years old,Female,11th grade,1.68,60.33,No
18 years old or older,Male,12th grade,1.7,73.94,No
17 years old,Female,12th grade,1.63,63.5,No
18 years old or older,Female,12th grade,1.52,72.58,No
18 years old or older,Male,12th grade,1.83,90.72,Yes
18 years old or older,Male,12th grade,1.83,111.13,No
17 years old,Female,12th grade,1.63,52.16,No
17 years old,Female,12th grade,1.6,36.29,No
17 years old,Male,12th grade,1.8,68.04,No
18 years old or older,Female,12th grade,1.57,89.81,No
16 years old,Female,11th grade,1.6,44,No
17 years old,Female,11th grade,1.63,58.97,No
17 years old,Male,12th grade,1.7,63.5,No
18 years old or older,Male,12th grade,1.68,61.24,No
15 years old,Female,9th grade,1.65,49.9,No
15 years old,Female,9th grade,1.73,49.9,Yes
15 years old,Female,9th grade,1.5,54.43,Yes
15 years old,Female,9th grade,1.6,49.9,No
17 years old,Female,12th grade,1.6,86.18,No
18 years old or older,Male,12th grade,1.78,71.22,No
18 years old or older,Male,12th grade,1.8,97.52,No
18 years old or older,Male,12th grade,1.85,68.04,No
17 years old,Female,12th grade,1.6,61.24,No
17 years old,Female,12th grade,1.57,58.97,Yes
18 years old or older,Male,12th grade,1.8,63.5,No
17 years old,Female,12th grade,1.73,62.6,No
17 years old,Female,12th grade,1.55,54.43,No
18 years old or older,Male,12th grade,1.83,77.11,No
18 years old or older,Male,12th grade,1.78,58.97,No
17 years old,Female,12th grade,1.68,58.97,No
17 years old,Female,12th grade,1.6,49.9,No
17 years old,Female,12th grade,1.73,70.31,No
18 years old or older,Male,12th grade,1.7,54.43,No
18 years old or older,Male,12th grade,1.7,79.38,No
17 years old,Male,12th grade,1.7,63.5,No
18 years old or older,Female,12th grade,1.68,58.97,Yes
18 years old or older,Male,12th grade,1.83,108.86,No
17 years old,Male,12th grade,1.73,74.84,No
18 years old or older,Male,12th grade,1.75,90.72,No
17 years old,Female,12th grade,1.63,49.9,No
16 years old,Male,11th grade,1.75,59.88,No
16 years old,Male,11th grade,1.75,83.92,No
14 years old,Female,9th grade,1.57,52.16,No
17 years old,Male,11th grade,1.78,91.63,No
16 years old,Male,11th grade,1.8,111.13,No
15 years old,Male,10th grade,1.8,86.18,No
16 years old,Female,11th grade,1.68,63.5,No
16 years old,Female,10th grade,1.55,50.8,No
17 years old,Male,11th grade,1.73,61.24,No
16 years old,Male,10th grade,1.6,49.9,No
17 years old,Male,10th grade,1.63,54.43,No
15 years old,Male,10th grade,1.75,68.04,No
14 years old,Female,9th grade,1.57,58.97,No
15 years old,Female,10th grade,1.68,49.9,No
17 years old,Female,10th grade,1.6,72.12,No
15 years old,Female,9th grade,1.63,49.9,Yes
15 years old,Female,9th grade,1.63,68.04,No
16 years old,Female,10th grade,1.73,72.58,Yes
14 years old,Female,9th grade,1.6,58.06,No
16 years old,Female,10th grade,1.55,49.9,No
15 years old,Male,10th grade,1.57,44.45,No
15 years old,Female,9th grade,1.7,44.45,No
15 years old,Male,10th grade,1.78,88.45,No
18 years old or older,Male,12th grade,1.75,72.58,Yes
14 years old,Female,9th grade,1.63,57.15,No
16 years old,Male,10th grade,1.68,54.43,No
16 years old,Female,10th grade,1.5,37.65,No
14 years old,Female,9th grade,1.63,90.72,No
16 years old,Male,11th grade,1.65,57.15,No
15 years old,Male,10th grade,1.85,88.45,No
15 years old,Male,9th grade,1.83,72.58,No
15 years old,Male,10th grade,1.83,70.76,No
15 years old,Male,10th grade,1.68,70.76,No
14 years old,Male,9th grade,1.78,68.04,No
17 years old,Male,11th grade,1.78,79.38,No
16 years old,Female,10th grade,1.52,48.08,No
15 years old,Male,9th grade,1.65,68.04,No
16 years old,Male,11th grade,1.9,90.72,No
16 years old,Male,10th grade,1.88,83.92,No
16 years old,Male,10th grade,1.57,47.63,Yes
15 years old,Female,9th grade,1.6,53.98,No
17 years old,Male,11th grade,1.68,77.11,No
16 years old,Female,10th grade,1.5,51.71,Yes
14 years old,Female,9th grade,1.6,58.97,No
16 years old,Female,10th grade,1.55,47.63,No
15 years old,Female,9th grade,1.52,53.07,No
18 years old or older,Male,12th grade,1.83,74.84,No
16 years old,Male,10th grade,1.8,67.13,No
15 years old,Male,9th grade,1.7,60.33,No
15 years old,Female,10th grade,1.65,53.07,No
14 years old,Female,9th grade,1.57,61.24,No
16 years old,Female,10th grade,1.63,56.7,No
15 years old,Male,9th grade,1.88,62.14,Yes
15 years old,Male,10th grade,1.83,81.65,No
15 years old,Male,9th grade,1.83,69.4,No
16 years old,Male,10th grade,1.7,70.31,No
14 years old,Female,9th grade,1.5,47.63,No
15 years old,Male,10th grade,1.78,61.24,No
15 years old,Male,10th grade,1.7,55.34,Yes
16 years old,Male,10th grade,1.65,56.7,Yes
16 years old,Male,10th grade,1.7,49.9,No
16 years old,Female,10th grade,1.63,53.07,No
16 years old,Female,10th grade,1.57,71.22,No
16 years old,Male,10th grade,1.83,70.31,Yes
15 years old,Female,10th grade,1.7,56.25,No
15 years old,Female,10th grade,1.65,63.05,No
15 years old,Female,10th grade,1.63,53.07,Yes
15 years old,Male,10th grade,1.8,72.58,No
16 years old,Male,10th grade,1.7,81.65,Yes
15 years old,Female,10th grade,1.65,56.7,Yes
16 years old,Female,11th grade,1.7,85.28,No
14 years old,Female,9th grade,1.55,58.97,Yes
16 years old,Female,11th grade,1.7,52.16,No
17 years old,Female,11th grade,1.6,65.77,No
16 years old,Male,10th grade,1.65,58.06,No
18 years old or older,Female,12th grade,1.55,68.04,No
17 years old,Female,11th grade,1.6,61.24,No
16 years old,Male,10th grade,1.68,68.04,No
17 years old,Female,11th grade,1.68,86.18,No
15 years old,Female,10th grade,1.6,52.16,No
17 years old,Female,11th grade,1.6,50.35,No
17 years old,Male,11th grade,1.73,68.04,No
16 years old,Female,10th grade,1.6,57.15,No
17 years old,Female,11th grade,1.52,54.43,No
16 years old,Male,11th grade,1.78,65.77,No
16 years old,Male,10th grade,1.8,74.84,No
16 years old,Female,11th grade,1.6,58.97,Yes
15 years old,Female,10th grade,1.6,93.9,Yes
16 years old,Male,11th grade,1.83,92.99,No
16 years old,Female,10th grade,1.57,65.77,Yes
16 years old,Female,11th grade,1.68,63.5,No
17 years old,Female,11th grade,1.52,52.16,No
16 years old,Female,11th grade,1.88,141.52,Yes
15 years old,Female,10th grade,1.63,45.36,No
16 years old,Female,11th grade,1.68,51.71,No
17 years old,Male,11th grade,1.68,62.14,No
17 years old,Female,11th grade,1.65,43.09,Yes
17 years old,Female,10th grade,1.7,63.96,Yes
17 years old,Male,11th grade,1.75,56.7,Yes
16 years old,Male,11th grade,1.7,56.25,No
15 years old,Male,10th grade,1.9,104.33,No
16 years old,Female,11th grade,1.75,68.04,No
16 years old,Female,11th grade,1.57,54.43,Yes
15 years old,Female,10th grade,1.6,46.72,No
16 years old,Female,10th grade,1.6,60.78,No
17 years old,Female,11th grade,1.5,49.9,No
15 years old,Female,10th grade,1.6,68.04,No
16 years old,Female,11th grade,1.63,54.43,Yes
16 years old,Male,11th grade,1.68,81.65,Yes
16 years old,Male,10th grade,1.78,58.97,No
16 years old,Male,10th grade,1.78,99.79,No
16 years old,Female,10th grade,1.57,49.9,No
16 years old,Male,10th grade,1.7,83.01,Yes
17 years old,Male,11th grade,1.9,101.61,No
15 years old,Male,10th grade,1.8,115.21,No
17 years old,Female,11th grade,1.57,46.72,Yes
17 years old,Male,11th grade,1.68,77.11,Yes
16 years old,Male,10th grade,1.75,64.86,No
16 years old,Male,10th grade,1.73,75.75,No
17 years old,Female,11th grade,1.57,142.88,No
14 years old,Female,9th grade,1.55,44,No
15 years old,Male,9th grade,1.68,81.65,No
15 years old,Male,9th grade,1.6,54.43,No
15 years old,Female,10th grade,1.63,52.16,No
18 years old or older,Male,12th grade,1.52,59.88,No
15 years old,Female,9th grade,1.57,61.24,No
18 years old or older,Female,12th grade,1.55,49.9,Yes
16 years old,Male,10th grade,1.7,88.45,No
14 years old,Male,9th grade,1.63,59.42,No
15 years old,Male,9th grade,1.78,58.97,Yes
17 years old,Male,12th grade,1.75,72.58,No
16 years old,Female,10th grade,1.85,63.5,No
15 years old,Female,9th grade,1.68,52.16,Yes
17 years old,Male,12th grade,1.7,58.06,No
16 years old,Male,10th grade,1.78,79.38,No
18 years old or older,Female,12th grade,1.55,47.63,No
15 years old,Male,9th grade,1.65,56.25,No
18 years old or older,Male,12th grade,1.7,86.18,Yes
15 years old,Male,10th grade,1.8,69.85,Yes
17 years old,Male,12th grade,1.78,86.18,No
14 years old,Female,9th grade,1.6,47.63,No
15 years old,Male,9th grade,1.68,77.11,No
15 years old,Female,10th grade,1.57,51.26,Yes
17 years old,Female,12th grade,1.65,63.5,No
15 years old,Male,9th grade,1.75,61.24,No
15 years old,Male,9th grade,1.73,63.5,No
18 years old or older,Male,12th grade,1.65,58.97,No
15 years old,Male,10th grade,1.75,58.97,No
14 years old,Male,9th grade,1.73,79.38,No
15 years old,Male,9th grade,1.83,65.77,No
17 years old,Male,12th grade,1.85,99.79,No
16 years old,Female,11th grade,1.57,47.63,Yes
17 years old,Female,12th grade,1.68,86.18,No
15 years old,Male,9th grade,1.73,44.45,Yes
14 years old,Female,9th grade,1.63,58.97,No
18 years old or older,Female,12th grade,1.52,60.33,No
16 years old,Male,10th grade,1.57,61.69,Yes
17 years old,Male,12th grade,1.75,99.79,No
15 years old,Female,9th grade,1.68,53.52,No
14 years old,Male,9th grade,1.63,54.43,No
15 years old,Female,10th grade,1.55,50.8,No
18 years old or older,Female,12th grade,1.68,72.58,Yes
15 years old,Male,9th grade,1.75,53.52,Yes
18 years old or older,Male,12th grade,1.73,90.72,No
16 years old,Male,10th grade,1.83,122.47,Yes
18 years old or older,Female,12th grade,1.7,90.72,No
15 years old,Male,9th grade,1.65,72.58,No
14 years old,Female,9th grade,1.78,61.69,No
14 years old,Female,9th grade,1.68,52.16,No
15 years old,Female,9th grade,1.57,57.15,Yes
17 years old,Female,12th grade,1.7,58.06,Yes
15 years old,Male,9th grade,1.75,70.76,No
14 years old,Female,9th grade,1.55,43.55,No
14 years old,Female,9th grade,1.6,49.44,No
18 years old or older,Female,12th grade,1.47,45.36,Yes
16 years old,Female,10th grade,1.68,73.48,No
18 years old or older,Male,12th grade,1.73,74.84,No
14 years old,Female,9th grade,1.55,48.08,No
16 years old,Male,9th grade,1.7,68.04,No
15 years old,Male,9th grade,1.75,65.77,No
15 years old,Female,9th grade,1.52,43.09,No
18 years old or older,Female,12th grade,1.52,54.43,No
15 years old,Female,10th grade,1.57,57.15,No
18 years old or older,Female,12th grade,1.68,77.11,No
15 years old,Female,9th grade,1.6,45.36,No
15 years old,Male,9th grade,1.8,58.06,No
14 years old,Female,9th grade,1.55,47.63,No
17 years old,Male,12th grade,1.83,61.24,No
15 years old,Male,10th grade,1.88,93.9,No
17 years old,Female,12th grade,1.57,39.92,No
15 years old,Female,9th grade,1.6,52.16,Yes
14 years old,Male,9th grade,1.78,108.86,No
17 years old,Male,12th grade,1.8,90.72,No
16 years old,Female,10th grade,1.5,45.36,No
15 years old,Male,9th grade,1.7,56.7,No
17 years old,Female,12th grade,1.57,62.6,No
15 years old,Female,10th grade,1.47,45.36,No
17 years old,Male,12th grade,1.83,83.92,No
15 years old,Male,9th grade,1.75,58.97,No
15 years old,Female,9th grade,1.68,70.76,No
17 years old,Male,12th grade,1.9,126.1,No
16 years old,Female,10th grade,1.57,90.72,No
17 years old,Female,12th grade,1.57,57.15,No
15 years old,Male,9th grade,1.78,65.77,No
17 years old,Female,12th grade,1.73,86.18,Yes
16 years old,Male,10th grade,1.75,62.6,No
17 years old,Female,12th grade,1.7,83.92,Yes
15 years old,Male,9th grade,1.68,58.97,Yes
15 years old,Male,9th grade,1.63,58.97,No
18 years old or older,Male,12th grade,1.75,63.5,No
15 years old,Female,10th grade,1.73,58.97,No
15 years old,Female,9th grade,1.55,63.5,No
15 years old,Male,9th grade,1.7,63.5,No
15 years old,Female,10th grade,1.63,47.63,No
17 years old,Male,11th grade,1.68,68.04,Yes
16 years old,Female,10th grade,1.6,46.72,Yes
15 years old,Male,10th grade,1.75,54.43,No
16 years old,Female,10th grade,1.73,58.97,Yes
16 years old,Female,10th grade,1.75,79.83,No
15 years old,Male,10th grade,1.78,57.61,No
15 years old,Male,10th grade,1.75,63.5,No
15 years old,Female,10th grade,1.65,63.5,No
16 years old,Male,10th grade,1.83,60.33,No
15 years old,Female,9th grade,1.5,45.36,Yes
16 years old,Female,10th grade,1.63,54.43,Yes
16 years old,Male,11th grade,1.85,75.3,Yes
16 years old,Female,10th grade,1.52,49.9,No
15 years old,Female,10th grade,1.63,34.93,No
15 years old,Female,10th grade,1.42,54.43,Yes
16 years old,Male,11th grade,1.88,90.72,No
16 years old,Female,10th grade,1.57,47.17,No
15 years old,Female,10th grade,1.57,53.07,No
16 years old,Male,10th grade,1.73,72.58,No
14 years old,Male,9th grade,1.6,50.35,No
15 years old,Female,10th grade,1.65,83.92,No
17 years old,Male,12th grade,1.75,99.79,No
15 years old,Female,10th grade,1.65,61.69,No
16 years old,Female,10th grade,1.57,43.55,Yes
15 years old,Female,10th grade,1.65,79.38,No
16 years old,Male,11th grade,1.75,68.95,No
15 years old,Female,10th grade,1.5,40.82,No
15 years old,Male,10th grade,1.73,56.7,No
16 years old,Female,10th grade,1.55,51.71,Yes
16 years old,Male,10th grade,1.57,56.7,No
16 years old,Female,10th grade,1.63,54.43,No
15 years old,Female,10th grade,1.6,79.38,No
16 years old,Male,11th grade,1.78,72.58,Yes
16 years old,Female,10th grade,1.57,54.43,No
15 years old,Male,10th grade,1.7,72.58,No
15 years old,Female,10th grade,1.57,57.15,No
17 years old,Male,11th grade,1.73,70.31,No
15 years old,Female,10th grade,1.6,56.7,Yes
14 years old,Male,9th grade,1.6,65.77,No
16 years old,Female,10th grade,1.65,68.04,Yes
16 years old,Male,10th grade,1.63,72.58,No
15 years old,Male,10th grade,1.78,70.31,No
15 years old,Male,9th grade,1.78,72.58,Yes
16 years old,Female,11th grade,1.65,53.52,No
14 years old,Female,9th grade,1.6,52.16,No
16 years old,Male,10th grade,1.7,63.5,No
16 years old,Female,11th grade,1.6,71.67,Yes
15 years old,Male,10th grade,1.8,63.5,No
15 years old,Male,9th grade,1.7,54.43,No
14 years old,Female,9th grade,1.63,52.16,No
15 years old,Female,10th grade,1.63,54.43,No
15 years old,Female,10th grade,1.6,49.9,No
15 years old,Male,9th grade,1.96,66.68,No
16 years old,Female,10th grade,1.63,49.9,No
17 years old,Male,12th grade,1.85,72.58,No
14 years old,Female,9th grade,1.52,43.09,No
16 years old,Male,10th grade,1.75,70.31,No
15 years old,Female,9th grade,1.57,52.16,No
15 years old,Female,10th grade,1.65,54.43,No
17 years old,Male,12th grade,1.93,104.33,No
14 years old,Female,9th grade,1.52,45.36,No
17 years old,Female,11th grade,1.68,61.24,No
18 years old or older,Male,12th grade,1.73,74.84,No
14 years old,Male,9th grade,1.7,46.27,Yes
15 years old,Male,10th grade,1.88,63.5,No
15 years old,Female,10th grade,1.75,56.7,No
17 years old,Female,11th grade,1.6,55.34,No
15 years old,Male,9th grade,1.75,53.98,Yes
16 years old,Male,10th grade,1.73,61.24,No
14 years old,Female,9th grade,1.63,67.59,Yes
17 years old,Male,11th grade,1.63,65.77,No
14 years old,Male,9th grade,1.75,70.31,No
15 years old,Female,10th grade,1.65,99.79,No
15 years old,Female,10th grade,1.55,61.24,No
16 years old,Female,10th grade,1.6,68.04,No
16 years old,Female,9th grade,1.6,52.62,Yes
15 years old,Female,10th grade,1.55,47.63,No
15 years old,Female,10th grade,1.57,56.7,Yes
16 years old,Female,10th grade,1.63,68.04,No
15 years old,Male,9th grade,1.78,47.63,No
15 years old,Male,10th grade,1.73,50.8,No
15 years old,Female,9th grade,1.68,63.5,No
16 years old,Female,10th grade,1.6,46.72,No
16 years old,Female,10th grade,1.57,61.24,No
14 years old,Female,9th grade,1.47,45.36,No
15 years old,Female,10th grade,1.63,43.09,No
16 years old,Male,11th grade,1.88,88.91,Yes
14 years old,Male,9th grade,1.6,75.75,Yes
14 years old,Male,9th grade,1.75,57.61,No
15 years old,Female,9th grade,1.5,45.36,Yes
15 years old,Male,10th grade,1.68,54.43,No
15 years old,Female,10th grade,1.55,56.7,No
15 years old,Male,9th grade,1.65,50.8,Yes
16 years old,Male,11th grade,1.7,64.41,No
17 years old,Female,11th grade,1.63,58.97,No
14 years old,Male,9th grade,1.63,72.58,No
15 years old,Female,10th grade,1.55,52.62,No
17 years old,Male,12th grade,1.7,82.56,Yes
15 years old,Female,10th grade,1.6,49.9,No
14 years old,Male,9th grade,1.65,78.93,No
15 years old,Female,10th grade,1.63,65.77,No
15 years old,Female,9th grade,1.7,86.18,Yes
18 years old or older,Female,12th grade,1.68,58.97,No
18 years old or older,Male,12th grade,1.73,56.7,Yes
18 years old or older,Female,12th grade,1.65,63.5,No
17 years old,Female,12th grade,1.63,61.24,No
17 years old,Male,12th grade,1.83,65.77,No
16 years old,Male,11th grade,1.7,81.65,Yes
18 years old or older,Female,12th grade,1.65,58.97,No
18 years old or older,Male,12th grade,1.6,63.5,No
17 years old,Male,12th grade,1.83,59.88,No
17 years old,Male,12th grade,1.83,68.04,No
18 years old or older,Male,12th grade,1.83,78.02,No
16 years old,Female,11th grade,1.6,104.33,Yes
18 years old or older,Female,12th grade,1.65,70.31,No
18 years old or older,Male,12th grade,1.78,71.67,No
18 years old or older,Female,12th grade,1.6,52.16,No
17 years old,Female,11th grade,1.68,65.77,No
16 years old,Female,11th grade,1.52,56.7,Yes
16 years old,Male,11th grade,1.75,63.5,No
16 years old,Female,11th grade,1.65,54.43,No
17 years old,Female,11th grade,1.63,72.58,No
17 years old,Female,11th grade,1.7,88.45,No
17 years old,Male,11th grade,1.63,56.7,No
18 years old or older,Female,12th grade,1.63,81.65,No
18 years old or older,Male,12th grade,1.88,83.01,No
17 years old,Male,11th grade,1.8,73.94,No
17 years old,Male,11th grade,1.78,65.77,No
16 years old,Female,11th grade,1.55,52.62,No
17 years old,Female,11th grade,1.6,74.84,No
14 years old,Male,9th grade,1.65,54.43,No
15 years old,Male,9th grade,1.78,71.22,No
15 years old,Female,10th grade,1.65,54.43,No
15 years old,Female,10th grade,1.65,50.8,No
14 years old,Female,9th grade,1.57,48.54,No
15 years old,Female,9th grade,1.65,74.84,No
16 years old,Female,10th grade,1.6,45.36,Yes
14 years old,Male,9th grade,1.65,56.7,No
15 years old,Female,9th grade,1.7,60.78,No
15 years old,Male,9th grade,1.8,68.04,No
15 years old,Female,9th grade,1.63,54.43,No
14 years old,Female,9th grade,1.52,47.63,No
16 years old,Female,10th grade,1.7,54.43,No
15 years old,Male,10th grade,1.7,55.79,Yes
15 years old,Male,10th grade,1.75,65.77,No
14 years old,Female,9th grade,1.6,45.36,No
14 years old,Female,9th grade,1.68,61.24,Yes
15 years old,Male,9th grade,1.8,65.77,No
15 years old,Male,9th grade,1.75,86.18,No
16 years old,Male,10th grade,1.75,74.84,No
14 years old,Female,9th grade,1.55,45.36,No
15 years old,Male,9th grade,1.88,65.77,No
18 years old or older,Male,12th grade,1.78,72.58,No
17 years old,Male,12th grade,1.68,45.36,No
17 years old,Female,12th grade,1.78,65.77,No
17 years old,Male,12th grade,1.9,101.61,Yes
15 years old,Female,10th grade,1.6,42.64,Yes
17 years old,Male,12th grade,1.78,56.7,No
15 years old,Female,10th grade,1.68,58.97,No
18 years old or older,Female,12th grade,1.63,124.29,Yes
16 years old,Male,10th grade,1.75,54.43,No
17 years old,Male,12th grade,1.7,61.24,No
18 years old or older,Female,12th grade,1.75,104.33,Yes
14 years old,Female,9th grade,1.55,54.89,No
18 years old or older,Female,12th grade,1.8,92.53,No
15 years old,Female,10th grade,1.5,45.36,No
17 years old,Male,12th grade,1.8,77.11,No
15 years old,Female,10th grade,1.68,79.38,Yes
16 years old,Male,10th grade,1.8,72.58,No
18 years old or older,Female,12th grade,1.57,50.8,Yes
18 years old or older,Male,12th grade,1.65,83.92,No
15 years old,Female,10th grade,1.63,53.52,No
17 years old,Female,12th grade,1.65,49.9,No
16 years old,Male,10th grade,1.8,58.97,No
17 years old,Female,12th grade,1.63,53.07,No
16 years old,Female,10th grade,1.7,56.7,No
17 years old,Male,12th grade,1.83,70.31,No
18 years old or older,Female,12th grade,1.68,60.78,No
15 years old,Male,10th grade,1.73,74.84,No
17 years old,Male,12th grade,1.65,54.43,No
18 years old or older,Female,12th grade,1.68,81.19,No
15 years old,Male,10th grade,1.6,58.06,Yes
18 years old or older,Female,12th grade,1.75,56.7,Yes
15 years old,Male,10th grade,1.93,77.57,Yes
17 years old,Male,12th grade,1.7,70.31,No
17 years old,Female,12th grade,1.63,52.16,No
17 years old,Female,12th grade,1.7,90.72,No
17 years old,Female,12th grade,1.6,71.67,No
16 years old,Female,10th grade,1.65,55.79,Yes
16 years old,Female,10th grade,1.68,48.08,No
18 years old or older,Female,12th grade,1.7,57.61,No
15 years old,Male,10th grade,1.73,54.89,No
17 years old,Female,12th grade,1.52,53.52,Yes
15 years old,Female,10th grade,1.57,74.84,No
17 years old,Male,12th grade,1.85,95.26,No
15 years old,Male,10th grade,1.83,76.2,No
16 years old,Male,10th grade,1.78,64.41,No
17 years old,Female,12th grade,1.73,65.77,No
16 years old,Female,10th grade,1.52,50.35,No
18 years old or older,Male,12th grade,1.73,65.77,Yes
15 years old,Male,10th grade,1.75,48.99,Yes
14 years old,Male,9th grade,1.75,77.11,No
16 years old,Female,11th grade,1.6,68.04,No
15 years old,Male,9th grade,1.85,111.13,Yes
15 years old,Female,10th grade,1.7,45.36,No
17 years old,Female,12th grade,1.83,88.45,Yes
15 years old,Male,9th grade,1.65,74.84,Yes
17 years old,Female,11th grade,1.5,49.44,No
14 years old,Female,9th grade,1.52,42.64,No
15 years old,Female,10th grade,1.6,60.33,Yes
14 years old,Female,9th grade,1.57,55.34,No
17 years old,Male,11th grade,1.78,58.97,No
15 years old,Female,9th grade,1.57,79.38,Yes
16 years old,Male,10th grade,1.63,54.43,No
16 years old,Female,10th grade,1.63,77.11,No
16 years old,Male,11th grade,1.85,64.41,No
15 years old,Female,9th grade,1.52,52.16,Yes
16 years old,Male,10th grade,1.75,81.65,No
14 years old,Female,9th grade,1.6,48.99,No
16 years old,Female,11th grade,1.57,56.7,No
15 years old,Female,9th grade,1.63,61.24,No
15 years old,Female,10th grade,1.6,46.72,No
14 years old,Female,9th grade,1.55,48.08,No
15 years old,Female,9th grade,1.7,81.65,No
16 years old,Female,10th grade,1.65,48.54,No
14 years old,Female,9th grade,1.68,61.24,No
14 years old,Male,9th grade,1.8,72.58,No
16 years old,Male,10th grade,1.63,54.43,Yes
16 years old,Male,11th grade,1.88,73.48,No
15 years old,Male,9th grade,1.8,72.58,No
15 years old,Female,10th grade,1.65,65.77,No
15 years old,Female,9th grade,1.65,83.92,No
17 years old,Female,11th grade,1.8,68.04,Yes
14 years old,Female,9th grade,1.7,58.97,Yes
16 years old,Female,10th grade,1.6,56.7,No
14 years old,Male,9th grade,1.78,45.36,No
14 years old,Male,9th grade,1.78,58.97,No
16 years old,Female,10th grade,1.55,54.43,No
15 years old,Male,9th grade,1.8,61.24,No
16 years old,Female,11th grade,1.75,68.04,Yes
16 years old,Male,10th grade,1.68,61.24,No
15 years old,Male,9th grade,1.83,90.72,No
17 years old,Male,11th grade,1.65,81.65,No
14 years old,Male,9th grade,1.85,68.04,No
16 years old,Male,10th grade,1.75,58.97,No
17 years old,Female,11th grade,1.63,58.97,No
15 years old,Male,9th grade,1.96,95.26,Yes
15 years old,Female,9th grade,1.7,53.52,Yes
15 years old,Male,10th grade,1.8,65.77,No
17 years old,Female,11th grade,1.55,56.7,No
14 years old,Female,9th grade,1.63,61.69,Yes
15 years old,Female,9th grade,1.63,55.34,Yes
16 years old,Female,10th grade,1.6,52.16,No
14 years old,Female,9th grade,1.55,54.89,No
17 years old,Male,11th grade,1.8,63.05,Yes
14 years old,Male,9th grade,1.5,45.36,Yes
16 years old,Female,10th grade,1.63,54.43,No
14 years old,Female,9th grade,1.57,49.44,No
15 years old,Female,9th grade,1.65,59.88,No
15 years old,Female,10th grade,1.57,56.7,No
17 years old,Male,11th grade,1.93,99.79,No
15 years old,Female,9th grade,1.7,57.61,No
15 years old,Female,10th grade,1.55,46.27,No
17 years old,Female,11th grade,1.5,51.26,Yes
16 years old,Male,11th grade,1.78,52.16,No
15 years old,Female,9th grade,1.6,53.07,No
16 years old,Female,10th grade,1.85,70.76,No
17 years old,Female,11th grade,1.63,58.06,Yes
14 years old,Female,9th grade,1.57,60.78,No
16 years old,Male,11th grade,1.8,113.4,No
17 years old,Male,11th grade,1.73,58.97,No
14 years old,Female,9th grade,1.57,46.27,No
17 years old,Female,11th grade,1.63,52.16,No
15 years old,Female,10th grade,1.73,63.5,No
16 years old,Female,11th grade,1.57,45.36,No
14 years old,Male,9th grade,1.83,90.72,No
16 years old,Female,11th grade,1.57,56.7,No
14 years old,Female,9th grade,1.63,49.9,No
16 years old,Male,10th grade,1.75,65.77,No
17 years old,Male,12th grade,1.55,63.5,No
16 years old,Female,11th grade,1.7,97.52,No
14 years old,Female,9th grade,1.6,40.82,No
14 years old,Female,9th grade,1.5,53.52,Yes
15 years old,Female,9th grade,1.63,71.67,No
14 years old,Male,9th grade,1.78,83.01,No
15 years old,Male,9th grade,1.7,54.43,No
14 years old,Male,9th grade,1.7,67.13,No
15 years old,Male,9th grade,1.65,54.43,No
14 years old,Female,9th grade,1.57,42.64,No
15 years old,Male,10th grade,1.7,58.97,No
15 years old,Male,10th grade,1.52,47.63,Yes
16 years old,Female,10th grade,1.63,54.43,No
15 years old,Female,10th grade,1.6,45.81,Yes
15 years old,Female,10th grade,1.6,83.92,Yes
15 years old,Male,10th grade,1.68,68.95,No
16 years old,Female,10th grade,1.68,68.04,No
15 years old,Female,10th grade,1.55,45.36,No
16 years old,Female,10th grade,1.75,64.41,Yes
15 years old,Female,9th grade,1.57,46.27,Yes
16 years old,Male,10th grade,1.83,54.43,No
15 years old,Female,10th grade,1.63,44.45,No
15 years old,Male,10th grade,1.85,72.58,No
16 years old,Male,10th grade,1.73,65.77,No
16 years old,Male,10th grade,1.7,56.7,No
15 years old,Female,10th grade,1.52,54.43,No
17 years old,Female,12th grade,1.68,54.43,No
17 years old,Male,11th grade,1.75,67.13,No
16 years old,Female,10th grade,1.65,70.31,No
15 years old,Female,10th grade,1.52,56.7,No
16 years old,Male,10th grade,1.65,48.54,No
15 years old,Male,10th grade,1.83,111.13,Yes
17 years old,Male,12th grade,1.78,54.43,Yes
17 years old,Male,12th grade,1.9,75.75,No
17 years old,Female,12th grade,1.7,68.04,No
15 years old,Female,10th grade,1.63,58.51,No
17 years old,Female,12th grade,1.68,81.65,No
16 years old,Female,12th grade,1.68,56.7,No
17 years old,Male,12th grade,1.83,56.7,No
18 years old or older,Male,12th grade,1.68,76.2,No
17 years old,Male,12th grade,1.7,58.97,No
18 years old or older,Female,12th grade,1.52,68.04,No
18 years old or older,Male,12th grade,1.75,78.02,No
15 years old,Male,10th grade,1.88,86.18,No
16 years old,Male,10th grade,1.85,77.11,No
17 years old,Female,12th grade,1.6,52.16,Yes
17 years old,Male,12th grade,1.75,108.86,No
17 years old,Male,12th grade,1.88,86.18,No
18 years old or older,Male,12th grade,2.03,108.86,Yes
18 years old or older,Male,12th grade,1.73,113.4,No
17 years old,Female,12th grade,1.73,120.66,No
18 years old or older,Male,12th grade,1.75,65.77,No
18 years old or older,Female,12th grade,1.5,39.46,No
17 years old,Female,12th grade,1.65,45.36,No
17 years old,Female,12th grade,1.68,81.65,Yes
17 years old,Male,12th grade,1.7,56.7,No
18 years old or older,Male,12th grade,1.96,92.99,No
16 years old,Male,12th grade,1.8,81.65,No
14 years old,Male,9th grade,1.7,68.04,No
16 years old,Male,10th grade,1.83,149.69,No
14 years old,Female,9th grade,1.73,58.06,Yes
15 years old,Male,9th grade,1.73,91.17,No
14 years old,Female,9th grade,1.63,61.69,No
15 years old,Female,10th grade,1.6,53.52,No
15 years old,Female,9th grade,1.63,56.7,Yes
14 years old,Female,9th grade,1.57,56.7,Yes
15 years old,Female,9th grade,1.6,68.04,No
15 years old,Male,9th grade,1.75,61.24,No
14 years old,Male,9th grade,1.8,52.16,No
14 years old,Female,9th grade,1.57,61.24,No
14 years old,Female,9th grade,1.52,45.36,Yes
16 years old,Female,9th grade,1.6,58.97,No
17 years old,Male,11th grade,1.78,77.11,No
16 years old,Male,11th grade,1.8,73.94,No
17 years old,Male,11th grade,1.68,54.43,No
17 years old,Female,11th grade,1.68,64.41,No
16 years old,Female,11th grade,1.68,49.9,No
16 years old,Male,11th grade,1.9,90.72,No
17 years old,Female,11th grade,1.63,62.6,No
17 years old,Male,11th grade,1.7,54.43,Yes
18 years old or older,Male,11th grade,1.7,76.2,No
16 years old,Male,11th grade,1.7,78.47,No
16 years old,Female,11th grade,1.68,72.58,No
16 years old,Female,11th grade,1.55,72.12,No
16 years old,Female,11th grade,1.57,68.04,No
16 years old,Female,11th grade,1.63,65.77,No
16 years old,Male,11th grade,1.7,58.97,No
16 years old,Male,11th grade,1.73,65.77,No
16 years old,Male,11th grade,1.8,90.72,No
17 years old,Female,11th grade,1.65,58.97,No
16 years old,Female,11th grade,1.73,83.92,No
17 years old,Male,11th grade,1.8,75.3,Yes
16 years old,Male,11th grade,1.78,70.31,Yes
16 years old,Female,11th grade,1.75,142.43,No
18 years old or older,Male,12th grade,1.78,67.59,Yes
17 years old,Female,12th grade,1.6,64.41,No
17 years old,Female,12th grade,1.63,72.58,No
18 years old or older,Male,10th grade,1.65,68.04,No
18 years old or older,Male,10th grade,1.8,83.92,Yes
15 years old,Female,9th grade,1.63,58.97,No
16 years old,Male,10th grade,1.88,79.38,No
14 years old,Male,9th grade,1.73,61.24,No
14 years old,Female,9th grade,1.57,53.52,No
14 years old,Male,9th grade,1.68,57.61,No
14 years old,Female,9th grade,1.55,48.54,No
15 years old,Female,10th grade,1.73,58.97,No
14 years old,Female,9th grade,1.52,45.36,Yes
15 years old,Female,9th grade,1.73,56.25,Yes
15 years old,Female,10th grade,1.32,43.55,Yes
15 years old,Male,10th grade,1.6,54.43,No
16 years old,Female,10th grade,1.6,31.75,No
14 years old,Male,9th grade,1.83,65.77,No
14 years old,Female,9th grade,1.63,99.79,No
15 years old,Female,10th grade,1.57,56.7,Yes
16 years old,Male,11th grade,1.8,72.58,Yes
16 years old,Male,10th grade,1.83,61.69,No
15 years old,Male,9th grade,1.75,57.15,No
14 years old,Male,9th grade,1.85,72.58,No
15 years old,Female,10th grade,1.63,54.43,No
15 years old,Female,9th grade,1.57,43.09,No
15 years old,Male,10th grade,1.65,54.43,No
15 years old,Male,9th grade,1.88,44,No
14 years old,Male,9th grade,1.63,49.9,No
14 years old,Male,9th grade,1.78,77.11,No
17 years old,Male,10th grade,1.83,61.24,No
15 years old,Female,9th grade,1.47,46.27,Yes
15 years old,Male,9th grade,1.78,77.57,No
15 years old,Female,9th grade,1.6,52.16,No
14 years old,Male,9th grade,1.75,56.25,No
15 years old,Female,10th grade,1.57,54.43,No
16 years old,Female,10th grade,1.7,55.34,No
18 years old or older,Female,12th grade,1.63,68.04,No
15 years old,Male,10th grade,1.88,76.2,No
17 years old,Male,12th grade,1.88,92.99,No
16 years old,Male,11th grade,1.78,61.24,No
17 years old,Male,12th grade,1.85,59.42,No
17 years old,Male,12th grade,1.75,58.97,No
16 years old,Male,11th grade,1.85,70.76,No
16 years old,Female,11th grade,1.68,104.33,No
16 years old,Male,11th grade,1.83,113.4,Yes
16 years old,Male,11th grade,1.63,49.9,No
17 years old,Male,12th grade,1.73,68.04,No
14 years old,Female,9th grade,1.63,43.09,No
17 years old,Male,11th grade,1.83,113.4,No
17 years old,Male,12th grade,1.75,74.84,Yes
17 years old,Male,12th grade,1.83,83.92,Yes
17 years old,Male,11th grade,1.83,65.77,No
17 years old,Female,12th grade,1.68,61.24,No
16 years old,Male,10th grade,1.75,74.84,No
17 years old,Female,12th grade,1.63,55.34,No
18 years old or older,Female,12th grade,1.63,58.97,No
18 years old or older,Male,12th grade,1.83,56.7,No
14 years old,Male,9th grade,1.65,74.84,Yes
16 years old,Female,10th grade,1.6,65.77,No
16 years old,Male,11th grade,1.68,72.58,No
18 years old or older,Female,12th grade,1.68,56.7,Yes
17 years old,Male,12th grade,1.75,103.87,Yes
15 years old,Female,10th grade,1.57,74.84,No
15 years old,Male,10th grade,1.7,63.5,No
17 years old,Female,11th grade,1.65,58.97,No
18 years old or older,Female,12th grade,1.57,54.43,No
17 years old,Male,11th grade,1.7,77.57,No
17 years old,Male,12th grade,1.68,68.04,No
14 years old,Female,9th grade,1.6,44.45,No
16 years old,Female,10th grade,1.78,62.6,No
18 years old or older,Male,12th grade,1.83,81.65,No
17 years old,Male,12th grade,1.8,97.52,No
16 years old,Female,11th grade,1.5,53.98,Yes
17 years old,Female,12th grade,1.78,93.9,No
17 years old,Female,11th grade,1.63,63.5,Yes
18 years old or older,Male,12th grade,1.75,61.24,No
17 years old,Male,12th grade,1.8,108.86,No
17 years old,Female,12th grade,1.68,51.71,No
17 years old,Male,12th grade,1.78,73.94,No
16 years old,Male,11th grade,1.8,68.95,No
17 years old,Male,12th grade,1.7,68.04,No
18 years old or older,Male,12th grade,1.85,78.93,No
18 years old or older,Female,12th grade,1.63,93.9,No
18 years old or older,Male,12th grade,1.8,68.95,No
15 years old,Female,10th grade,1.5,42.64,Yes
17 years old,Female,12th grade,1.52,49.9,No
15 years old,Female,10th grade,1.65,54.43,Yes
17 years old,Female,12th grade,1.55,49.9,Yes
18 years old or older,Male,12th grade,1.88,74.84,No
17 years old,Female,12th grade,1.57,48.99,No
18 years old or older,Male,12th grade,1.73,64.41,No
18 years old or older,Female,12th grade,1.6,58.97,No
17 years old,Male,11th grade,1.78,56.7,No
18 years old or older,Male,12th grade,1.65,70.31,Yes
18 years old or older,Female,12th grade,1.65,58.97,No
16 years old,Male,11th grade,1.75,68.04,No
17 years old,Male,12th grade,1.83,74.84,No
18 years old or older,Female,12th grade,1.6,68.95,No
18 years old or older,Male,12th grade,1.7,54.43,No
17 years old,Female,11th grade,1.75,75.3,No
17 years old,Female,11th grade,1.63,49.9,No
18 years old or older,Male,12th grade,2.01,140.62,No
18 years old or older,Female,12th grade,1.68,54.43,No
18 years old or older,Male,12th grade,1.83,72.58,No
16 years old,Male,10th grade,1.83,86.18,No
17 years old,Female,11th grade,1.57,53.52,No
18 years old or older,Male,12th grade,1.8,65.77,No
17 years old,Male,12th grade,1.78,86.18,No
15 years old,Female,10th grade,1.7,58.97,Yes
16 years old,Female,11th grade,1.6,72.58,No
14 years old,Male,9th grade,1.68,80.74,No
16 years old,Male,11th grade,1.75,70.31,No
18 years old or older,Female,12th grade,1.63,77.11,No
17 years old,Male,12th grade,1.9,83.92,No
16 years old,Male,11th grade,1.7,78.47,Yes
18 years old or older,Male,12th grade,1.8,81.65,No
17 years old,Male,12th grade,1.85,81.65,No
18 years old or older,Male,12th grade,1.83,63.5,No
17 years old,Female,11th grade,1.78,115.67,No
18 years old or older,Female,12th grade,1.75,79.38,No
17 years old,Female,12th grade,1.63,72.58,No
16 years old,Male,10th grade,1.63,58.97,No
17 years old,Male,11th grade,1.6,65.77,No
17 years old,Female,12th grade,1.63,52.16,No
18 years old or older,Male,12th grade,1.78,58.97,No
16 years old,Female,10th grade,1.63,48.08,No
18 years old or older,Female,12th grade,1.5,58.97,No
17 years old,Male,11th grade,1.8,74.84,No
17 years old,Female,12th grade,1.55,47.63,No
17 years old,Female,11th grade,1.63,52.16,No
17 years old,Male,10th grade,1.73,65.77,No
16 years old,Female,10th grade,1.68,54.43,No
15 years old,Female,10th grade,1.68,68.49,No
15 years old,Male,10th grade,1.83,85.73,No
15 years old,Male,10th grade,1.75,81.65,No
16 years old,Male,10th grade,1.6,68.04,Yes
16 years old,Male,10th grade,1.83,101.15,No
16 years old,Male,10th grade,1.8,104.33,No
15 years old,Female,10th grade,1.57,33.57,No
15 years old,Male,10th grade,1.68,58.06,Yes
15 years old,Male,10th grade,1.68,63.5,No
15 years old,Male,10th grade,1.83,86.18,No
15 years old,Male,9th grade,1.85,65.77,No
15 years old,Male,9th grade,1.75,54.43,No
18 years old or older,Male,12th grade,1.75,62.14,No
16 years old,Female,11th grade,1.57,81.65,No
17 years old,Female,12th grade,1.52,40.82,No
17 years old,Male,11th grade,1.85,77.11,No
18 years old or older,Male,11th grade,1.78,99.79,No
17 years old,Female,12th grade,1.7,86.18,No
17 years old,Male,11th grade,1.68,63.5,Yes
18 years old or older,Male,11th grade,1.7,95.26,No
18 years old or older,Female,12th grade,1.73,97.07,No
17 years old,Male,11th grade,1.73,72.58,No
18 years old or older,Female,12th grade,1.7,58.97,Yes
16 years old,Male,11th grade,1.8,70.31,No
17 years old,Female,12th grade,1.63,65.77,No
17 years old,Male,11th grade,1.78,86.18,Yes
18 years old or older,Female,12th grade,1.55,41.28,No
17 years old,Male,11th grade,1.8,90.72,No
18 years old or older,Male,12th grade,1.73,83.92,Yes
18 years old or older,Male,12th grade,1.73,74.84,No
14 years old,Female,9th grade,1.55,45.36,No
18 years old or older,Male,12th grade,1.85,83.92,No
17 years old,Male,11th grade,1.78,72.58,No
17 years old,Female,12th grade,1.63,59.88,No
16 years old,Male,11th grade,1.73,81.65,No
18 years old or older,Female,12th grade,1.55,60.78,Yes
16 years old,Female,11th grade,1.55,48.99,No
18 years old or older,Male,12th grade,1.78,81.65,No
16 years old,Male,11th grade,1.68,88.45,No
17 years old,Female,12th grade,1.6,86.18,No
16 years old,Male,11th grade,1.88,130.18,No
17 years old,Male,11th grade,1.78,77.11,No
17 years old,Female,12th grade,1.55,53.98,No
16 years old,Male,11th grade,1.88,106.6,No
15 years old,Female,9th grade,1.5,43.55,No
17 years old,Female,11th grade,1.52,57.15,No
18 years old or older,Male,12th grade,1.75,70.31,No
17 years old,Male,12th grade,1.9,79.38,No
17 years old,Male,12th grade,1.73,104.33,Yes
17 years old,Male,12th grade,1.8,84.82,No
17 years old,Male,11th grade,1.83,104.33,No
15 years old,Female,9th grade,1.57,51.26,No
14 years old,Male,9th grade,1.83,108.86,No
17 years old,Male,12th grade,1.75,68.04,No
14 years old,Male,9th grade,1.78,77.57,No
14 years old,Male,9th grade,1.7,65.32,No
17 years old,Female,12th grade,1.6,90.72,No
17 years old,Male,12th grade,1.75,67.13,No
16 years old,Male,11th grade,1.78,54.43,No
15 years old,Female,9th grade,1.68,50.35,Yes
17 years old,Male,12th grade,1.68,68.04,No
17 years old,Male,11th grade,1.8,129.28,No
17 years old,Female,12th grade,1.7,50.8,Yes
16 years old,Male,11th grade,1.68,56.7,No
14 years old,Male,9th grade,1.78,63.5,No
15 years old,Female,9th grade,1.73,65.77,No
14 years old,Male,9th grade,1.7,61.24,No
14 years old,Female,9th grade,1.63,68.04,No
15 years old,Female,9th grade,1.52,52.16,No
14 years old,Male,9th grade,1.78,81.65,No
14 years old,Female,9th grade,1.6,57.15,Yes
15 years old,Male,9th grade,1.37,65.77,No
15 years old,Male,9th grade,1.88,56.7,No
15 years old,Female,10th grade,1.6,83.92,No
16 years old,Female,10th grade,1.52,54.43,No
16 years old,Female,10th grade,1.6,73.94,Yes
15 years old,Male,10th grade,1.7,92.99,No
16 years old,Female,10th grade,1.6,68.04,No
17 years old,Female,11th grade,1.5,92.99,No
17 years old,Male,12th grade,1.7,68.04,No
14 years old,Female,9th grade,1.5,45.36,Yes
16 years old,Female,10th grade,1.75,150.14,No
17 years old,Female,10th grade,1.57,54.43,No
17 years old,Male,11th grade,1.83,88.91,No
17 years old,Female,11th grade,1.55,49.9,No
18 years old or older,Female,12th grade,1.63,58.06,No
18 years old or older,Male,12th grade,1.6,45.36,No
14 years old,Female,9th grade,1.63,48.08,No
14 years old,Male,9th grade,1.63,81.19,No
16 years old,Male,10th grade,1.75,120.2,No
16 years old,Female,11th grade,1.57,78.02,Yes
17 years old,Female,11th grade,1.6,104.33,Yes
17 years old,Male,12th grade,1.7,68.04,No
17 years old,Female,12th grade,1.6,58.97,No
14 years old,Male,9th grade,1.75,58.97,No
16 years old,Male,10th grade,1.78,73.03,No
15 years old,Female,10th grade,1.63,58.97,No
17 years old,Male,11th grade,1.7,52.16,No
17 years old,Male,12th grade,1.83,99.79,No
18 years old or older,Female,12th grade,1.85,89.36,Yes
14 years old,Male,9th grade,1.73,62.14,No
16 years old,Female,10th grade,1.55,79.38,No
16 years old,Female,10th grade,1.6,47.17,No
17 years old,Female,11th grade,1.45,54.43,No
16 years old,Female,11th grade,1.63,63.5,No
17 years old,Female,12th grade,1.52,53.98,No
15 years old,Male,10th grade,1.68,81.65,No
16 years old,Female,10th grade,1.65,62.14,No
16 years old,Male,11th grade,1.83,71.67,No
16 years old,Female,11th grade,1.57,54.43,No
15 years old,Female,9th grade,1.6,56.7,Yes
14 years old,Female,9th grade,1.63,82.56,Yes
17 years old,Female,10th grade,1.68,71.67,No
16 years old,Male,10th grade,1.75,72.58,No
17 years old,Female,11th grade,1.7,54.43,No
16 years old,Male,11th grade,1.85,63.5,No
18 years old or older,Female,12th grade,1.57,129.28,No
17 years old,Female,12th grade,1.6,58.97,No
14 years old,Female,9th grade,1.55,58.06,No
16 years old,Female,10th grade,1.47,40.82,No
17 years old,Male,11th grade,1.65,54.43,No
17 years old,Female,11th grade,1.68,90.72,No
14 years old,Female,9th grade,1.63,82.56,No
14 years old,Female,9th grade,1.55,48.99,Yes
15 years old,Female,10th grade,1.57,49.9,No
16 years old,Female,10th grade,1.68,72.58,No
16 years old,Female,11th grade,1.55,50.8,No
14 years old,Female,9th grade,1.68,158.76,No
16 years old,Male,10th grade,1.63,61.69,No
16 years old,Male,10th grade,1.73,61.24,No
16 years old,Male,11th grade,1.75,61.24,No
17 years old,Male,11th grade,1.7,63.5,No
17 years old,Female,12th grade,1.68,72.12,No
15 years old,Female,9th grade,1.55,54.43,Yes
14 years old,Male,9th grade,1.8,89.81,No
16 years old,Male,10th grade,1.83,83.92,No
16 years old,Female,10th grade,1.45,45.36,No
15 years old,Male,9th grade,1.73,65.77,No
16 years old,Male,10th grade,1.7,59.88,No
16 years old,Female,10th grade,1.63,58.97,No
16 years old,Male,9th grade,1.96,79.38,No
14 years old,Female,9th grade,1.65,58.97,Yes
16 years old,Male,11th grade,1.83,68.04,No
15 years old,Male,10th grade,1.73,72.58,No
16 years old,Male,11th grade,1.75,139.71,No
17 years old,Male,12th grade,1.65,86.64,No
17 years old,Male,12th grade,1.73,61.69,No
15 years old,Female,9th grade,1.63,52.16,No
14 years old,Female,9th grade,1.55,56.7,No
16 years old,Female,10th grade,1.65,74.84,No
16 years old,Female,11th grade,1.57,56.7,Yes
18 years old or older,Female,12th grade,1.6,49.9,No
17 years old,Female,12th grade,1.68,52.16,No
16 years old,Male,9th grade,1.73,62.6,No
16 years old,Male,10th grade,1.75,83.92,No
15 years old,Male,10th grade,1.83,86.18,No
17 years old,Male,11th grade,1.68,90.72,No
17 years old,Male,11th grade,1.73,63.96,No
18 years old or older,Male,12th grade,1.83,99.79,No
14 years old,Male,9th grade,1.65,56.7,No
15 years old,Male,9th grade,1.75,63.5,No
16 years old,Female,10th grade,1.65,54.43,No
16 years old,Male,11th grade,1.83,108.86,No
16 years old,Female,11th grade,1.63,51.71,Yes
14 years old,Male,9th grade,1.7,68.04,Yes
15 years old,Male,9th grade,1.75,113.85,No
17 years old,Male,11th grade,1.75,61.24,No
16 years old,Female,11th grade,1.57,70.76,No
16 years old,Female,11th grade,1.68,68.04,Yes
14 years old,Male,9th grade,1.57,54.43,Yes
14 years old,Female,9th grade,1.57,54.89,No
16 years old,Female,10th grade,1.68,84.37,No
16 years old,Female,10th grade,1.68,143.34,No
16 years old,Female,11th grade,1.63,73.94,No
18 years old or older,Male,11th grade,1.85,102.06,No
17 years old,Male,12th grade,1.83,68.04,No
17 years old,Female,12th grade,1.52,56.7,No
15 years old,Male,9th grade,1.73,68.04,No
15 years old,Female,10th grade,1.6,92.99,No
15 years old,Male,10th grade,1.75,90.72,No
18 years old or older,Female,12th grade,1.55,49.9,No
17 years old,Male,12th grade,1.75,77.11,No
15 years old,Female,9th grade,1.73,53.52,No
16 years old,Male,10th grade,1.83,65.77,No
17 years old,Male,11th grade,1.83,104.33,No
17 years old,Female,11th grade,1.7,72.58,No
17 years old,Female,11th grade,1.45,54.43,No
18 years old or older,Male,12th grade,1.9,71.22,No
17 years old,Female,12th grade,1.57,61.24,No
15 years old,Male,9th grade,1.52,54.43,No
16 years old,Male,10th grade,1.63,54.43,No
17 years old,Female,11th grade,1.57,90.72,No
17 years old,Male,11th grade,1.83,61.24,No
17 years old,Female,12th grade,1.55,98.43,No
18 years old or older,Female,12th grade,1.65,65.77,No
15 years old,Female,9th grade,1.6,77.11,Yes
17 years old,Male,11th grade,1.78,77.11,No
14 years old,Male,9th grade,1.75,117.94,No
17 years old,Male,11th grade,1.96,90.72,No
16 years old,Male,11th grade,1.83,79.38,No
18 years old or older,Female,12th grade,1.63,58.97,No
18 years old or older,Male,12th grade,1.8,65.77,No
18 years old or older,Female,12th grade,1.68,68.04,No
17 years old,Female,12th grade,1.57,54.43,No
18 years old or older,Female,12th grade,1.55,65.77,No
18 years old or older,Female,12th grade,1.52,62.6,No
18 years old or older,Female,12th grade,1.57,53.52,No
18 years old or older,Male,12th grade,1.7,63.5,No
15 years old,Female,9th grade,1.7,54.43,No
16 years old,Male,11th grade,1.93,73.48,Yes
16 years old,Male,10th grade,1.8,99.79,No
17 years old,Female,11th grade,1.57,65.77,No
15 years old,Female,10th grade,1.68,90.72,No
17 years old,Male,11th grade,2.01,86.18,No
15 years old,Female,9th grade,1.65,58.97,No
18 years old or older,Female,12th grade,1.55,77.11,No
15 years old,Female,10th grade,1.75,104.33,No
18 years old or older,Female,12th grade,1.68,65.77,No
14 years old,Female,9th grade,1.63,65.77,No
17 years old,Female,12th grade,1.78,72.58,No
15 years old,Female,10th grade,1.55,59.88,No
18 years old or older,Male,12th grade,1.73,59.88,No
18 years old or older,Female,12th grade,1.5,49.9,No
15 years old,Male,9th grade,1.68,52.16,No
15 years old,Female,9th grade,1.65,61.24,No
17 years old,Male,12th grade,1.73,83.92,No
16 years old,Female,10th grade,1.57,52.16,No
17 years old,Female,12th grade,1.63,58.97,Yes
14 years old,Male,9th grade,1.75,64.41,No
17 years old,Female,12th grade,1.57,51.71,No
15 years old,Male,10th grade,1.68,45.36,No
15 years old,Male,9th grade,1.78,61.24,Yes
17 years old,Male,12th grade,1.68,88.45,No
15 years old,Male,10th grade,1.85,90.72,No
18 years old or older,Male,12th grade,1.78,77.11,No
15 years old,Male,9th grade,1.75,72.58,No
17 years old,Female,11th grade,1.78,58.97,No
16 years old,Male,10th grade,1.83,129.28,No
17 years old,Female,12th grade,1.52,60.78,No
15 years old,Male,9th grade,1.75,65.77,No
17 years old,Female,12th grade,1.52,37.2,No
16 years old,Male,10th grade,1.65,56.7,No
17 years old,Female,12th grade,1.63,59.42,No
15 years old,Male,9th grade,1.75,68.04,No
17 years old,Male,12th grade,1.57,42.18,No
16 years old,Female,10th grade,1.68,77.11,No
17 years old,Female,12th grade,1.63,72.58,No
15 years old,Male,9th grade,1.68,68.04,No
18 years old or older,Male,12th grade,1.83,113.4,No
14 years old,Female,9th grade,1.7,77.57,No
17 years old,Female,12th grade,1.63,77.11,No
16 years old,Male,10th grade,1.8,95.26,No
18 years old or older,Female,12th grade,1.68,68.04,Yes
18 years old or older,Male,12th grade,1.78,63.5,No
16 years old,Female,10th grade,1.57,86.18,Yes
14 years old,Male,9th grade,1.68,47.63,Yes
17 years old,Male,12th grade,1.85,86.64,No
15 years old,Female,10th grade,1.5,39.92,No
17 years old,Female,12th grade,1.5,47.63,No
17 years old,Male,11th grade,1.98,115.67,No
15 years old,Male,10th grade,1.88,98.43,No
18 years old or older,Male,12th grade,1.8,63.5,No
14 years old,Female,9th grade,1.6,51.71,No
18 years old or older,Male,12th grade,1.73,63.5,No
16 years old,Male,10th grade,1.78,83.01,No
16 years old,Female,10th grade,1.68,55.79,No
18 years old or older,Female,12th grade,1.68,54.43,No
15 years old,Male,9th grade,1.73,68.95,No
17 years old,Male,12th grade,1.7,65.32,No
15 years old,Male,10th grade,1.7,59.88,No
17 years old,Female,12th grade,1.7,117.03,No
14 years old,Male,9th grade,1.75,63.5,No
18 years old or older,Male,12th grade,1.88,80.29,No
16 years old,Male,10th grade,1.73,70.76,No
18 years old or older,Female,12th grade,1.7,98.43,No
15 years old,Male,9th grade,1.7,64.41,No
16 years old,Female,11th grade,1.65,104.33,Yes
15 years old,Female,10th grade,1.57,52.62,No
17 years old,Female,12th grade,1.6,76.66,No
17 years old,Female,12th grade,1.63,56.7,No
16 years old,Female,10th grade,1.55,63.5,No
18 years old or older,Male,12th grade,1.73,78.47,No
17 years old,Female,11th grade,1.55,45.36,No
16 years old,Male,10th grade,1.7,63.5,No
18 years old or older,Female,12th grade,1.63,54.43,No
15 years old,Male,9th grade,1.8,54.43,No
18 years old or older,Female,12th grade,1.52,53.07,No
16 years old,Male,10th grade,1.73,49.44,No
14 years old,Male,9th grade,1.63,48.54,No
16 years old,Male,10th grade,1.8,72.58,No
15 years old,Female,9th grade,1.6,49.9,Yes
15 years old,Female,9th grade,1.7,53.07,No
15 years old,Female,9th grade,1.57,90.27,No
15 years old,Female,10th grade,1.68,56.7,No
17 years old,Female,11th grade,1.75,71.67,No
16 years old,Female,10th grade,1.6,79.38,No
17 years old,Female,11th grade,1.55,47.17,No
15 years old,Female,9th grade,1.63,51.71,No
18 years old or older,Male,12th grade,1.83,132,No
16 years old,Male,9th grade,1.68,68.04,No
16 years old,Female,10th grade,1.55,54.43,No
16 years old,Male,11th grade,1.68,58.97,No
15 years old,Female,9th grade,1.75,68.04,No
16 years old,Female,10th grade,1.63,62.6,No
17 years old,Male,11th grade,1.7,77.11,No
15 years old,Male,9th grade,1.8,71.67,No
16 years old,Female,10th grade,1.65,74.84,No
15 years old,Female,10th grade,1.73,68.04,No
15 years old,Female,9th grade,1.52,63.5,No
15 years old,Male,9th grade,1.75,107.05,No
17 years old,Female,11th grade,1.7,52.16,No
16 years old,Female,11th grade,1.63,48.99,No
17 years old,Female,12th grade,1.55,56.7,Yes
15 years old,Female,10th grade,1.5,43.09,Yes
17 years old,Female,11th grade,1.7,53.98,No
16 years old,Male,9th grade,1.65,56.7,No
16 years old,Female,10th grade,1.42,48.99,Yes
17 years old,Female,11th grade,1.65,91.17,No
17 years old,Male,11th grade,1.73,106.6,No
15 years old,Female,10th grade,1.65,38.56,No
18 years old or older,Female,11th grade,1.5,53.07,No
15 years old,Male,9th grade,1.75,69.85,Yes
16 years old,Female,10th grade,1.6,54.43,Yes
15 years old,Male,10th grade,1.9,72.58,No
17 years old,Male,11th grade,1.93,99.79,No
17 years old,Female,11th grade,1.68,90.72,No
15 years old,Male,9th grade,1.75,58.97,No
15 years old,Male,10th grade,1.7,72.58,No
15 years old,Male,9th grade,1.8,70.76,No
17 years old,Male,11th grade,1.8,63.5,Yes
15 years old,Male,9th grade,1.78,99.79,No
16 years old,Female,10th grade,1.6,57.61,No
14 years old,Male,9th grade,1.83,76.2,Yes
17 years old,Male,11th grade,1.9,108.86,No
15 years old,Male,9th grade,1.68,53.98,Yes
15 years old,Male,10th grade,1.78,54.43,Yes
15 years old,Female,10th grade,1.55,81.65,No
17 years old,Male,11th grade,1.7,63.05,No
15 years old,Male,10th grade,1.73,68.04,No
17 years old,Female,11th grade,1.63,44.91,No
14 years old,Female,9th grade,1.68,49.9,No
15 years old,Female,10th grade,1.7,59.88,Yes
15 years old,Male,9th grade,1.78,56.7,Yes
15 years old,Male,10th grade,1.9,82.56,No
16 years old,Male,9th grade,1.7,92.99,No
16 years old,Female,10th grade,1.63,104.33,Yes
14 years old,Female,9th grade,1.68,63.5,Yes
15 years old,Male,10th grade,1.78,90.27,Yes
16 years old,Female,11th grade,1.57,40.82,Yes
15 years old,Female,9th grade,1.57,68.04,No
17 years old,Male,11th grade,1.8,74.84,No
15 years old,Male,9th grade,1.65,65.77,No
16 years old,Female,10th grade,1.55,40.37,Yes
16 years old,Female,11th grade,1.63,117.94,No
14 years old,Male,9th grade,1.65,49.9,No
17 years old,Male,11th grade,1.98,99.79,No
16 years old,Male,9th grade,1.78,54.43,No
15 years old,Female,10th grade,1.7,68.04,No
16 years old,Male,10th grade,1.83,90.72,No
16 years old,Male,10th grade,1.88,81.65,No
16 years old,Female,10th grade,1.6,65.77,No
17 years old,Male,11th grade,1.7,108.86,No
16 years old,Male,9th grade,1.65,104.33,No
14 years old,Female,9th grade,1.6,117.94,No
15 years old,Male,9th grade,1.68,54.43,No
14 years old,Female,9th grade,1.65,68.04,No
18 years old or older,Female,12th grade,1.6,64.41,Yes
16 years old,Male,10th grade,1.68,63.5,No
18 years old or older,Male,11th grade,1.8,78.93,No
14 years old,Female,9th grade,1.57,78.02,No
18 years old or older,Female,12th grade,1.52,70.31,No
16 years old,Male,10th grade,1.73,57.61,No
18 years old or older,Female,11th grade,1.65,74.84,No
15 years old,Female,9th grade,1.65,48.99,No
17 years old,Male,12th grade,1.75,86.18,No
17 years old,Male,10th grade,1.78,74.39,No
17 years old,Male,11th grade,1.85,66.23,No
15 years old,Female,9th grade,1.55,52.16,Yes
18 years old or older,Female,12th grade,1.55,44.45,No
16 years old,Female,10th grade,1.57,49.9,No
16 years old,Male,11th grade,1.73,79.38,No
15 years old,Female,9th grade,1.63,60.33,No
18 years old or older,Male,12th grade,1.68,49.9,No
16 years old,Male,10th grade,1.68,49.9,No
16 years old,Male,11th grade,1.8,95.26,No
15 years old,Male,9th grade,1.73,88,Yes
16 years old,Female,11th grade,1.52,55.34,No
17 years old,Male,11th grade,1.65,58.97,No
14 years old,Male,9th grade,1.68,49.9,No
17 years old,Male,11th grade,1.75,76.2,No
17 years old,Male,12th grade,1.78,61.69,No
16 years old,Female,11th grade,1.57,56.25,No
15 years old,Female,9th grade,1.47,34.02,No
17 years old,Female,10th grade,1.6,49.9,No
16 years old,Female,11th grade,1.63,56.7,No
15 years old,Female,9th grade,1.52,40.82,No
18 years old or older,Female,12th grade,1.7,74.84,No
17 years old,Male,11th grade,1.78,70.76,No
17 years old,Female,11th grade,1.5,47.63,No
14 years old,Male,9th grade,1.55,47.63,No
18 years old or older,Female,12th grade,1.63,61.24,No
16 years old,Female,10th grade,1.5,40.82,No
17 years old,Male,11th grade,1.63,70.31,No
14 years old,Female,9th grade,1.6,58.97,No
15 years old,Female,9th grade,1.55,52.16,No
17 years old,Female,12th grade,1.65,71.67,No
16 years old,Male,10th grade,1.83,116.58,No
16 years old,Male,11th grade,1.83,84.37,No
16 years old,Female,9th grade,1.73,77.11,No
18 years old or older,Female,12th grade,1.7,65.77,No
15 years old,Male,10th grade,1.68,56.7,No
15 years old,Male,9th grade,1.78,54.43,No
17 years old,Male,12th grade,1.73,65.77,No
16 years old,Male,10th grade,1.78,55.79,No
16 years old,Female,11th grade,1.57,54.43,No
14 years old,Male,9th grade,1.65,68.04,No
16 years old,Female,11th grade,1.7,68.04,No
17 years old,Male,11th grade,1.78,92.08,No
15 years old,Female,9th grade,1.7,54.43,No
17 years old,Female,12th grade,1.73,65.77,No
16 years old,Male,11th grade,1.8,94.8,Yes
17 years old,Female,11th grade,1.63,83.92,No
15 years old,Male,9th grade,1.96,67.59,No
17 years old,Female,12th grade,1.57,115.67,No
15 years old,Female,10th grade,1.7,64.86,No
17 years old,Male,11th grade,1.78,86.18,No
16 years old,Male,9th grade,1.57,72.58,No
18 years old or older,Male,12th grade,1.83,61.69,No
17 years old,Female,10th grade,1.63,72.58,No
17 years old,Male,11th grade,1.73,95.26,No
15 years old,Female,9th grade,1.55,43.55,No
17 years old,Male,12th grade,1.88,113.4,No
16 years old,Female,10th grade,1.63,90.72,No
17 years old,Female,11th grade,1.63,67.59,No
15 years old,Male,9th grade,1.8,63.5,Yes
17 years old,Female,12th grade,1.55,55.79,No
14 years old,Female,9th grade,1.7,52.16,No
17 years old,Female,12th grade,1.57,63.5,No
14 years old,Female,9th grade,1.57,47.63,No
18 years old or older,Male,12th grade,1.73,95.26,No
14 years old,Female,9th grade,1.55,49.9,No
15 years old,Female,9th grade,1.63,48.99,No
16 years old,Female,11th grade,1.65,77.11,No
15 years old,Male,9th grade,1.7,58.97,Yes
15 years old,Male,9th grade,1.65,61.24,No
18 years old or older,Male,12th grade,1.9,77.11,No
15 years old,Male,10th grade,1.7,54.43,No
17 years old,Female,11th grade,1.65,55.79,No
14 years old,Male,9th grade,1.83,88.45,No
17 years old,Female,12th grade,1.68,68.95,No
15 years old,Male,10th grade,1.65,99.79,No
17 years old,Female,11th grade,1.63,74.84,No
17 years old,Male,12th grade,1.83,106.6,No
16 years old,Male,10th grade,1.73,78.02,No
17 years old,Female,12th grade,1.63,52.16,No
17 years old,Female,12th grade,1.6,69.85,No
17 years old,Male,12th grade,1.78,54.43,No
17 years old,Female,12th grade,1.65,108.86,No
18 years old or older,Female,12th grade,1.52,49.9,No
17 years old,Male,11th grade,1.68,54.43,No
17 years old,Male,12th grade,1.78,68.04,No
17 years old,Female,11th grade,1.65,74.84,Yes
18 years old or older,Male,12th grade,1.75,81.19,No
18 years old or older,Female,12th grade,1.65,59.88,No
18 years old or older,Male,12th grade,1.68,61.24,No
17 years old,Male,12th grade,1.78,76.2,No
18 years old or older,Male,12th grade,1.73,58.97,No
18 years old or older,Male,12th grade,1.83,74.84,No
17 years old,Male,12th grade,1.78,54.43,No
18 years old or older,Female,12th grade,1.63,78.93,No
18 years old or older,Female,11th grade,1.57,48.99,No
15 years old,Male,9th grade,1.7,59.88,No
15 years old,Female,10th grade,1.55,58.51,No
18 years old or older,Male,12th grade,1.88,92.53,No
16 years old,Male,11th grade,1.75,57.61,No
14 years old,Male,9th grade,1.68,52.16,No
16 years old,Female,10th grade,1.7,52.16,No
15 years old,Male,10th grade,1.78,68.04,No
15 years old,Female,9th grade,1.68,52.62,No
16 years old,Female,10th grade,1.63,58.97,No
17 years old,Female,12th grade,1.75,68.04,No
15 years old,Female,9th grade,1.55,47.63,No
15 years old,Female,10th grade,1.52,46.72,Yes
18 years old or older,Male,12th grade,1.8,90.72,No
16 years old,Female,11th grade,1.68,49.9,Yes
15 years old,Female,9th grade,1.65,58.97,No
17 years old,Male,12th grade,1.78,58.97,No
17 years old,Male,11th grade,1.96,90.72,No
14 years old,Male,9th grade,1.65,56.7,Yes
18 years old or older,Male,12th grade,1.83,92.99,No
14 years old,Male,9th grade,1.8,90.72,Yes
16 years old,Male,10th grade,1.7,56.7,No
16 years old,Female,11th grade,1.6,54.43,No
16 years old,Female,10th grade,1.52,47.63,Yes
16 years old,Female,11th grade,1.57,52.16,No
16 years old,Male,10th grade,1.73,83.01,No
17 years old,Female,12th grade,1.63,53.07,No
16 years old,Female,11th grade,1.52,47.63,No
14 years old,Male,9th grade,1.73,65.77,No
17 years old,Male,11th grade,1.85,81.65,Yes
14 years old,Female,9th grade,1.63,68.04,No
15 years old,Female,10th grade,1.5,44,Yes
17 years old,Female,11th grade,1.68,58.97,No
15 years old,Male,9th grade,1.78,56.7,No
15 years old,Female,10th grade,1.7,79.83,No
16 years old,Female,11th grade,1.5,48.08,No
17 years old,Female,11th grade,1.75,88.45,No
15 years old,Male,9th grade,1.78,73.48,No
14 years old,Female,9th grade,1.57,44,No
18 years old or older,Male,12th grade,1.65,79.83,No
16 years old,Female,10th grade,1.63,83.01,No
15 years old,Male,10th grade,1.78,61.69,Yes
18 years old or older,Female,12th grade,1.63,58.97,No
16 years old,Female,11th grade,1.57,52.62,No
14 years old,Female,9th grade,1.65,48.08,No
16 years old,Male,10th grade,1.8,77.57,No
16 years old,Male,10th grade,1.75,65.32,No
17 years old,Male,11th grade,1.83,80.74,No
14 years old,Male,9th grade,1.75,56.7,Yes
16 years old,Male,10th grade,1.68,100.7,No
17 years old,Male,11th grade,1.88,63.5,Yes
14 years old,Female,9th grade,1.68,68.04,No
15 years old,Female,10th grade,1.6,53.07,No
16 years old,Male,10th grade,1.7,104.33,No
18 years old or older,Female,12th grade,1.55,47.63,No
16 years old,Male,11th grade,1.83,117.94,Yes
14 years old,Male,9th grade,1.8,70.31,No
15 years old,Female,10th grade,1.65,60.78,Yes
17 years old,Female,11th grade,1.7,81.65,No
15 years old,Male,9th grade,1.78,56.7,No
16 years old,Female,11th grade,1.6,58.06,No
16 years old,Female,10th grade,1.63,56.7,No
15 years old,Male,9th grade,1.7,45.36,No
16 years old,Male,10th grade,1.85,52.16,No
18 years old or older,Female,12th grade,1.65,58.97,No
18 years old or older,Male,12th grade,1.85,79.83,No
17 years old,Male,11th grade,1.73,53.07,No
14 years old,Female,9th grade,1.63,58.97,No
16 years old,Female,10th grade,1.6,45.36,No
18 years old or older,Male,12th grade,1.73,80.29,No
16 years old,Male,11th grade,1.85,86.18,No
14 years old,Female,9th grade,1.65,56.7,No
15 years old,Female,10th grade,1.68,68.04,No
17 years old,Male,12th grade,1.78,74.84,No
16 years old,Male,11th grade,1.88,111.13,No
15 years old,Female,9th grade,1.7,63.5,No
15 years old,Female,10th grade,1.68,74.84,Yes
17 years old,Female,11th grade,1.78,70.31,No
15 years old,Male,9th grade,1.63,45.81,No
16 years old,Female,10th grade,1.65,63.96,No
17 years old,Male,12th grade,1.75,99.79,No
17 years old,Female,11th grade,1.55,68.04,No
15 years old,Female,9th grade,1.65,58.97,No
18 years old or older,Male,12th grade,1.78,61.24,No
16 years old,Female,11th grade,1.65,66.23,No
15 years old,Female,9th grade,1.63,54.43,No
16 years old,Female,10th grade,1.55,52.16,No
17 years old,Male,12th grade,1.8,62.14,No
16 years old,Female,11th grade,1.57,70.31,No
14 years old,Female,9th grade,1.57,48.99,Yes
15 years old,Male,10th grade,1.83,70.31,No
18 years old or older,Male,12th grade,1.9,71.67,No
17 years old,Female,11th grade,1.6,58.97,Yes
15 years old,Male,9th grade,1.7,74.84,No
17 years old,Male,11th grade,1.8,117.94,No
17 years old,Male,12th grade,1.78,72.58,Yes
15 years old,Female,9th grade,1.57,68.04,No
14 years old,Male,9th grade,1.73,58.51,No
16 years old,Female,10th grade,1.55,54.43,No
18 years old or older,Female,12th grade,1.6,47.63,No
15 years old,Female,9th grade,1.57,59.88,Yes
15 years old,Male,9th grade,1.57,61.24,Yes
16 years old,Male,10th grade,1.8,83.92,No
18 years old or older,Male,12th grade,1.7,73.48,No
15 years old,Male,9th grade,1.75,80.74,No
15 years old,Male,9th grade,1.75,65.77,No
15 years old,Male,10th grade,1.75,56.7,No
17 years old,Female,12th grade,1.42,61.24,No
15 years old,Female,9th grade,1.52,83.92,No
14 years old,Female,9th grade,1.63,59.88,No
15 years old,Female,10th grade,1.65,54.43,No
17 years old,Male,12th grade,1.93,74.84,Yes
15 years old,Male,9th grade,1.7,61.24,No
15 years old,Female,9th grade,1.68,58.51,No
15 years old,Female,10th grade,1.5,40.82,No
17 years old,Female,12th grade,1.75,67.59,No
14 years old,Female,9th grade,1.68,49.9,Yes
15 years old,Female,9th grade,1.5,52.16,Yes
16 years old,Male,10th grade,1.8,90.72,No
18 years old or older,Male,12th grade,1.73,47.63,No
15 years old,Female,9th grade,1.52,40.82,No
15 years old,Male,10th grade,1.9,83.46,No
18 years old or older,Male,12th grade,1.85,74.84,No
15 years old,Female,9th grade,1.6,74.84,No
15 years old,Female,9th grade,1.8,140.16,Yes
16 years old,Female,10th grade,1.65,52.16,No
17 years old,Female,12th grade,1.57,47.63,Yes
15 years old,Male,9th grade,1.75,61.24,No
16 years old,Male,10th grade,1.8,74.84,No
17 years old,Female,12th grade,1.68,92.53,No
15 years old,Male,9th grade,1.7,88.45,No
15 years old,Male,10th grade,1.85,68.04,No
18 years old or older,Male,12th grade,1.85,72.58,No
14 years old,Female,9th grade,1.65,52.16,Yes
15 years old,Female,9th grade,1.57,46.72,Yes
15 years old,Female,10th grade,1.63,61.24,No
18 years old or older,Female,12th grade,1.6,47.17,No
14 years old,Female,9th grade,1.68,60.33,Yes
15 years old,Female,9th grade,1.63,43.55,No
15 years old,Female,10th grade,1.65,53.52,No
17 years old,Female,12th grade,1.68,58.06,No
14 years old,Female,9th grade,1.6,81.65,Yes
16 years old,Male,10th grade,1.73,76.2,No
18 years old or older,Male,12th grade,1.8,65.77,No
14 years old,Female,9th grade,1.6,52.16,No
15 years old,Male,10th grade,1.8,63.5,No
18 years old or older,Female,12th grade,1.75,63.5,No
15 years old,Male,9th grade,1.75,65.77,No
14 years old,Female,9th grade,1.57,68.95,No
15 years old,Male,10th grade,1.73,61.24,No
17 years old,Female,12th grade,1.6,58.97,No
14 years old,Female,9th grade,1.63,48.08,No
15 years old,Female,9th grade,1.7,72.58,No
15 years old,Female,10th grade,1.63,50.8,No
18 years old or older,Male,12th grade,1.83,71.22,No
15 years old,Male,9th grade,1.63,43.09,No
15 years old,Female,10th grade,1.57,43.55,Yes
17 years old,Male,12th grade,1.8,106.14,No
15 years old,Female,9th grade,1.57,48.99,No
14 years old,Male,9th grade,1.73,63.96,Yes
15 years old,Female,10th grade,1.63,58.97,No
18 years old or older,Female,12th grade,1.8,88,No
14 years old,Male,9th grade,1.63,65.77,No
15 years old,Male,10th grade,1.73,83.92,No
15 years old,Female,9th grade,1.6,43.09,Yes
15 years old,Female,9th grade,1.68,65.77,Yes
17 years old,Female,12th grade,1.57,43.55,No
14 years old,Male,9th grade,1.78,88.45,No
16 years old,Male,10th grade,1.88,81.65,No
14 years old,Female,9th grade,1.57,54.43,No
15 years old,Female,9th grade,1.63,52.16,No
15 years old,Male,10th grade,1.65,56.7,Yes
18 years old or older,Male,12th grade,1.83,67.13,Yes
15 years old,Male,9th grade,1.85,61.24,No
18 years old or older,Male,12th grade,1.83,72.58,No
14 years old,Female,9th grade,1.5,52.16,Yes
15 years old,Female,9th grade,1.57,48.54,Yes
15 years old,Male,9th grade,1.83,72.58,No
17 years old,Male,12th grade,1.83,77.11,No
14 years old,Male,9th grade,1.88,77.11,No
15 years old,Male,9th grade,1.78,74.39,No
17 years old,Male,12th grade,1.8,77.11,No
15 years old,Female,9th grade,1.57,52.16,No
18 years old or older,Male,12th grade,1.7,63.5,No
14 years old,Female,9th grade,1.6,95.71,No
15 years old,Male,9th grade,1.68,58.97,No
17 years old,Female,12th grade,1.73,99.79,No
15 years old,Male,9th grade,1.68,68.95,No
15 years old,Male,9th grade,1.68,62.14,Yes
17 years old,Female,12th grade,1.57,74.84,No
15 years old,Female,9th grade,1.6,43.55,No
18 years old or older,Female,12th grade,1.63,56.7,No
16 years old,Male,10th grade,1.75,71.22,No
16 years old,Female,11th grade,1.63,65.77,No
16 years old,Male,11th grade,1.83,132.45,No
17 years old,Female,12th grade,1.52,37.65,Yes
15 years old,Female,10th grade,1.73,56.7,Yes
16 years old,Male,10th grade,1.75,65.77,No
18 years old or older,Female,12th grade,1.63,60.33,No
17 years old,Male,10th grade,1.83,77.11,No
15 years old,Female,10th grade,1.55,66.23,No
17 years old,Male,12th grade,1.9,90.72,No
18 years old or older,Male,12th grade,1.8,58.97,No
17 years old,Male,11th grade,1.68,68.04,No
18 years old or older,Male,12th grade,1.68,77.11,No
15 years old,Female,10th grade,1.65,58.97,No
18 years old or older,Male,11th grade,1.73,79.38,Yes
18 years old or older,Male,12th grade,1.83,158.76,Yes
15 years old,Male,10th grade,1.88,111.13,No
17 years old,Male,10th grade,1.85,77.11,No
17 years old,Male,11th grade,1.8,86.18,No
16 years old,Female,11th grade,1.73,54.89,No
16 years old,Female,11th grade,1.57,54.43,No
18 years old or older,Male,12th grade,1.83,56.7,No
16 years old,Male,10th grade,1.8,83.92,No
17 years old,Female,11th grade,1.6,64.86,No
17 years old,Female,12th grade,1.73,102.06,No
16 years old,Female,10th grade,1.73,58.97,No
17 years old,Male,11th grade,1.75,54.43,Yes
17 years old,Male,11th grade,1.75,68.04,No
17 years old,Female,12th grade,1.7,47.63,Yes
16 years old,Female,10th grade,1.65,54.43,No
16 years old,Female,11th grade,1.63,56.7,No
16 years old,Male,11th grade,1.75,95.26,No
18 years old or older,Male,12th grade,1.68,61.24,No
16 years old,Male,10th grade,1.8,131.54,Yes
17 years old,Female,11th grade,1.6,56.7,No
16 years old,Male,11th grade,1.75,56.7,No
18 years old or older,Female,12th grade,1.7,68.04,No
15 years old,Male,10th grade,1.85,88.91,No
18 years old or older,Male,12th grade,1.78,65.77,No
16 years old,Female,10th grade,1.63,90.72,No
17 years old,Female,11th grade,1.57,65.77,No
17 years old,Male,11th grade,1.7,64.86,No
18 years old or older,Female,12th grade,1.63,90.72,No
16 years old,Male,11th grade,1.68,49.9,No
17 years old,Female,11th grade,1.55,47.63,Yes
17 years old,Female,12th grade,1.75,65.77,No
16 years old,Male,10th grade,1.85,81.65,No
16 years old,Male,11th grade,1.8,61.24,No
16 years old,Female,10th grade,1.68,104.33,Yes
17 years old,Male,10th grade,1.75,54.89,No
17 years old,Male,12th grade,1.85,83.46,No
16 years old,Female,10th grade,1.7,52.62,Yes
16 years old,Female,11th grade,1.78,99.79,No
16 years old,Male,11th grade,1.83,63.5,No
18 years old or older,Female,12th grade,1.7,61.24,No
16 years old,Male,10th grade,1.83,56.7,Yes
17 years old,Male,11th grade,1.9,65.77,No
17 years old,Female,12th grade,1.68,53.07,No
16 years old,Female,10th grade,1.57,50.35,No
16 years old,Male,11th grade,1.78,72.58,No
18 years old or older,Male,12th grade,1.75,68.04,No
16 years old,Female,10th grade,1.57,56.7,No
16 years old,Male,11th grade,1.78,56.25,No
16 years old,Male,10th grade,1.63,65.77,No
18 years old or older,Female,12th grade,1.68,58.97,No
16 years old,Male,10th grade,1.73,48.54,No
17 years old,Male,11th grade,1.8,63.5,No
16 years old,Female,11th grade,1.6,54.43,No
18 years old or older,Male,12th grade,1.73,65.77,No
16 years old,Male,10th grade,1.68,78.02,No
16 years old,Female,11th grade,1.6,75.75,No
17 years old,Female,11th grade,1.65,52.16,Yes
18 years old or older,Male,12th grade,1.7,90.72,No
15 years old,Female,10th grade,1.6,72.58,No
17 years old,Female,11th grade,1.57,72.58,No
17 years old,Male,11th grade,1.93,79.38,No
17 years old,Female,12th grade,1.73,56.7,No
17 years old,Male,11th grade,1.78,58.97,No
17 years old,Male,11th grade,1.8,62.14,Yes
17 years old,Female,12th grade,1.6,65.77,No
16 years old,Female,10th grade,1.73,65.77,No
18 years old or older,Male,11th grade,1.83,93.44,No
16 years old,Male,11th grade,1.73,70.31,No
16 years old,Male,11th grade,1.7,69.85,No
17 years old,Female,12th grade,1.68,113.4,No
16 years old,Male,10th grade,1.83,70.31,Yes
17 years old,Female,11th grade,1.63,49.9,No
18 years old or older,Female,12th grade,1.63,68.04,No
16 years old,Female,10th grade,1.57,50.8,No
16 years old,Male,11th grade,1.93,104.33,No
16 years old,Male,11th grade,1.73,80.74,No
18 years old or older,Male,12th grade,1.73,62.6,No
16 years old,Female,10th grade,1.65,49.9,No
16 years old,Female,11th grade,1.63,49.44,No
18 years old or older,Female,12th grade,1.6,58.97,Yes
18 years old or older,Male,12th grade,1.78,68.04,No
16 years old,Female,10th grade,1.52,53.52,No
17 years old,Female,12th grade,1.57,81.65,No
16 years old,Male,10th grade,1.78,68.49,No
15 years old,Male,9th grade,1.7,64.41,No
17 years old,Female,12th grade,1.65,66.23,No
14 years old,Female,9th grade,1.6,68.04,No
17 years old,Male,11th grade,1.75,74.84,No
17 years old,Male,12th grade,1.83,102.06,No
15 years old,Female,10th grade,1.52,68.95,No
14 years old,Female,9th grade,1.75,59.88,No
17 years old,Male,11th grade,1.83,68.04,No
18 years old or older,Female,12th grade,1.73,56.7,No
17 years old,Male,12th grade,1.88,72.58,No
15 years old,Female,10th grade,1.8,49.9,Yes
15 years old,Female,9th grade,1.63,68.04,Yes
16 years old,Male,11th grade,1.83,122.47,No
15 years old,Male,10th grade,1.8,76.2,No
15 years old,Male,9th grade,1.8,71.22,No
18 years old or older,Male,12th grade,1.73,78.93,No
14 years old,Female,9th grade,1.52,48.99,Yes
17 years old,Female,11th grade,1.55,79.38,No
17 years old,Female,12th grade,1.55,49.9,Yes
16 years old,Female,10th grade,1.63,54.43,No
15 years old,Male,9th grade,1.83,91.17,Yes
18 years old or older,Male,12th grade,1.7,50.8,No
15 years old,Female,10th grade,1.63,70.31,Yes
17 years old,Female,12th grade,1.6,56.7,No
15 years old,Female,10th grade,1.6,58.97,No
17 years old,Male,11th grade,1.8,64.41,No
17 years old,Female,12th grade,1.68,61.24,No
15 years old,Female,10th grade,1.65,97.52,No
14 years old,Female,9th grade,1.6,61.24,Yes
16 years old,Female,11th grade,1.73,67.13,No
15 years old,Female,10th grade,1.63,54.43,No
16 years old,Male,9th grade,1.65,66.23,Yes
18 years old or older,Male,12th grade,1.65,61.24,No
16 years old,Female,10th grade,1.55,68.04,No
18 years old or older,Male,12th grade,1.73,86.18,No
17 years old,Male,10th grade,1.75,97.52,No
18 years old or older,Female,12th grade,1.63,77.11,No
15 years old,Male,10th grade,1.83,86.18,No
16 years old,Female,11th grade,1.7,53.52,No
18 years old or older,Female,12th grade,1.57,72.58,No
16 years old,Female,10th grade,1.52,43.55,Yes
14 years old,Female,9th grade,1.73,49.9,No
17 years old,Male,11th grade,1.7,56.7,Yes
17 years old,Male,12th grade,1.88,68.95,No
15 years old,Female,10th grade,1.6,80.29,No
15 years old,Male,10th grade,1.78,63.5,No
16 years old,Female,11th grade,1.55,76.66,No
16 years old,Female,10th grade,1.73,74.84,No
15 years old,Female,9th grade,1.63,65.77,No
16 years old,Female,11th grade,1.65,70.31,No
18 years old or older,Male,12th grade,1.85,77.11,No
16 years old,Male,10th grade,1.8,102.06,No
15 years old,Female,9th grade,1.68,58.97,Yes
17 years old,Male,11th grade,1.78,83.01,No
18 years old or older,Male,12th grade,1.7,69.4,No
16 years old,Female,9th grade,1.57,99.79,No
14 years old,Male,9th grade,1.78,67.13,No
16 years old,Male,11th grade,1.65,70.31,No
18 years old or older,Male,12th grade,1.63,63.96,No
16 years old,Male,10th grade,1.75,68.04,Yes
18 years old or older,Female,12th grade,1.68,52.16,Yes
16 years old,Female,10th grade,1.57,56.7,Yes
18 years old or older,Male,12th grade,1.73,67.13,No
16 years old,Female,10th grade,1.55,68.04,No
17 years old,Male,11th grade,1.73,79.38,No
15 years old,Male,9th grade,1.75,40.82,Yes
15 years old,Male,9th grade,1.85,58.97,Yes
14 years old,Male,9th grade,1.73,61.24,No
15 years old,Male,9th grade,1.78,67.13,No
14 years old,Female,9th grade,1.52,40.82,No
14 years old,Male,9th grade,1.73,107.96,No
14 years old,Male,9th grade,1.8,63.5,No
14 years old,Female,9th grade,1.63,56.7,No
15 years old,Male,9th grade,1.85,68.04,No
14 years old,Male,9th grade,1.63,44.45,No
15 years old,Female,9th grade,1.55,47.63,Yes
15 years old,Male,9th grade,1.9,111.13,No
15 years old,Female,9th grade,1.68,68.04,No
16 years old,Male,9th grade,1.8,72.58,Yes
14 years old,Male,9th grade,1.68,61.24,No
14 years old,Male,9th grade,1.7,73.48,No
15 years old,Male,9th grade,1.68,61.24,No
14 years old,Female,9th grade,1.65,99.79,No
15 years old,Male,9th grade,1.75,63.5,No
14 years old,Male,9th grade,1.8,63.5,No
14 years old,Male,9th grade,1.73,97.07,No
15 years old,Male,9th grade,1.68,52.16,No
14 years old,Female,9th grade,1.68,56.7,No
15 years old,Male,9th grade,1.68,51.26,Yes
14 years old,Female,9th grade,1.63,45.36,No
15 years old,Female,9th grade,1.57,49.9,No
15 years old,Male,9th grade,1.63,56.7,No
15 years old,Male,9th grade,1.83,72.58,No
15 years old,Male,9th grade,1.75,72.58,No
14 years old,Female,9th grade,1.78,49.9,No
14 years old,Male,9th grade,1.73,58.97,No
14 years old,Female,9th grade,1.57,80.74,No
15 years old,Female,9th grade,1.55,47.63,No
14 years old,Male,9th grade,1.73,63.5,Yes
15 years old,Female,9th grade,1.55,70.76,Yes
14 years old,Female,9th grade,1.63,51.71,No
14 years old,Female,9th grade,1.55,48.99,No
14 years old,Male,9th grade,1.85,66.68,No
15 years old,Male,9th grade,1.73,63.5,No
14 years old,Female,9th grade,1.63,54.43,Yes
15 years old,Female,9th grade,1.6,52.62,Yes
14 years old,Female,9th grade,1.75,94.35,No
15 years old,Female,9th grade,1.55,49.9,Yes
15 years old,Male,9th grade,1.83,65.77,No
15 years old,Female,9th grade,1.68,54.43,No
16 years old,Male,11th grade,1.68,99.79,No
16 years old,Male,11th grade,1.88,72.58,No
17 years old,Female,12th grade,1.65,99.79,No
15 years old,Male,10th grade,1.83,58.51,Yes
17 years old,Male,11th grade,1.85,97.52,No
15 years old,Male,10th grade,1.83,68.04,No
18 years old or older,Female,12th grade,1.65,56.7,Yes
16 years old,Female,10th grade,1.6,55.34,No
16 years old,Male,10th grade,1.83,63.5,No
16 years old,Male,11th grade,1.63,52.16,No
16 years old,Male,10th grade,1.83,95.26,No
17 years old,Female,11th grade,1.73,58.97,No
15 years old,Female,10th grade,1.68,56.7,No
16 years old,Female,10th grade,1.73,74.84,No
17 years old,Male,12th grade,1.9,101.61,No
16 years old,Male,11th grade,1.83,104.33,No
17 years old,Male,12th grade,1.93,88.45,Yes
17 years old,Female,11th grade,1.55,68.04,No
15 years old,Male,10th grade,1.73,77.11,No
16 years old,Male,10th grade,1.65,56.7,Yes
16 years old,Male,10th grade,1.7,60.78,Yes
16 years old,Male,11th grade,1.85,83.92,Yes
16 years old,Female,11th grade,1.6,53.07,No
15 years old,Female,10th grade,1.65,63.5,No
16 years old,Male,10th grade,1.78,63.5,No
17 years old,Male,11th grade,1.73,63.5,No
15 years old,Female,10th grade,1.57,54.43,No
17 years old,Female,11th grade,1.68,47.63,No
15 years old,Male,10th grade,1.93,122.47,No
15 years old,Female,10th grade,1.65,69.85,No
16 years old,Male,10th grade,1.83,104.33,No
17 years old,Male,11th grade,1.7,78.47,No
17 years old,Male,11th grade,1.78,65.77,No
15 years old,Female,10th grade,1.68,63.5,No
15 years old,Male,10th grade,1.7,74.84,No
16 years old,Male,10th grade,1.83,70.31,Yes
18 years old or older,Male,12th grade,1.9,113.4,No
17 years old,Male,12th grade,1.8,74.84,No
15 years old,Male,10th grade,1.8,72.58,No
17 years old,Female,12th grade,1.63,54.43,No
15 years old,Male,10th grade,1.75,88.45,Yes
15 years old,Male,10th grade,1.73,79.38,No
16 years old,Male,11th grade,1.83,63.5,No
17 years old,Male,11th grade,1.83,68.04,No
15 years old,Female,10th grade,1.52,47.63,No
15 years old,Female,10th grade,1.57,47.63,No
17 years old,Female,11th grade,1.65,52.16,No
17 years old,Male,11th grade,1.9,70.76,No
17 years old,Male,12th grade,1.88,71.22,No
16 years old,Male,10th grade,1.8,63.5,Yes
17 years old,Male,11th grade,1.88,93.44,No
15 years old,Female,10th grade,1.6,58.97,No
15 years old,Female,10th grade,1.65,53.07,No
17 years old,Female,12th grade,1.88,49.9,No
16 years old,Male,10th grade,1.8,90.72,No
15 years old,Female,10th grade,1.7,68.04,No
15 years old,Male,10th grade,1.8,80.74,No
18 years old or older,Female,12th grade,1.68,56.7,No
16 years old,Male,11th grade,1.7,66.23,Yes
17 years old,Female,11th grade,1.68,52.16,No
16 years old,Female,10th grade,1.57,54.43,No
15 years old,Male,10th grade,1.78,72.58,No
18 years old or older,Male,12th grade,1.78,68.04,No
15 years old,Female,10th grade,1.7,54.43,No
17 years old,Female,11th grade,1.63,52.16,No
15 years old,Female,10th grade,1.65,74.84,Yes
16 years old,Male,10th grade,1.78,65.77,No
17 years old,Male,11th grade,1.83,76.66,Yes
18 years old or older,Female,12th grade,1.78,65.77,No
17 years old,Male,11th grade,1.8,72.58,No
17 years old,Female,11th grade,1.5,96.62,No
16 years old,Male,11th grade,1.6,62.6,No
16 years old,Male,11th grade,1.78,65.32,No
18 years old or older,Male,12th grade,1.8,77.11,No
18 years old or older,Female,12th grade,1.57,79.38,No
16 years old,Female,10th grade,1.57,49.9,Yes
17 years old,Female,12th grade,1.55,49.9,Yes
16 years old,Male,11th grade,1.8,77.11,Yes
15 years old,Female,10th grade,1.75,53.07,No
18 years old or older,Female,12th grade,1.63,61.24,No
15 years old,Female,10th grade,1.6,65.77,No
15 years old,Male,10th grade,1.9,97.52,Yes
15 years old,Male,10th grade,1.88,68.04,No
16 years old,Female,10th grade,1.7,56.7,No
17 years old,Female,11th grade,1.6,58.97,No
18 years old or older,Female,12th grade,1.57,48.99,No
15 years old,Female,10th grade,1.65,58.97,No
16 years old,Male,10th grade,1.85,68.04,No
17 years old,Male,12th grade,1.83,81.65,No
16 years old,Female,10th grade,1.8,61.24,No
16 years old,Female,11th grade,1.65,74.84,No
15 years old,Female,10th grade,1.7,54.43,No
17 years old,Female,12th grade,1.68,58.97,No
16 years old,Female,10th grade,1.7,65.77,No
16 years old,Female,10th grade,1.63,58.97,No
17 years old,Male,11th grade,1.78,70.31,No
17 years old,Male,12th grade,1.83,117.94,No
17 years old,Male,11th grade,1.8,79.38,Yes
17 years old,Male,11th grade,1.7,68.04,Yes
16 years old,Male,11th grade,1.83,74.84,No
16 years old,Female,10th grade,1.83,69.85,No
15 years old,Male,10th grade,1.9,83.92,Yes
16 years old,Male,11th grade,1.8,54.43,No
16 years old,Female,11th grade,1.57,62.6,No
15 years old,Male,10th grade,1.73,62.14,No
16 years old,Female,10th grade,1.65,61.24,Yes
16 years old,Male,10th grade,1.8,65.77,No
16 years old,Male,10th grade,1.75,58.97,Yes
18 years old or older,Female,12th grade,1.65,58.51,No
14 years old,Female,9th grade,1.6,54.43,No
17 years old,Male,11th grade,1.75,65.77,No
18 years old or older,Female,12th grade,1.68,57.61,Yes
16 years old,Female,10th grade,1.63,56.7,No
15 years old,Female,9th grade,1.57,62.14,No
17 years old,Male,11th grade,1.73,63.5,No
16 years old,Male,11th grade,1.83,70.31,Yes
17 years old,Male,11th grade,1.7,73.94,No
18 years old or older,Male,12th grade,1.78,115.67,No
14 years old,Female,9th grade,1.65,81.65,No
17 years old,Female,11th grade,1.7,97.07,Yes
16 years old,Female,10th grade,1.55,56.7,Yes
14 years old,Male,9th grade,1.75,95.26,No
17 years old,Female,11th grade,1.68,72.58,No
18 years old or older,Male,12th grade,1.73,79.38,No
16 years old,Male,10th grade,1.8,72.58,Yes
14 years old,Male,9th grade,1.7,52.16,No
17 years old,Female,11th grade,1.63,54.43,No
18 years old or older,Male,12th grade,1.68,72.58,No
15 years old,Male,10th grade,1.65,58.97,No
18 years old or older,Female,12th grade,1.73,68.04,No
14 years old,Female,9th grade,1.55,46.72,Yes
17 years old,Female,11th grade,1.75,70.31,No
15 years old,Female,9th grade,1.57,49.44,Yes
17 years old,Female,11th grade,1.88,72.58,No
18 years old or older,Female,12th grade,1.57,51.71,Yes
15 years old,Female,9th grade,1.57,49.9,Yes
15 years old,Male,10th grade,1.85,61.69,No
15 years old,Male,9th grade,1.8,63.5,No
17 years old,Male,11th grade,1.88,77.11,No
17 years old,Male,12th grade,1.75,77.11,No
17 years old,Male,11th grade,1.88,65.77,No
17 years old,Male,12th grade,1.8,81.65,No
15 years old,Male,10th grade,1.73,72.58,No
15 years old,Male,9th grade,1.73,63.5,No
16 years old,Female,11th grade,1.75,81.65,No
17 years old,Male,11th grade,1.8,56.7,No
16 years old,Male,10th grade,1.7,61.24,No
15 years old,Male,9th grade,1.98,58.97,Yes
16 years old,Male,10th grade,1.7,74.84,Yes
15 years old,Male,9th grade,1.83,54.43,No
16 years old,Female,11th grade,1.65,45.36,No
18 years old or older,Male,12th grade,1.88,70.31,Yes
16 years old,Male,10th grade,1.78,71.67,Yes
17 years old,Female,11th grade,1.68,72.58,No
17 years old,Male,12th grade,1.78,72.58,No
16 years old,Female,10th grade,1.7,62.14,Yes
18 years old or older,Female,12th grade,1.6,63.96,No
16 years old,Female,9th grade,1.73,68.04,No
17 years old,Female,12th grade,1.63,52.16,No
15 years old,Female,10th grade,1.6,49.44,No
14 years old,Male,9th grade,1.63,64.41,No
16 years old,Male,11th grade,1.9,83.46,No
18 years old or older,Male,12th grade,1.78,99.79,No
16 years old,Male,10th grade,1.78,86.18,No
15 years old,Male,9th grade,1.68,72.58,No
16 years old,Male,11th grade,1.75,77.11,No
17 years old,Female,11th grade,1.57,129.73,No
17 years old,Male,12th grade,1.78,99.79,No
15 years old,Male,10th grade,1.78,52.16,No
18 years old or older,Female,12th grade,1.6,74.84,Yes
16 years old,Male,10th grade,1.78,58.97,No
14 years old,Female,9th grade,1.7,86.18,Yes
18 years old or older,Female,12th grade,1.73,126.1,Yes
15 years old,Male,10th grade,1.75,65.77,No
16 years old,Female,11th grade,1.65,68.04,No
16 years old,Male,11th grade,1.75,104.33,Yes
15 years old,Female,10th grade,1.73,81.65,No
14 years old,Female,9th grade,1.57,90.27,Yes
16 years old,Male,11th grade,1.85,58.97,No
18 years old or older,Male,12th grade,1.85,63.5,No
17 years old,Female,11th grade,1.73,58.97,No
15 years old,Female,10th grade,1.57,53.98,No
18 years old or older,Female,12th grade,1.55,56.7,Yes
16 years old,Male,10th grade,1.83,120.2,No
14 years old,Male,9th grade,1.73,80.29,Yes
17 years old,Male,11th grade,1.78,88,No
17 years old,Male,11th grade,1.75,61.24,Yes
17 years old,Female,12th grade,1.63,53.52,No
16 years old,Female,10th grade,1.65,86.18,Yes
18 years old or older,Male,11th grade,1.83,72.58,No
17 years old,Male,12th grade,1.8,97.52,No
17 years old,Female,12th grade,1.55,78.93,No
15 years old,Male,9th grade,1.8,70.31,No
17 years old,Female,11th grade,1.63,54.43,No
15 years old,Female,10th grade,1.65,52.62,No
15 years old,Female,9th grade,1.65,61.69,No
16 years old,Male,11th grade,1.83,73.03,No
18 years old or older,Male,12th grade,1.75,81.65,No
14 years old,Male,9th grade,1.7,56.7,Yes
17 years old,Male,11th grade,1.7,54.43,No
16 years old,Female,11th grade,1.63,66.23,Yes
18 years old or older,Male,12th grade,1.73,74.84,No
15 years old,Male,9th grade,1.78,97.52,No
17 years old,Male,11th grade,1.8,52.16,No
17 years old,Male,11th grade,1.88,99.79,No
18 years old or older,Male,12th grade,1.85,65.77,No
14 years old,Male,9th grade,1.8,90.27,No
17 years old,Female,11th grade,1.68,72.58,No
15 years old,Female,10th grade,1.7,95.26,No
16 years old,Male,10th grade,1.83,125.19,Yes
17 years old,Female,11th grade,1.57,72.58,No
18 years old or older,Female,12th grade,1.65,54.43,No
16 years old,Male,10th grade,1.78,74.84,Yes
15 years old,Male,9th grade,1.65,61.24,No
16 years old,Female,11th grade,1.65,56.25,No
18 years old or older,Female,12th grade,1.7,61.24,No
15 years old,Female,10th grade,1.57,81.65,No
15 years old,Female,9th grade,1.68,58.97,Yes
18 years old or older,Male,12th grade,1.63,52.16,No
15 years old,Male,10th grade,1.7,92.99,No
15 years old,Male,9th grade,1.68,54.43,No
16 years old,Male,11th grade,1.75,75.75,No
15 years old,Female,10th grade,1.7,58.97,No
18 years old or older,Male,12th grade,1.73,90.72,No
18 years old or older,Female,12th grade,1.65,136.08,Yes
14 years old,Female,9th grade,1.55,49.9,No
17 years old,Male,11th grade,1.73,71.67,No
16 years old,Female,11th grade,1.57,72.58,Yes
18 years old or older,Female,12th grade,1.65,68.49,Yes
18 years old or older,Female,12th grade,1.6,74.84,No
14 years old,Male,9th grade,1.78,63.05,No
14 years old,Female,9th grade,1.6,36.29,No
18 years old or older,Male,12th grade,1.75,70.31,No
16 years old,Male,11th grade,1.7,61.24,No
17 years old,Female,12th grade,1.75,68.04,No
15 years old,Female,9th grade,1.73,64.41,Yes
16 years old,Female,11th grade,1.52,47.63,Yes
17 years old,Female,12th grade,1.65,56.7,No
16 years old,Male,11th grade,1.8,67.13,No
18 years old or older,Female,12th grade,1.52,50.8,No
15 years old,Male,9th grade,1.73,54.43,No
15 years old,Male,9th grade,1.8,71.22,No
14 years old,Female,9th grade,1.68,81.65,No
17 years old,Female,12th grade,1.6,70.31,Yes
17 years old,Male,11th grade,1.7,81.65,No
18 years old or older,Female,12th grade,1.63,90.72,No
15 years old,Female,10th grade,1.63,72.58,No
14 years old,Male,9th grade,1.57,46.72,Yes
15 years old,Female,9th grade,1.7,58.97,No
17 years old,Male,12th grade,1.83,65.77,No
17 years old,Male,11th grade,1.7,65.77,No
18 years old or older,Female,12th grade,1.63,52.16,Yes
16 years old,Male,10th grade,1.7,59.42,Yes
16 years old,Male,10th grade,1.6,61.24,No
14 years old,Female,9th grade,1.6,47.17,Yes
17 years old,Female,11th grade,1.63,58.97,Yes
16 years old,Male,11th grade,1.83,92.08,Yes
17 years old,Female,12th grade,1.68,88.45,No
14 years old,Male,9th grade,1.75,72.58,No
14 years old,Female,9th grade,1.8,90.72,No
16 years old,Male,11th grade,1.83,67.13,No
16 years old,Female,11th grade,1.57,52.16,No
17 years old,Male,12th grade,1.65,39.46,No
15 years old,Female,9th grade,1.6,65.77,No
17 years old,Male,12th grade,1.8,69.4,No
17 years old,Male,11th grade,1.7,68.04,No
18 years old or older,Male,12th grade,1.73,61.24,No
15 years old,Female,10th grade,1.63,52.16,No
14 years old,Female,9th grade,1.68,45.81,No
17 years old,Female,12th grade,1.7,72.58,No
17 years old,Male,11th grade,1.78,92.99,Yes
17 years old,Female,12th grade,1.65,71.67,No
16 years old,Male,10th grade,1.78,56.7,No
14 years old,Male,9th grade,1.75,76.2,Yes
15 years old,Male,9th grade,1.75,69.85,No
18 years old or older,Female,12th grade,1.52,45.36,Yes
16 years old,Male,11th grade,1.85,73.48,No
15 years old,Female,9th grade,1.75,54.43,Yes
15 years old,Male,9th grade,1.75,46.27,No
17 years old,Male,12th grade,1.73,81.65,Yes
17 years old,Male,11th grade,1.78,68.04,No
17 years old,Male,12th grade,1.83,97.52,No
15 years old,Male,10th grade,1.68,68.49,No
16 years old,Male,10th grade,1.83,77.11,No
14 years old,Male,9th grade,1.65,49.9,No
17 years old,Female,11th grade,1.52,65.77,No
18 years old or older,Female,12th grade,1.63,49.9,No
14 years old,Male,9th grade,1.68,54.43,Yes
15 years old,Female,9th grade,1.78,86.18,Yes
17 years old,Female,12th grade,1.6,56.25,Yes
17 years old,Male,11th grade,1.96,120.2,Yes
18 years old or older,Male,12th grade,1.83,63.5,Yes
16 years old,Male,10th grade,1.85,86.18,Yes
14 years old,Female,9th grade,1.7,49.44,Yes
18 years old or older,Female,12th grade,1.63,77.11,No
17 years old,Male,11th grade,1.8,70.31,No
18 years old or older,Female,12th grade,1.83,58.97,No
14 years old,Male,9th grade,1.6,49.9,No
15 years old,Male,9th grade,1.8,58.97,Yes
16 years old,Female,11th grade,1.52,61.24,No
18 years old or older,Male,12th grade,1.8,72.58,No
15 years old,Male,9th grade,1.8,86.18,No
14 years old,Male,9th grade,1.75,63.5,Yes
17 years old,Male,11th grade,1.7,88.45,No
17 years old,Male,12th grade,1.68,63.5,No
17 years old,Male,12th grade,1.78,79.38,No
16 years old,Female,10th grade,1.73,77.11,Yes
15 years old,Female,10th grade,1.68,56.7,No
15 years old,Female,9th grade,1.52,49.9,No
15 years old,Male,9th grade,1.73,77.11,Yes
17 years old,Male,11th grade,1.78,90.72,No
18 years old or older,Female,11th grade,1.7,127.01,No
16 years old,Female,12th grade,1.75,60.33,No
16 years old,Male,10th grade,1.78,58.97,Yes
15 years old,Female,10th grade,1.7,58.97,No
14 years old,Female,9th grade,1.57,54.43,No
17 years old,Male,11th grade,1.7,63.5,No
17 years old,Male,12th grade,1.8,92.99,No
15 years old,Male,10th grade,1.8,81.65,No
15 years old,Male,10th grade,1.7,61.24,No
14 years old,Female,9th grade,1.6,48.99,Yes
15 years old,Female,9th grade,1.65,61.24,No
18 years old or older,Male,12th grade,1.78,79.38,No
16 years old,Female,11th grade,1.52,49.9,Yes
17 years old,Female,12th grade,1.8,81.65,No
14 years old,Female,9th grade,1.52,49.44,No
15 years old,Male,9th grade,1.55,46.27,Yes
18 years old or older,Female,12th grade,1.68,64.41,Yes
17 years old,Male,11th grade,1.83,97.52,No
17 years old,Female,12th grade,1.73,70.31,No
15 years old,Female,10th grade,1.6,63.5,No
14 years old,Female,9th grade,1.57,44.45,No
18 years old or older,Female,12th grade,1.5,88.91,No
17 years old,Male,11th grade,1.83,104.33,Yes
17 years old,Female,12th grade,1.73,74.84,No
15 years old,Female,10th grade,1.75,58.06,No
15 years old,Male,10th grade,1.7,88.45,No
15 years old,Male,9th grade,1.75,68.04,No
14 years old,Male,9th grade,1.75,83.92,No
18 years old or older,Female,12th grade,1.6,57.61,Yes
16 years old,Male,11th grade,1.8,49.9,Yes
16 years old,Male,10th grade,1.8,120.2,No
15 years old,Female,10th grade,1.68,65.77,No
14 years old,Female,9th grade,1.57,47.17,Yes
15 years old,Female,9th grade,1.57,51.26,Yes
17 years old,Female,11th grade,1.57,61.24,No
18 years old or older,Male,12th grade,1.9,78.02,No
16 years old,Male,10th grade,1.68,58.97,Yes
16 years old,Female,10th grade,1.57,44.45,No
14 years old,Female,9th grade,1.65,58.51,No
15 years old,Female,9th grade,1.55,49.44,No
16 years old,Female,11th grade,1.52,52.16,No
15 years old,Male,10th grade,1.8,61.69,No
15 years old,Male,9th grade,1.73,61.69,No
15 years old,Male,9th grade,1.78,99.79,Yes
17 years old,Male,12th grade,1.83,70.31,No
16 years old,Female,11th grade,1.6,81.65,No
16 years old,Male,10th grade,1.73,77.11,No
15 years old,Male,10th grade,1.85,79.38,No
14 years old,Male,9th grade,1.7,77.11,Yes
17 years old,Female,12th grade,1.63,56.7,No
17 years old,Female,11th grade,1.57,45.36,Yes
16 years old,Female,10th grade,1.65,49.9,No
16 years old,Male,10th grade,1.75,112.49,No
15 years old,Male,9th grade,1.78,76.2,No
15 years old,Male,9th grade,1.78,67.59,No
17 years old,Female,12th grade,1.68,74.84,No
16 years old,Male,11th grade,1.9,79.83,No
16 years old,Male,10th grade,1.68,62.6,No
16 years old,Male,10th grade,1.85,95.26,No
14 years old,Male,9th grade,1.8,72.58,No
17 years old,Male,11th grade,1.88,71.22,No
17 years old,Female,11th grade,1.68,57.15,No
15 years old,Male,10th grade,1.75,65.77,No
15 years old,Male,9th grade,1.78,56.7,Yes
14 years old,Female,9th grade,1.68,72.58,No
16 years old,Male,11th grade,1.78,70.31,No
15 years old,Male,10th grade,1.73,74.39,Yes
16 years old,Male,11th grade,1.7,81.65,No
17 years old,Male,11th grade,1.83,89.36,Yes
17 years old,Male,11th grade,1.78,72.58,No
17 years old,Female,11th grade,1.63,58.97,No
17 years old,Female,11th grade,1.7,58.97,No
16 years old,Female,10th grade,1.5,68.04,No
15 years old,Female,10th grade,1.73,58.97,No
15 years old,Female,10th grade,1.63,52.16,No
16 years old,Female,10th grade,1.6,83.92,No
16 years old,Male,10th grade,1.73,72.58,No
16 years old,Male,10th grade,1.75,74.84,No
15 years old,Male,10th grade,1.65,54.43,Yes
14 years old,Female,9th grade,1.68,90.72,Yes
17 years old,Female,10th grade,1.73,86.18,No
16 years old,Male,10th grade,1.65,55.34,No
15 years old,Female,10th grade,1.6,63.5,No
15 years old,Male,9th grade,1.68,64.41,No
16 years old,Male,9th grade,1.73,58.97,No
15 years old,Female,9th grade,1.6,55.79,No
16 years old,Male,9th grade,1.83,77.11,No
17 years old,Male,11th grade,1.78,74.84,No
17 years old,Male,11th grade,1.78,92.99,No
16 years old,Male,11th grade,1.8,77.11,No
17 years old,Female,11th grade,1.65,102.06,Yes
16 years old,Male,11th grade,1.65,86.18,No
15 years old,Male,9th grade,1.73,51.26,No
14 years old,Male,9th grade,1.65,106.6,No
16 years old,Female,10th grade,1.63,65.77,No
15 years old,Male,10th grade,1.75,77.11,No
16 years old,Female,10th grade,1.7,83.92,No
16 years old,Female,10th grade,1.52,45.36,No
16 years old,Male,10th grade,1.68,92.53,Yes
15 years old,Male,9th grade,1.85,74.84,No
14 years old,Male,9th grade,1.6,43.09,Yes
15 years old,Female,9th grade,1.6,59.88,No
15 years old,Male,10th grade,1.75,88.45,No
14 years old,Male,9th grade,1.8,97.52,Yes
17 years old,Male,12th grade,1.85,86.18,No
17 years old,Male,11th grade,1.68,61.24,No
15 years old,Male,9th grade,1.75,67.13,No
17 years old,Male,12th grade,1.78,70.31,No
17 years old,Male,11th grade,1.68,65.77,No
16 years old,Male,10th grade,1.68,56.7,No
14 years old,Male,9th grade,1.8,81.65,Yes
18 years old or older,Male,12th grade,1.83,61.24,No
16 years old,Male,11th grade,1.73,65.77,No
16 years old,Male,10th grade,1.78,79.38,Yes
18 years old or older,Male,12th grade,1.96,97.52,No
16 years old,Male,11th grade,1.83,102.06,No
15 years old,Male,10th grade,1.78,74.39,Yes
15 years old,Male,9th grade,1.7,84.82,Yes
18 years old or older,Male,12th grade,1.88,71.67,No
17 years old,Male,11th grade,1.88,81.65,Yes
16 years old,Male,9th grade,1.63,54.43,No
18 years old or older,Male,12th grade,1.83,77.11,No
17 years old,Male,11th grade,1.88,68.04,No
17 years old,Male,12th grade,1.83,65.77,No
17 years old,Male,11th grade,1.83,86.18,No
14 years old,Male,9th grade,1.83,68.49,No
17 years old,Male,12th grade,1.83,88.45,No
17 years old,Male,11th grade,1.78,63.5,No
15 years old,Male,10th grade,1.83,65.77,No
18 years old or older,Male,12th grade,1.78,65.77,No
16 years old,Male,11th grade,1.88,99.79,No
16 years old,Male,10th grade,1.68,49.9,No
15 years old,Male,9th grade,1.68,58.97,No
18 years old or older,Male,12th grade,1.75,71.67,No
17 years old,Male,11th grade,1.85,77.11,No
15 years old,Male,10th grade,1.73,54.43,Yes
18 years old or older,Male,12th grade,1.75,81.65,No
17 years old,Male,11th grade,1.88,88.45,No
16 years old,Male,10th grade,1.7,99.79,Yes
14 years old,Male,9th grade,1.68,75.75,No
18 years old or older,Male,12th grade,1.88,88.45,No
15 years old,Male,10th grade,1.68,61.24,No
18 years old or older,Male,12th grade,1.85,80.74,No
16 years old,Male,11th grade,1.96,102.06,Yes
16 years old,Male,10th grade,1.73,68.04,No
15 years old,Male,9th grade,1.8,72.58,No
18 years old or older,Male,12th grade,1.83,83.01,Yes
17 years old,Male,11th grade,1.85,84.37,No
15 years old,Male,10th grade,1.83,96.62,No
14 years old,Male,9th grade,1.75,61.24,No
18 years old or older,Male,12th grade,1.7,65.77,No
16 years old,Male,11th grade,1.83,58.97,No
16 years old,Male,10th grade,1.85,72.58,No
14 years old,Male,9th grade,1.63,58.97,No
16 years old,Male,10th grade,1.8,79.38,No
15 years old,Male,9th grade,1.85,65.77,No
15 years old,Male,10th grade,1.75,73.03,No
14 years old,Male,9th grade,1.78,80.29,No
16 years old,Male,10th grade,1.78,70.31,No
15 years old,Male,9th grade,1.8,63.5,No
17 years old,Male,12th grade,1.78,75.75,No
16 years old,Male,10th grade,1.83,59.88,No
14 years old,Male,9th grade,1.78,58.97,No
18 years old or older,Male,12th grade,1.78,61.24,No
16 years old,Male,10th grade,1.88,77.11,No
14 years old,Male,9th grade,1.8,56.7,No
18 years old or older,Male,12th grade,1.83,72.58,No
15 years old,Male,10th grade,1.73,73.94,No
15 years old,Male,9th grade,1.68,60.33,Yes
18 years old or older,Male,12th grade,1.8,78.02,No
16 years old,Male,11th grade,1.85,87.09,No
16 years old,Male,10th grade,1.75,63.5,No
18 years old or older,Male,12th grade,1.83,94.35,No
16 years old,Male,11th grade,1.83,112.49,Yes
16 years old,Male,10th grade,1.78,54.43,No
17 years old,Male,12th grade,1.9,81.65,No
16 years old,Male,11th grade,1.75,65.32,Yes
15 years old,Male,10th grade,1.75,61.24,No
15 years old,Male,9th grade,1.9,77.11,Yes
16 years old,Male,10th grade,1.78,88.45,Yes
15 years old,Male,9th grade,1.88,79.38,No
18 years old or older,Male,12th grade,1.8,72.58,No
17 years old,Male,11th grade,1.7,72.58,No
15 years old,Male,9th grade,1.96,81.65,Yes
18 years old or older,Male,12th grade,1.93,147.42,No
15 years old,Male,11th grade,1.73,88.45,No
14 years old,Male,9th grade,1.83,65.77,No
17 years old,Male,12th grade,1.7,72.58,Yes
18 years old or older,Male,12th grade,1.7,58.97,Yes
17 years old,Male,11th grade,1.8,87.09,No
17 years old,Male,12th grade,1.9,68.04,No
16 years old,Female,10th grade,1.65,86.18,No
17 years old,Male,11th grade,1.88,113.4,No
16 years old,Female,10th grade,1.68,56.7,Yes
17 years old,Male,12th grade,1.8,72.12,No
14 years old,Female,9th grade,1.65,52.16,No
17 years old,Female,11th grade,1.5,79.38,No
16 years old,Male,10th grade,1.83,104.33,Yes
17 years old,Male,12th grade,1.78,92.99,No
14 years old,Female,9th grade,1.57,49.44,No
17 years old,Male,11th grade,1.75,61.69,No
15 years old,Male,10th grade,1.68,58.97,No
17 years old,Female,12th grade,1.6,55.34,No
14 years old,Male,9th grade,1.68,47.63,No
17 years old,Male,11th grade,1.88,99.79,No
16 years old,Female,10th grade,1.68,58.97,No
17 years old,Female,12th grade,1.65,81.65,No
15 years old,Male,10th grade,1.78,71.67,No
17 years old,Male,12th grade,1.75,54.43,Yes
15 years old,Female,10th grade,1.6,81.65,No
17 years old,Female,12th grade,1.7,52.16,No
14 years old,Female,9th grade,1.65,56.7,No
15 years old,Female,10th grade,1.6,52.16,No
17 years old,Male,12th grade,1.9,86.18,No
15 years old,Male,9th grade,1.78,74.84,No
17 years old,Female,11th grade,1.65,58.97,Yes
15 years old,Male,10th grade,1.8,97.07,No
18 years old or older,Female,12th grade,1.63,53.98,No
15 years old,Male,10th grade,1.65,61.24,No
17 years old,Female,11th grade,1.6,53.98,No
15 years old,Female,10th grade,1.78,74.84,Yes
17 years old,Male,12th grade,1.68,63.5,No
15 years old,Male,10th grade,1.73,95.26,Yes
16 years old,Male,11th grade,1.68,58.97,No
17 years old,Male,10th grade,1.65,43.55,No
17 years old,Male,12th grade,1.73,70.31,No
15 years old,Male,9th grade,1.65,60.33,No
17 years old,Female,11th grade,1.52,44,Yes
15 years old,Female,10th grade,1.52,52.16,Yes
18 years old or older,Male,12th grade,1.63,68.04,No
16 years old,Male,10th grade,1.85,83.92,No
16 years old,Male,11th grade,1.78,90.72,No
15 years old,Male,10th grade,1.78,68.95,No
17 years old,Male,12th grade,1.73,73.48,No
14 years old,Male,9th grade,1.73,58.06,No
17 years old,Male,11th grade,1.85,95.26,No
16 years old,Male,10th grade,1.85,117.94,No
17 years old,Male,12th grade,1.78,69.4,No
15 years old,Male,10th grade,1.75,77.11,No
17 years old,Male,12th grade,1.75,40.82,No
15 years old,Female,10th grade,1.6,71.22,No
17 years old,Male,12th grade,1.68,65.77,No
14 years old,Female,9th grade,1.68,49.9,No
16 years old,Male,11th grade,1.88,61.24,Yes
16 years old,Female,10th grade,1.52,43.09,Yes
17 years old,Male,12th grade,1.75,63.5,No
16 years old,Female,11th grade,1.73,82.56,No
16 years old,Male,10th grade,1.7,86.18,No
17 years old,Female,12th grade,1.6,70.31,Yes
15 years old,Male,9th grade,1.73,49.9,No
17 years old,Male,11th grade,1.78,62.6,No
16 years old,Female,10th grade,1.63,81.65,No
17 years old,Male,12th grade,1.75,62.14,No
14 years old,Male,9th grade,1.68,48.99,Yes
17 years old,Female,11th grade,1.75,57.15,No
15 years old,Male,10th grade,1.88,76.2,No
14 years old,Male,9th grade,1.57,63.5,No
16 years old,Male,11th grade,1.78,61.24,No
18 years old or older,Male,12th grade,1.8,104.33,No
15 years old,Female,9th grade,1.68,47.17,No
16 years old,Male,11th grade,1.85,147.42,Yes
14 years old,Female,9th grade,1.57,44.45,Yes
16 years old,Male,11th grade,1.7,41.73,Yes
15 years old,Female,9th grade,1.75,63.5,Yes
15 years old,Female,9th grade,1.7,44.91,No
17 years old,Male,11th grade,1.78,107.96,No
15 years old,Female,10th grade,1.68,100.25,Yes
15 years old,Male,9th grade,1.7,57.15,No
17 years old,Male,11th grade,1.85,63.5,No
17 years old,Male,12th grade,1.75,54.43,No
14 years old,Male,9th grade,1.83,72.58,No
15 years old,Female,10th grade,1.65,58.97,No
18 years old or older,Female,12th grade,1.63,64.86,No
14 years old,Female,9th grade,1.7,52.16,No
16 years old,Male,11th grade,1.8,68.04,No
15 years old,Male,10th grade,1.7,52.16,No
17 years old,Male,12th grade,1.85,75.75,No
16 years old,Male,10th grade,1.75,97.52,No
15 years old,Male,10th grade,1.83,54.43,No
16 years old,Male,10th grade,1.78,76.2,No
15 years old,Male,10th grade,1.63,106.6,No
15 years old,Male,10th grade,1.83,111.13,No
17 years old,Male,11th grade,1.85,79.38,No
15 years old,Female,10th grade,1.6,49.9,No
14 years old,Male,9th grade,1.8,68.04,No
17 years old,Male,11th grade,1.78,91.17,No
16 years old,Male,10th grade,1.75,58.06,No
18 years old or older,Male,12th grade,1.75,83.92,No
15 years old,Male,9th grade,1.78,63.5,Yes
17 years old,Male,11th grade,1.83,81.65,No
16 years old,Female,10th grade,1.63,54.43,No
17 years old,Female,12th grade,1.78,70.31,No
14 years old,Female,9th grade,1.63,77.11,Yes
17 years old,Male,11th grade,1.85,79.38,No
15 years old,Female,10th grade,1.73,65.77,No
18 years old or older,Male,12th grade,1.85,70.31,No
15 years old,Male,9th grade,1.75,61.24,No
16 years old,Female,11th grade,1.73,58.97,No
16 years old,Female,10th grade,1.68,49.9,No
17 years old,Female,11th grade,1.63,56.7,No
15 years old,Female,10th grade,1.68,68.04,No
17 years old,Male,12th grade,1.7,61.24,No
15 years old,Female,12th grade,1.63,50.8,No
17 years old,Male,11th grade,1.73,65.77,No
15 years old,Male,10th grade,1.75,65.77,No
16 years old,Female,10th grade,1.57,72.58,No
17 years old,Female,12th grade,1.63,75.75,No
15 years old,Male,9th grade,1.8,108.86,No
17 years old,Male,11th grade,1.8,77.11,No
15 years old,Male,10th grade,1.7,63.5,No
17 years old,Female,12th grade,1.6,49.44,Yes
15 years old,Male,9th grade,1.73,52.16,No
17 years old,Female,11th grade,1.63,51.71,Yes
17 years old,Male,11th grade,1.73,68.04,No
16 years old,Female,10th grade,1.6,48.99,No
18 years old or older,Female,12th grade,1.7,54.89,No
15 years old,Male,9th grade,1.93,92.99,No
16 years old,Male,11th grade,1.78,61.24,No
15 years old,Female,10th grade,1.65,63.05,Yes
17 years old,Female,12th grade,1.63,75.75,No
17 years old,Male,11th grade,1.55,53.98,Yes
16 years old,Male,10th grade,1.83,58.97,No
14 years old,Female,9th grade,1.52,45.81,No
16 years old,Female,11th grade,1.75,70.76,Yes
15 years old,Female,10th grade,1.57,49.44,No
18 years old or older,Male,12th grade,1.78,79.38,No
14 years old,Female,9th grade,1.73,58.97,No
17 years old,Male,11th grade,1.78,54.89,No
16 years old,Male,10th grade,1.83,74.84,No
17 years old,Male,12th grade,1.73,65.77,No
15 years old,Female,9th grade,1.57,49.9,No
17 years old,Male,11th grade,1.75,83.92,No
16 years old,Male,10th grade,1.7,58.97,No
18 years old or older,Female,12th grade,1.7,79.38,No
14 years old,Male,9th grade,1.75,81.65,No
14 years old,Female,9th grade,1.63,58.97,No
17 years old,Male,11th grade,1.75,61.24,Yes
14 years old,Male,10th grade,1.73,54.43,Yes
17 years old,Male,12th grade,1.93,113.4,No
15 years old,Male,9th grade,1.65,49.9,No
15 years old,Female,9th grade,1.68,70.31,No
17 years old,Male,11th grade,1.88,63.5,No
16 years old,Male,10th grade,1.78,83.92,No
17 years old,Female,12th grade,1.63,52.16,No
14 years old,Male,9th grade,1.75,63.5,Yes
16 years old,Female,11th grade,1.55,58.97,No
15 years old,Female,10th grade,1.68,56.7,No
18 years old or older,Male,12th grade,1.8,69.4,No
14 years old,Male,9th grade,1.8,81.65,No
16 years old,Male,11th grade,1.83,83.92,No
16 years old,Male,10th grade,1.78,61.24,No
15 years old,Male,9th grade,1.7,61.24,No
17 years old,Female,11th grade,1.5,58.97,No
17 years old,Female,12th grade,1.78,64.86,No
15 years old,Male,9th grade,1.8,68.04,No
16 years old,Female,11th grade,1.75,67.59,No
15 years old,Male,10th grade,1.75,58.06,No
17 years old,Male,12th grade,1.78,79.38,No
15 years old,Male,9th grade,1.75,68.04,No
17 years old,Male,11th grade,1.73,74.84,No
16 years old,Male,10th grade,1.65,54.43,No
18 years old or older,Male,12th grade,1.85,62.6,No
13 years old,Female,9th grade,1.73,45.81,No
15 years old,Female,10th grade,1.6,55.79,No
18 years old or older,Female,12th grade,1.7,81.65,No
14 years old,Male,9th grade,1.75,56.7,No
15 years old,Female,10th grade,1.7,54.43,No
14 years old,Female,9th grade,1.68,54.43,Yes
15 years old,Female,9th grade,1.6,54.43,No
14 years old,Female,9th grade,1.52,40.82,No
15 years old,Female,10th grade,1.63,56.25,Yes
17 years old,Male,10th grade,1.78,108.86,No
17 years old,Female,11th grade,1.78,71.22,Yes
17 years old,Male,11th grade,1.78,113.4,Yes
17 years old,Male,12th grade,1.78,58.97,No
18 years old or older,Male,12th grade,1.73,68.04,Yes
14 years old,Female,9th grade,1.6,57.15,No
15 years old,Male,9th grade,1.75,64.86,No
17 years old,Female,11th grade,1.7,68.04,No
16 years old,Male,10th grade,1.8,83.92,Yes
15 years old,Female,10th grade,1.68,92.99,Yes
16 years old,Male,11th grade,1.8,72.58,No
16 years old,Male,11th grade,1.85,74.84,No
18 years old or older,Female,12th grade,1.47,54.43,No
17 years old,Female,12th grade,1.7,65.77,No
15 years old,Male,9th grade,1.65,83.01,Yes
15 years old,Male,10th grade,1.93,79.38,No
16 years old,Male,10th grade,1.78,95.26,No
17 years old,Male,11th grade,1.78,95.26,No
17 years old,Female,12th grade,1.68,61.24,No
17 years old,Female,12th grade,1.68,61.24,No
18 years old or older,Female,12th grade,1.75,131.54,Yes
15 years old,Female,9th grade,1.63,44.91,Yes
15 years old,Female,9th grade,1.63,46.27,No
16 years old,Female,10th grade,1.55,52.16,No
15 years old,Female,10th grade,1.65,42.18,No
17 years old,Female,11th grade,1.65,72.58,No
17 years old,Female,11th grade,1.6,61.24,No
17 years old,Female,12th grade,1.6,49.9,Yes
17 years old,Female,12th grade,1.75,56.7,No
15 years old,Female,9th grade,1.68,63.5,No
14 years old,Female,9th grade,1.6,53.52,Yes
15 years old,Male,10th grade,1.73,65.77,No
15 years old,Male,10th grade,1.78,57.61,No
17 years old,Male,11th grade,1.8,103.42,No
17 years old,Female,11th grade,1.7,70.31,Yes
18 years old or older,Female,12th grade,1.57,59.88,No
14 years old,Male,9th grade,1.75,61.24,No
15 years old,Male,9th grade,1.73,68.04,No
15 years old,Male,10th grade,1.78,77.11,No
16 years old,Male,10th grade,1.93,70.31,No
17 years old,Female,11th grade,1.65,65.77,Yes
17 years old,Female,12th grade,1.7,58.06,No
18 years old or older,Female,12th grade,1.57,58.97,No
15 years old,Male,9th grade,1.7,55.34,No
16 years old,Female,10th grade,1.68,56.7,No
15 years old,Male,10th grade,1.83,113.4,No
17 years old,Male,11th grade,1.75,77.11,No
17 years old,Female,12th grade,1.57,53.98,No
17 years old,Female,12th grade,1.8,108.86,No
15 years old,Female,9th grade,1.65,49.9,No
14 years old,Female,9th grade,1.57,54.43,No
16 years old,Female,10th grade,1.68,54.43,No
15 years old,Female,10th grade,1.7,54.89,No
17 years old,Male,11th grade,1.68,40.82,Yes
17 years old,Female,11th grade,1.55,45.36,No
17 years old,Male,12th grade,1.78,56.7,No
18 years old or older,Male,12th grade,1.78,104.33,No
15 years old,Male,9th grade,1.7,51.71,No
14 years old,Female,9th grade,1.63,77.57,No
16 years old,Male,10th grade,1.73,102.06,Yes
16 years old,Male,11th grade,1.78,72.58,No
16 years old,Female,11th grade,1.57,48.54,No
17 years old,Female,12th grade,1.55,47.63,No
18 years old or older,Male,12th grade,1.85,102.06,No
14 years old,Male,9th grade,1.8,68.04,No
15 years old,Male,9th grade,1.63,61.69,No
16 years old,Male,10th grade,1.7,68.95,No
15 years old,Female,10th grade,1.7,78.47,Yes
16 years old,Male,11th grade,1.83,58.97,No
14 years old,Female,9th grade,1.63,56.7,No
15 years old,Female,10th grade,1.63,49.44,No
16 years old,Female,11th grade,1.68,58.97,No
17 years old,Male,12th grade,1.78,83.92,No
18 years old or older,Male,12th grade,1.75,71.22,No
14 years old,Female,9th grade,1.55,43.09,No
15 years old,Female,10th grade,1.73,111.13,No
16 years old,Female,10th grade,1.73,53.52,Yes
16 years old,Male,11th grade,1.7,69.4,No
18 years old or older,Male,12th grade,1.83,65.77,No
18 years old or older,Female,12th grade,1.6,49.9,No
15 years old,Female,9th grade,1.63,79.38,No
14 years old,Male,9th grade,1.75,108.86,No
16 years old,Female,10th grade,1.65,67.13,Yes
15 years old,Male,10th grade,1.8,71.22,Yes
17 years old,Female,11th grade,1.8,89.81,Yes
16 years old,Male,11th grade,1.8,90.72,No
17 years old,Female,12th grade,1.5,54.43,No
17 years old,Female,12th grade,1.7,70.31,No
15 years old,Male,9th grade,1.68,63.5,No
15 years old,Male,9th grade,1.75,76.66,No
16 years old,Male,10th grade,1.7,58.06,No
16 years old,Male,10th grade,1.7,95.26,Yes
17 years old,Female,11th grade,1.75,127.92,No
18 years old or older,Male,12th grade,1.78,61.24,No
18 years old or older,Male,12th grade,1.88,124.74,No
15 years old,Female,9th grade,1.6,81.65,No
16 years old,Female,10th grade,1.55,44.45,No
14 years old,Female,9th grade,1.6,48.99,No
15 years old,Female,10th grade,1.63,63.5,No
16 years old,Male,12th grade,1.83,95.26,No
18 years old or older,Female,12th grade,1.6,63.5,No
15 years old,Male,9th grade,1.7,58.97,No
15 years old,Male,10th grade,1.83,104.33,No
17 years old,Female,11th grade,1.75,54.43,No
17 years old,Female,12th grade,1.63,83.92,No
17 years old,Female,12th grade,1.68,86.18,No
15 years old,Male,9th grade,1.83,74.84,No
14 years old,Male,9th grade,1.88,70.31,No
17 years old,Male,11th grade,1.8,140.62,No
18 years old or older,Female,12th grade,1.63,71.67,No
17 years old,Female,12th grade,1.63,61.24,No
14 years old,Female,9th grade,1.7,61.24,Yes
18 years old or older,Male,12th grade,1.83,86.18,No
14 years old,Male,9th grade,1.73,66.23,No
16 years old,Female,11th grade,1.83,68.49,Yes
17 years old,Female,12th grade,1.6,58.51,Yes
17 years old,Male,12th grade,1.85,74.84,No
15 years old,Female,9th grade,1.68,79.38,No
16 years old,Female,11th grade,1.7,74.84,Yes
17 years old,Female,12th grade,1.7,58.06,No
14 years old,Female,9th grade,1.57,45.36,No
14 years old,Male,9th grade,1.65,58.06,No
18 years old or older,Male,12th grade,1.83,71.22,No
17 years old,Male,12th grade,1.73,73.94,No
15 years old,Male,9th grade,1.68,46.72,No
14 years old,Female,9th grade,1.57,48.99,Yes
16 years old,Female,10th grade,1.75,58.97,No
15 years old,Female,9th grade,1.52,41.28,Yes
15 years old,Female,9th grade,1.63,55.79,Yes
16 years old,Male,10th grade,1.75,66.68,No
18 years old or older,Male,10th grade,1.55,136.08,No
16 years old,Female,11th grade,1.63,61.24,No
17 years old,Female,12th grade,1.75,59.88,No
18 years old or older,Female,12th grade,1.57,50.8,Yes
16 years old,Male,9th grade,1.7,94.35,No
15 years old,Male,9th grade,1.73,61.24,No
15 years old,Male,9th grade,1.78,65.77,No
15 years old,Male,9th grade,1.63,54.89,Yes
15 years old,Female,10th grade,1.65,56.25,No
16 years old,Female,10th grade,1.55,39.92,Yes
16 years old,Male,11th grade,1.65,58.97,No
18 years old or older,Male,12th grade,1.83,65.77,No
17 years old,Male,12th grade,1.8,68.04,No
15 years old,Male,9th grade,1.78,63.05,No
16 years old,Female,10th grade,1.68,53.52,No
15 years old,Female,10th grade,1.68,68.04,No
16 years old,Male,11th grade,1.75,55.79,No
18 years old or older,Male,11th grade,1.9,68.49,No
17 years old,Female,12th grade,1.52,72.58,Yes
15 years old,Male,9th grade,1.75,58.06,No
15 years old,Female,10th grade,1.6,56.7,No
16 years old,Male,11th grade,1.68,51.26,No
17 years old,Female,12th grade,1.7,58.97,Yes
18 years old or older,Male,12th grade,1.8,82.56,No
15 years old,Male,9th grade,1.9,102.06,No
14 years old,Male,9th grade,1.68,72.58,No
16 years old,Male,9th grade,1.88,90.72,Yes
18 years old or older,Female,12th grade,1.55,43.09,No
15 years old,Female,10th grade,1.7,106.6,No
15 years old,Female,9th grade,1.6,55.79,No
17 years old,Female,12th grade,1.73,59.88,No
15 years old,Male,10th grade,1.83,104.33,No
17 years old,Male,11th grade,1.73,54.43,No
16 years old,Male,10th grade,1.68,56.7,No
16 years old,Male,11th grade,1.83,72.58,No
15 years old,Female,9th grade,1.6,86.18,No
18 years old or older,Male,12th grade,1.83,77.11,No
15 years old,Male,10th grade,1.88,61.24,Yes
17 years old,Male,11th grade,1.73,61.69,No
15 years old,Male,9th grade,1.6,67.13,Yes
17 years old,Female,12th grade,1.7,63.5,No
15 years old,Female,9th grade,1.68,56.7,No
17 years old,Male,12th grade,1.68,61.24,No
16 years old,Female,10th grade,1.6,89.81,No
16 years old,Male,11th grade,1.83,72.58,No
14 years old,Male,9th grade,1.7,68.04,Yes
17 years old,Female,12th grade,1.7,68.04,No
16 years old,Female,10th grade,1.6,50.8,Yes
18 years old or older,Male,11th grade,1.73,71.67,No
14 years old,Female,9th grade,1.78,79.38,Yes
18 years old or older,Female,12th grade,1.7,82.56,No
16 years old,Male,11th grade,1.78,110.22,No
15 years old,Male,10th grade,1.73,63.5,No
17 years old,Male,11th grade,1.83,67.13,Yes
15 years old,Female,9th grade,1.63,43.09,Yes
15 years old,Female,10th grade,1.75,79.38,No
18 years old or older,Male,12th grade,1.78,56.7,No
14 years old,Female,9th grade,1.68,45.36,Yes
17 years old,Female,12th grade,1.73,68.04,No
16 years old,Male,9th grade,1.83,63.5,No
17 years old,Female,12th grade,1.52,54.43,No
15 years old,Male,10th grade,1.8,61.24,No
15 years old,Male,9th grade,1.8,54.43,No
18 years old or older,Female,12th grade,1.68,86.18,Yes
16 years old,Female,10th grade,1.63,54.43,No
17 years old,Male,12th grade,1.65,63.5,No
16 years old,Male,10th grade,1.78,54.43,No
18 years old or older,Female,12th grade,1.73,77.11,No
15 years old,Male,10th grade,1.8,65.77,No
16 years old,Male,11th grade,1.7,68.04,No
14 years old,Male,9th grade,1.73,63.5,No
18 years old or older,Female,12th grade,1.7,91.17,No
15 years old,Male,10th grade,1.7,65.77,No
16 years old,Male,9th grade,1.75,86.18,No
17 years old,Female,11th grade,1.57,58.97,Yes
15 years old,Female,9th grade,1.57,38.56,No
17 years old,Female,12th grade,1.85,72.12,No
17 years old,Male,10th grade,1.65,63.5,No
15 years old,Male,9th grade,1.65,77.11,No
17 years old,Female,12th grade,1.52,61.24,No
16 years old,Male,11th grade,1.78,95.26,No
18 years old or older,Female,12th grade,1.63,63.5,No
15 years old,Male,10th grade,1.8,49.9,Yes
18 years old or older,Male,11th grade,1.63,99.79,No
15 years old,Male,10th grade,1.7,56.7,No
16 years old,Male,11th grade,1.85,65.77,Yes
14 years old,Female,9th grade,1.63,95.26,Yes
18 years old or older,Female,12th grade,1.55,95.26,No
16 years old,Male,11th grade,1.8,83.92,No
14 years old,Female,9th grade,1.63,45.36,No
17 years old,Female,12th grade,1.57,52.16,No
15 years old,Female,10th grade,1.6,63.5,Yes
17 years old,Female,11th grade,1.57,48.08,No
15 years old,Female,9th grade,1.6,61.24,No
17 years old,Male,12th grade,1.9,97.52,Yes
15 years old,Female,10th grade,1.63,57.15,No
16 years old,Female,11th grade,1.63,68.04,No
17 years old,Female,12th grade,1.65,49.9,No
17 years old,Female,10th grade,1.57,81.65,No
17 years old,Female,11th grade,1.6,57.15,Yes
14 years old,Male,9th grade,1.83,63.5,No
18 years old or older,Female,12th grade,1.57,47.63,No
15 years old,Female,10th grade,1.57,54.43,Yes
16 years old,Female,11th grade,1.52,68.04,No
16 years old,Male,9th grade,1.63,51.26,No
18 years old or older,Male,12th grade,1.73,74.84,Yes
15 years old,Female,10th grade,1.73,49.44,No
17 years old,Female,11th grade,1.65,54.43,No
15 years old,Male,9th grade,1.8,74.39,No
17 years old,Male,12th grade,1.78,58.97,No
17 years old,Male,11th grade,1.73,72.58,No
18 years old or older,Female,12th grade,1.73,90.72,No
17 years old,Male,10th grade,1.65,58.97,No
15 years old,Male,10th grade,1.78,57.61,No
16 years old,Male,10th grade,1.83,81.65,Yes
16 years old,Female,10th grade,1.5,58.97,No
16 years old,Female,11th grade,1.55,72.58,No
16 years old,Female,10th grade,1.57,79.38,No
16 years old,Male,10th grade,1.73,54.43,No
17 years old,Female,11th grade,1.55,77.11,No
15 years old,Male,9th grade,1.75,80.29,No
15 years old,Female,9th grade,1.68,63.5,No
15 years old,Female,10th grade,1.63,98.43,No
16 years old,Male,9th grade,1.75,52.16,No
16 years old,Male,10th grade,1.65,54.43,No
16 years old,Male,10th grade,1.78,61.24,No
16 years old,Male,11th grade,1.85,70.31,Yes
16 years old,Male,10th grade,1.65,72.58,No
17 years old,Female,10th grade,1.6,90.72,No
16 years old,Female,10th grade,1.55,54.43,No
17 years old,Female,11th grade,1.6,58.97,No
17 years old,Female,11th grade,1.55,42.18,Yes
16 years old,Female,10th grade,1.55,52.62,No
17 years old,Female,11th grade,1.55,61.69,No
16 years old,Female,10th grade,1.6,62.6,No
14 years old,Male,9th grade,1.75,64.86,No
16 years old,Male,11th grade,1.6,58.51,No
18 years old or older,Female,12th grade,1.63,58.06,No
15 years old,Male,10th grade,1.75,72.58,No
17 years old,Female,11th grade,1.68,54.43,Yes
17 years old,Female,12th grade,1.73,63.5,Yes
14 years old,Male,9th grade,1.4,45.36,Yes
16 years old,Male,10th grade,1.8,65.77,No
17 years old,Female,11th grade,1.63,46.72,No
17 years old,Male,12th grade,1.85,86.18,No
14 years old,Male,9th grade,1.75,70.31,No
15 years old,Male,10th grade,1.78,70.31,No
16 years old,Female,11th grade,1.6,77.11,Yes
17 years old,Male,12th grade,1.83,70.31,No
15 years old,Female,9th grade,1.52,44,Yes
16 years old,Male,10th grade,1.68,56.7,No
16 years old,Female,11th grade,1.57,54.43,No
17 years old,Male,12th grade,1.7,65.77,No
14 years old,Male,9th grade,1.73,83.92,No
16 years old,Female,10th grade,1.57,59.88,No
15 years old,Male,9th grade,1.68,47.63,No
17 years old,Female,11th grade,1.7,61.24,No
17 years old,Female,11th grade,1.7,61.24,No
18 years old or older,Male,12th grade,1.83,77.11,No
15 years old,Male,9th grade,1.7,58.97,No
16 years old,Female,10th grade,1.63,52.16,Yes
16 years old,Male,11th grade,1.73,63.5,No
14 years old,Male,9th grade,1.7,58.97,Yes
15 years old,Female,10th grade,1.65,65.77,No
16 years old,Female,11th grade,1.65,56.7,No
18 years old or older,Male,12th grade,1.78,73.03,No
15 years old,Male,9th grade,1.65,50.8,No
16 years old,Female,10th grade,1.68,59.88,No
16 years old,Female,11th grade,1.65,49.9,No
17 years old,Male,12th grade,1.75,80.74,Yes
14 years old,Male,9th grade,1.83,94.8,No
15 years old,Male,10th grade,1.83,70.31,No
16 years old,Male,11th grade,1.83,72.58,No
17 years old,Female,12th grade,1.63,56.7,No
14 years old,Female,9th grade,1.63,60.78,No
16 years old,Male,10th grade,1.8,65.77,No
17 years old,Male,11th grade,1.65,56.7,No
18 years old or older,Female,12th grade,1.63,61.24,No
15 years old,Female,9th grade,1.7,68.04,No
16 years old,Male,10th grade,1.7,58.97,No
17 years old,Female,12th grade,1.6,57.61,No
15 years old,Male,9th grade,1.68,68.04,No
15 years old,Female,10th grade,1.65,54.43,Yes
17 years old,Male,11th grade,1.83,70.31,No
18 years old or older,Female,12th grade,1.57,56.7,No
15 years old,Male,9th grade,1.73,48.99,No
16 years old,Female,10th grade,1.68,64.41,Yes
18 years old or older,Male,12th grade,1.78,71.67,No
15 years old,Female,10th grade,1.7,56.7,No
17 years old,Male,11th grade,1.75,61.24,No
17 years old,Female,12th grade,1.63,62.6,No
16 years old,Male,10th grade,1.75,61.69,No
18 years old or older,Female,12th grade,1.65,61.24,No
16 years old,Female,10th grade,1.57,47.63,No
18 years old or older,Male,12th grade,1.85,64.41,Yes
14 years old,Female,9th grade,1.63,58.06,No
15 years old,Female,10th grade,1.6,56.7,No
16 years old,Male,11th grade,1.73,77.11,No
18 years old or older,Female,12th grade,1.6,49.9,No
18 years old or older,Female,12th grade,1.55,58.97,No
15 years old,Male,10th grade,1.68,57.61,No
18 years old or older,Male,12th grade,1.9,65.77,No
15 years old,Female,10th grade,1.57,54.43,Yes
18 years old or older,Male,12th grade,1.75,58.97,No
18 years old or older,Female,12th grade,1.63,58.51,No
15 years old,Female,9th grade,1.57,63.5,Yes
16 years old,Male,10th grade,1.68,62.6,No
17 years old,Male,11th grade,1.7,56.7,No
18 years old or older,Female,12th grade,1.55,62.6,No
17 years old,Female,12th grade,1.55,58.97,No
14 years old,Male,9th grade,1.7,59.42,No
15 years old,Male,9th grade,1.8,86.18,Yes
14 years old,Male,9th grade,1.78,58.97,Yes
15 years old,Female,9th grade,1.68,90.72,No
15 years old,Female,9th grade,1.57,47.63,No
18 years old or older,Female,12th grade,1.73,61.24,No
18 years old or older,Male,12th grade,1.85,72.58,No
16 years old,Male,10th grade,1.7,71.22,Yes
15 years old,Male,9th grade,1.73,85.73,No
15 years old,Male,10th grade,1.83,92.99,No
18 years old or older,Female,12th grade,1.6,81.65,No
17 years old,Female,12th grade,1.7,65.77,Yes
15 years old,Male,9th grade,1.85,66.68,Yes
15 years old,Female,10th grade,1.65,68.04,No
18 years old or older,Female,12th grade,1.55,48.54,Yes
18 years old or older,Female,12th grade,1.57,52.16,No
14 years old,Female,9th grade,1.7,108.86,Yes
16 years old,Female,9th grade,1.68,77.11,Yes
18 years old or older,Male,12th grade,1.8,74.84,No
15 years old,Female,9th grade,1.7,73.94,Yes
15 years old,Female,9th grade,1.68,54.89,No
17 years old,Female,12th grade,1.7,61.24,No
18 years old or older,Male,12th grade,1.88,122.47,No
14 years old,Female,9th grade,1.7,51.26,No
15 years old,Female,9th grade,1.6,86.18,No
17 years old,Female,10th grade,1.57,48.54,Yes
17 years old,Male,12th grade,1.93,145.15,No
17 years old,Male,12th grade,1.83,110.22,No
15 years old,Male,9th grade,1.7,61.24,No
16 years old,Female,10th grade,1.65,63.5,Yes
18 years old or older,Male,12th grade,1.9,90.72,No
14 years old,Male,9th grade,1.78,113.4,No
15 years old,Female,9th grade,1.78,101.61,No
16 years old,Male,9th grade,1.78,138.35,No
15 years old,Male,9th grade,1.68,55.79,No
15 years old,Female,10th grade,1.57,52.16,No
18 years old or older,Male,12th grade,1.8,86.18,No
15 years old,Female,9th grade,1.55,48.99,Yes
15 years old,Female,9th grade,1.57,48.99,Yes
18 years old or older,Female,12th grade,1.65,65.77,No
18 years old or older,Male,12th grade,1.75,61.24,No
15 years old,Male,10th grade,1.78,72.58,No
14 years old,Female,9th grade,1.83,104.33,Yes
14 years old,Female,9th grade,1.5,37.65,No
14 years old,Female,9th grade,1.63,56.7,No
16 years old,Female,10th grade,1.55,45.81,No
18 years old or older,Male,12th grade,1.73,63.5,No
17 years old,Female,12th grade,1.6,50.8,No
15 years old,Male,9th grade,1.83,109.77,No
15 years old,Male,9th grade,1.85,77.57,No
15 years old,Male,10th grade,1.93,77.11,No
18 years old or older,Male,12th grade,1.78,86.18,No
18 years old or older,Male,12th grade,1.73,56.7,No
14 years old,Female,9th grade,1.7,113.4,Yes
18 years old or older,Female,12th grade,1.6,72.58,Yes
18 years old or older,Male,12th grade,1.96,124.74,Yes
15 years old,Female,9th grade,1.52,47.63,Yes
15 years old,Female,9th grade,1.65,68.04,No
16 years old,Male,10th grade,1.93,79.38,No
18 years old or older,Male,12th grade,1.83,74.84,Yes
17 years old,Male,12th grade,1.7,72.58,No
15 years old,Female,9th grade,1.5,42.18,No
15 years old,Male,10th grade,1.57,49.9,No
15 years old,Male,9th grade,1.83,81.65,No
15 years old,Female,9th grade,1.65,52.62,Yes
16 years old,Female,10th grade,1.7,61.24,Yes
17 years old,Male,11th grade,1.73,61.24,No
17 years old,Female,11th grade,1.68,64.86,No
16 years old,Female,10th grade,1.65,104.33,Yes
16 years old,Male,10th grade,1.88,95.26,No
16 years old,Female,11th grade,1.63,86.18,No
15 years old,Female,10th grade,1.57,44,No
16 years old,Female,10th grade,1.6,54.43,No
18 years old or older,Male,12th grade,1.9,83.92,No
18 years old or older,Male,12th grade,1.88,81.65,No
15 years old,Male,10th grade,1.8,113.4,Yes
16 years old,Female,10th grade,1.7,76.66,Yes
16 years old,Male,11th grade,1.83,95.26,Yes
16 years old,Female,10th grade,1.68,121.11,Yes
17 years old,Male,11th grade,1.8,83.92,No
17 years old,Male,11th grade,1.63,49.9,No
16 years old,Male,10th grade,1.7,54.89,Yes
17 years old,Male,10th grade,1.9,88.45,No
15 years old,Male,10th grade,1.83,65.77,Yes
17 years old,Female,11th grade,1.73,59.88,Yes
17 years old,Male,11th grade,1.8,72.58,No
16 years old,Female,10th grade,1.55,52.16,No
15 years old,Female,10th grade,1.57,48.54,No
17 years old,Male,11th grade,1.96,63.96,Yes
16 years old,Female,11th grade,1.6,77.57,No
17 years old,Male,10th grade,1.68,65.77,Yes
16 years old,Male,11th grade,1.96,79.83,No
15 years old,Female,10th grade,1.7,45.81,Yes
16 years old,Male,11th grade,1.75,96.62,No
18 years old or older,Female,11th grade,1.55,65.32,Yes
15 years old,Male,10th grade,1.8,83.46,No
16 years old,Male,10th grade,1.83,73.94,No
17 years old,Female,11th grade,1.57,58.97,No
17 years old,Male,12th grade,1.73,74.84,No
16 years old,Male,10th grade,1.73,61.24,Yes
16 years old,Female,10th grade,1.65,81.65,No
16 years old,Female,11th grade,1.6,48.08,Yes
17 years old,Male,11th grade,1.78,58.97,No
15 years old,Female,10th grade,1.65,58.97,No
16 years old,Male,10th grade,1.73,90.72,Yes
17 years old,Female,11th grade,1.68,68.04,No
17 years old,Female,12th grade,1.57,57.61,No
15 years old,Male,10th grade,1.83,79.83,No
16 years old,Female,10th grade,1.57,54.43,No
17 years old,Female,11th grade,1.65,102.06,No
17 years old,Male,11th grade,1.68,106.6,Yes
15 years old,Female,10th grade,1.57,49.44,Yes
14 years old,Female,9th grade,1.6,68.04,No
15 years old,Female,10th grade,1.57,77.11,No
17 years old,Male,11th grade,1.85,78.47,No
18 years old or older,Male,12th grade,1.8,73.94,No
16 years old,Female,10th grade,1.68,68.04,No
17 years old,Male,11th grade,1.75,97.98,No
15 years old,Male,10th grade,1.8,73.94,No
16 years old,Female,10th grade,1.68,63.5,No
17 years old,Male,12th grade,1.83,81.65,No
18 years old or older,Female,12th grade,1.73,97.52,No
18 years old or older,Male,12th grade,1.83,79.83,No
18 years old or older,Female,12th grade,1.57,56.7,No
18 years old or older,Male,12th grade,1.83,61.69,No
18 years old or older,Male,12th grade,1.85,74.84,No
15 years old,Male,10th grade,1.63,53.98,No
17 years old,Male,11th grade,1.7,82.56,No
17 years old,Male,11th grade,1.83,70.31,No
15 years old,Male,10th grade,1.7,58.06,No
17 years old,Female,11th grade,1.65,76.2,No
17 years old,Male,12th grade,1.78,74.84,No
15 years old,Male,10th grade,1.83,68.04,No
15 years old,Female,10th grade,1.57,58.97,No
16 years old,Female,11th grade,1.63,53.98,No
16 years old,Female,10th grade,1.65,77.11,No
15 years old,Female,10th grade,1.65,56.7,No
16 years old,Male,10th grade,1.8,72.58,Yes
17 years old,Male,11th grade,1.83,63.5,No
15 years old,Male,10th grade,1.83,73.94,No
14 years old,Female,9th grade,1.57,45.81,No
18 years old or older,Female,12th grade,1.68,94.35,No
15 years old,Female,9th grade,1.63,44,No
16 years old,Female,10th grade,1.6,44.91,No
16 years old,Female,10th grade,1.68,61.24,No
16 years old,Female,10th grade,1.75,61.24,No
15 years old,Female,9th grade,1.57,55.79,No
16 years old,Female,11th grade,1.6,72.58,Yes
14 years old,Male,9th grade,1.78,70.31,No
15 years old,Male,9th grade,1.73,88,No
18 years old or older,Female,12th grade,1.7,58.97,Yes
18 years old or older,Female,12th grade,1.75,65.77,No
18 years old or older,Male,12th grade,1.78,124.74,No
15 years old,Female,10th grade,1.6,52.62,No
16 years old,Female,10th grade,1.63,47.63,No
14 years old,Female,9th grade,1.63,61.24,No
15 years old,Male,10th grade,1.83,68.04,No
17 years old,Female,12th grade,1.65,68.04,No
16 years old,Female,10th grade,1.63,93.44,No
15 years old,Female,10th grade,1.7,70.31,No
18 years old or older,Male,12th grade,1.83,64.86,No
15 years old,Female,9th grade,1.63,54.43,Yes
18 years old or older,Female,12th grade,1.63,63.5,No
15 years old,Female,10th grade,1.63,49.9,No
17 years old,Male,11th grade,1.78,65.77,No
16 years old,Male,11th grade,1.88,79.38,No
15 years old,Male,10th grade,1.75,83.92,No
17 years old,Male,11th grade,1.83,88.45,No
14 years old,Male,9th grade,1.7,63.5,No
15 years old,Male,10th grade,1.68,55.34,No
16 years old,Male,11th grade,1.68,68.95,No
17 years old,Male,11th grade,1.8,95.26,No
15 years old,Male,9th grade,1.75,68.04,Yes
14 years old,Female,9th grade,1.63,56.7,No
15 years old,Female,9th grade,1.65,64.41,Yes
14 years old,Female,9th grade,1.73,67.59,No
16 years old,Female,11th grade,1.78,58.97,No
15 years old,Female,9th grade,1.6,47.63,No
17 years old,Female,11th grade,1.73,58.97,No
15 years old,Female,10th grade,1.6,49.9,No
17 years old,Male,12th grade,1.9,72.58,No
16 years old,Female,10th grade,1.63,46.27,No
17 years old,Male,12th grade,1.75,63.5,No
16 years old,Female,11th grade,1.57,55.79,Yes
16 years old,Female,10th grade,1.65,63.5,No
17 years old,Female,11th grade,1.65,86.18,No
15 years old,Female,9th grade,1.63,56.7,No
17 years old,Male,11th grade,1.75,68.04,No
15 years old,Female,10th grade,1.52,65.77,No
16 years old,Male,11th grade,1.83,72.58,No
17 years old,Female,11th grade,1.83,65.77,No
16 years old,Female,10th grade,1.57,47.63,No
17 years old,Male,11th grade,1.8,106.6,No
17 years old,Female,11th grade,1.65,68.04,Yes
16 years old,Male,10th grade,1.83,62.14,No
17 years old,Male,11th grade,1.78,120.2,No
17 years old,Male,11th grade,1.68,58.97,No
16 years old,Female,10th grade,1.8,81.65,No
15 years old,Male,9th grade,1.83,77.11,No
17 years old,Female,11th grade,1.7,62.6,No
15 years old,Female,10th grade,1.7,99.79,No
15 years old,Female,10th grade,1.65,63.05,No
15 years old,Female,9th grade,1.68,56.7,No
17 years old,Female,11th grade,1.63,57.61,No
15 years old,Female,10th grade,1.75,49.9,No
15 years old,Female,9th grade,1.65,54.89,No
17 years old,Female,11th grade,1.6,63.5,No
15 years old,Male,10th grade,1.73,72.58,No
17 years old,Female,12th grade,1.8,79.38,Yes
17 years old,Male,11th grade,1.85,69.4,Yes
16 years old,Male,10th grade,1.88,73.03,No
17 years old,Male,12th grade,1.83,69.85,No
16 years old,Male,10th grade,1.85,95.26,Yes
16 years old,Female,11th grade,1.57,45.36,No
16 years old,Female,11th grade,1.68,63.5,No
15 years old,Female,10th grade,1.65,61.24,No
16 years old,Female,10th grade,1.63,49.9,No
17 years old,Male,11th grade,1.78,54.43,No
17 years old,Male,11th grade,1.68,79.38,No
14 years old,Male,9th grade,1.73,51.71,Yes
15 years old,Female,9th grade,1.6,68.04,No
17 years old,Male,12th grade,1.88,82.56,No
15 years old,Male,10th grade,1.8,72.58,No
16 years old,Male,11th grade,1.8,68.04,No
14 years old,Male,9th grade,1.75,67.13,No
16 years old,Male,10th grade,1.7,58.97,Yes
18 years old or older,Male,12th grade,1.78,65.77,No
15 years old,Female,9th grade,1.6,59.88,No
17 years old,Female,11th grade,1.8,63.5,No
15 years old,Female,10th grade,1.63,63.5,Yes
18 years old or older,Female,12th grade,1.6,52.62,Yes
17 years old,Male,11th grade,1.75,72.58,No
16 years old,Female,11th grade,1.63,54.43,No
17 years old,Female,11th grade,1.68,54.43,No
16 years old,Female,11th grade,1.65,72.58,No
18 years old or older,Female,11th grade,1.7,59.88,No
16 years old,Female,11th grade,1.73,54.43,No
16 years old,Female,11th grade,1.63,87.54,No
17 years old,Female,11th grade,1.75,63.5,Yes
16 years old,Female,11th grade,1.65,68.04,No
16 years old,Female,11th grade,1.68,58.97,No
17 years old,Female,11th grade,1.6,117.94,Yes
18 years old or older,Female,12th grade,1.63,63.5,No
18 years old or older,Male,12th grade,1.68,61.24,No
18 years old or older,Female,12th grade,1.78,77.11,No
17 years old,Female,12th grade,1.57,74.39,Yes
17 years old,Female,12th grade,1.75,77.11,No
17 years old,Female,11th grade,1.63,49.9,Yes
17 years old,Female,11th grade,1.68,61.24,No
17 years old,Female,11th grade,1.6,56.7,No
17 years old,Female,12th grade,1.68,63.5,Yes
17 years old,Male,12th grade,1.9,88.45,Yes
17 years old,Female,12th grade,1.63,56.7,No
18 years old or older,Female,12th grade,1.7,54.43,No
18 years old or older,Female,12th grade,1.6,86.18,No
17 years old,Female,12th grade,1.63,52.16,Yes
18 years old or older,Female,12th grade,1.65,70.31,Yes
17 years old,Male,12th grade,1.73,65.77,No
17 years old,Female,12th grade,1.68,58.06,No
15 years old,Male,10th grade,1.83,108.86,No
15 years old,Female,10th grade,1.65,83.92,No
16 years old,Male,10th grade,1.65,68.04,No
16 years old,Female,10th grade,1.57,81.65,No
17 years old,Female,10th grade,1.7,68.95,No
17 years old,Female,10th grade,1.7,81.65,No
17 years old,Female,11th grade,1.75,59.42,No
17 years old,Male,10th grade,1.57,56.7,No
16 years old,Female,10th grade,1.68,74.84,No
15 years old,Male,10th grade,1.83,78.47,No
16 years old,Male,10th grade,1.85,108.86,No
15 years old,Female,9th grade,1.63,99.79,Yes
14 years old,Female,9th grade,1.68,68.04,No
15 years old,Female,9th grade,1.63,89.81,No
14 years old,Female,9th grade,1.55,53.52,No
15 years old,Male,9th grade,1.63,52.16,No
15 years old,Female,9th grade,1.6,84.82,No
14 years old,Female,9th grade,1.57,69.85,No
16 years old,Male,10th grade,1.73,63.5,No
16 years old,Female,10th grade,1.63,104.33,Yes
16 years old,Female,9th grade,1.45,49.9,No
16 years old,Male,10th grade,1.73,83.01,No
17 years old,Male,10th grade,1.8,143.79,No
14 years old,Male,9th grade,1.7,69.85,No
16 years old,Male,10th grade,1.7,78.47,No
16 years old,Female,10th grade,1.75,69.4,No
15 years old,Male,9th grade,1.8,56.25,No
16 years old,Male,10th grade,1.78,101.61,No
14 years old,Female,9th grade,1.55,56.7,Yes
16 years old,Male,10th grade,1.73,82.56,No
15 years old,Female,9th grade,1.65,67.13,Yes
17 years old,Female,12th grade,1.68,68.04,No
15 years old,Male,10th grade,1.78,95.26,No
16 years old,Male,10th grade,1.85,76.2,No
15 years old,Male,9th grade,1.83,101.15,No
17 years old,Male,12th grade,1.73,61.69,No
14 years old,Male,9th grade,1.63,56.7,No
15 years old,Male,10th grade,2.01,127.01,No
14 years old,Female,9th grade,1.6,44.45,No
16 years old,Male,11th grade,1.83,158.76,No
17 years old,Female,11th grade,1.65,53.98,No
17 years old,Male,11th grade,1.7,49.9,No
17 years old,Male,12th grade,1.93,88.45,No
16 years old,Male,10th grade,1.78,83.92,No
15 years old,Male,10th grade,1.73,68.04,No
14 years old,Male,9th grade,1.88,78.47,No
16 years old,Female,10th grade,1.63,49.9,No
16 years old,Female,9th grade,1.57,95.26,Yes
16 years old,Male,10th grade,1.8,83.92,No
16 years old,Male,10th grade,1.73,72.58,No
16 years old,Female,10th grade,1.57,46.27,No
15 years old,Female,9th grade,1.55,63.5,No
15 years old,Male,10th grade,1.98,71.22,No
16 years old,Female,9th grade,1.65,130.18,Yes
14 years old,Male,9th grade,1.78,65.32,No
16 years old,Male,10th grade,1.85,83.92,No
15 years old,Male,9th grade,1.78,104.33,No
15 years old,Male,10th grade,1.73,73.03,Yes
14 years old,Female,9th grade,1.7,53.98,No
17 years old,Male,10th grade,1.8,79.38,No
14 years old,Male,9th grade,1.65,56.7,No
16 years old,Female,11th grade,1.52,55.34,No
18 years old or older,Male,12th grade,1.78,68.04,No
16 years old,Male,11th grade,1.8,84.37,No
18 years old or older,Female,12th grade,1.7,80.74,No
17 years old,Female,11th grade,1.55,52.16,No
17 years old,Male,11th grade,1.78,74.39,No
18 years old or older,Female,12th grade,1.63,81.65,No
17 years old,Female,11th grade,1.68,115.67,No
18 years old or older,Male,12th grade,1.63,103.42,No
18 years old or older,Female,12th grade,1.73,81.65,No
18 years old or older,Female,12th grade,1.57,47.63,No
17 years old,Male,11th grade,1.83,76.2,Yes
17 years old,Female,12th grade,1.7,58.97,No
17 years old,Male,12th grade,1.85,72.58,No
18 years old or older,Male,12th grade,1.63,98.43,No
16 years old,Female,11th grade,1.73,92.99,Yes
16 years old,Male,12th grade,1.83,88.45,No
16 years old,Male,11th grade,1.8,90.72,No
18 years old or older,Female,12th grade,1.63,98.88,No
17 years old,Male,11th grade,1.83,99.79,No
17 years old,Male,11th grade,1.78,63.5,No
18 years old or older,Female,12th grade,1.55,68.04,No
18 years old or older,Male,12th grade,1.88,78.93,No
16 years old,Male,11th grade,1.75,74.84,No
18 years old or older,Female,12th grade,1.63,43.09,No
17 years old,Male,11th grade,1.68,64.41,No
18 years old or older,Female,12th grade,1.73,102.06,No
18 years old or older,Male,11th grade,1.88,68.04,Yes
17 years old,Male,12th grade,1.85,63.5,No
17 years old,Male,11th grade,1.7,63.96,No
18 years old or older,Female,12th grade,1.6,64.41,No
18 years old or older,Female,11th grade,1.57,90.72,No
17 years old,Male,11th grade,1.9,72.58,No
17 years old,Male,12th grade,1.75,55.79,No
18 years old or older,Male,12th grade,1.83,70.31,No
17 years old,Male,11th grade,1.75,63.5,No
17 years old,Male,11th grade,1.73,70.31,No
18 years old or older,Female,12th grade,1.68,82.56,No
18 years old or older,Male,12th grade,1.73,121.11,No
16 years old,Male,11th grade,1.73,54.43,No
17 years old,Male,11th grade,1.7,74.84,No
18 years old or older,Male,12th grade,1.9,74.84,No
18 years old or older,Male,12th grade,1.65,64.41,No
16 years old,Male,11th grade,1.78,72.58,No
16 years old,Female,11th grade,1.63,61.24,No
18 years old or older,Female,12th grade,1.68,71.67,No
16 years old,Male,11th grade,1.7,69.4,No
16 years old,Female,11th grade,1.63,68.04,No
18 years old or older,Male,12th grade,1.8,66.68,No
17 years old,Male,12th grade,1.78,65.77,No
16 years old,Male,11th grade,1.8,99.79,No
18 years old or older,Male,12th grade,1.78,82.56,No
17 years old,Male,11th grade,1.78,56.7,No
17 years old,Male,11th grade,1.78,99.79,Yes
17 years old,Female,12th grade,1.68,102.06,No
16 years old,Male,11th grade,1.68,50.8,Yes
17 years old,Male,12th grade,1.9,104.33,No
17 years old,Female,11th grade,1.68,73.48,No
17 years old,Male,11th grade,1.65,63.5,No
17 years old,Female,12th grade,1.6,49.9,No
16 years old,Female,11th grade,1.63,90.72,No
17 years old,Male,12th grade,1.88,99.79,No
16 years old,Male,11th grade,1.68,71.67,No
16 years old,Female,10th grade,1.65,61.24,No
15 years old,Female,10th grade,1.73,63.5,No
15 years old,Male,10th grade,1.68,70.31,No
16 years old,Male,10th grade,1.68,54.43,Yes
15 years old,Female,10th grade,1.57,58.97,No
16 years old,Male,10th grade,1.63,49.9,No
15 years old,Male,10th grade,1.85,89.81,No
15 years old,Male,10th grade,1.65,49.9,No
15 years old,Female,10th grade,1.63,45.36,No
15 years old,Male,10th grade,1.68,65.32,No
15 years old,Male,10th grade,1.8,76.66,Yes
15 years old,Female,10th grade,1.6,51.26,No
16 years old,Female,10th grade,1.57,64.41,No
15 years old,Male,10th grade,1.78,80.74,No
15 years old,Male,10th grade,1.7,72.58,No
16 years old,Female,10th grade,1.7,72.58,Yes
17 years old,Male,11th grade,1.8,65.77,Yes
15 years old,Female,10th grade,1.68,81.65,Yes
16 years old,Female,10th grade,1.6,43.09,No
17 years old,Female,11th grade,1.57,61.24,No
17 years old,Male,11th grade,1.8,79.38,No
16 years old,Female,10th grade,1.57,66.23,Yes
16 years old,Male,10th grade,1.83,78.93,No
16 years old,Female,11th grade,1.6,59.88,Yes
16 years old,Male,10th grade,1.96,72.58,No
16 years old,Female,10th grade,1.7,77.11,No
15 years old,Female,10th grade,1.7,58.97,No
16 years old,Female,10th grade,1.7,55.34,No
15 years old,Female,10th grade,1.6,50.35,Yes
16 years old,Female,11th grade,1.57,54.43,Yes
16 years old,Female,11th grade,1.68,58.97,No
15 years old,Male,10th grade,1.73,77.11,No
15 years old,Female,10th grade,1.6,72.58,Yes
16 years old,Male,11th grade,1.88,90.72,No
16 years old,Female,10th grade,1.65,65.77,No
15 years old,Female,10th grade,1.6,51.71,No
16 years old,Female,11th grade,1.65,58.97,No
16 years old,Male,10th grade,1.83,81.65,No
16 years old,Female,10th grade,1.6,58.97,No
16 years old,Male,11th grade,1.85,63.5,No
16 years old,Female,11th grade,1.55,61.24,Yes
16 years old,Female,11th grade,1.73,72.58,No
16 years old,Male,11th grade,1.78,61.24,No
16 years old,Male,10th grade,1.9,87.09,No
15 years old,Female,10th grade,1.57,45.36,Yes
17 years old,Female,11th grade,1.7,54.43,No
16 years old,Male,10th grade,1.68,90.72,No
16 years old,Male,10th grade,1.83,96.16,Yes
16 years old,Female,10th grade,1.65,108.86,Yes
17 years old,Female,12th grade,1.6,53.07,No
16 years old,Male,11th grade,1.8,59.88,No
15 years old,Female,10th grade,1.68,52.16,No
15 years old,Male,10th grade,1.75,79.38,No
17 years old,Female,11th grade,1.6,54.43,No
15 years old,Female,10th grade,1.6,49.9,Yes
16 years old,Male,11th grade,1.83,63.5,No
16 years old,Male,11th grade,1.83,61.24,No
16 years old,Female,10th grade,1.6,54.43,No
15 years old,Female,10th grade,1.68,54.43,Yes
16 years old,Male,11th grade,1.78,58.06,No
16 years old,Female,10th grade,1.5,48.99,Yes
16 years old,Female,10th grade,1.65,68.04,No
16 years old,Female,11th grade,1.6,52.16,No
16 years old,Male,10th grade,1.78,78.02,No
15 years old,Female,10th grade,1.7,58.97,Yes
17 years old,Male,11th grade,1.8,74.84,No
16 years old,Female,11th grade,1.73,61.24,No
15 years old,Male,10th grade,1.7,58.06,No
16 years old,Female,11th grade,1.68,81.65,Yes
17 years old,Female,11th grade,1.65,58.97,No
16 years old,Female,10th grade,1.68,58.97,Yes
16 years old,Female,10th grade,1.52,61.24,Yes
17 years old,Female,11th grade,1.63,52.16,No
17 years old,Male,11th grade,1.83,70.31,No
16 years old,Male,10th grade,1.8,71.22,No
14 years old,Male,9th grade,1.78,47.63,Yes
14 years old,Female,9th grade,1.63,49.9,No
15 years old,Male,9th grade,1.8,67.13,No
17 years old,Male,12th grade,1.83,86.18,No
17 years old,Female,12th grade,1.6,45.81,No
14 years old,Male,9th grade,1.83,81.65,No
18 years old or older,Male,12th grade,1.68,60.78,No
17 years old,Male,12th grade,1.85,99.79,Yes
15 years old,Female,9th grade,1.63,56.7,Yes
15 years old,Male,10th grade,1.73,61.24,Yes
18 years old or older,Male,12th grade,1.85,136.08,No
14 years old,Male,9th grade,1.63,63.5,No
15 years old,Male,9th grade,1.73,79.38,No
17 years old,Male,12th grade,1.88,83.92,No
18 years old or older,Male,12th grade,1.65,54.43,Yes
14 years old,Female,9th grade,1.65,45.36,No
15 years old,Male,9th grade,1.78,63.96,Yes
17 years old,Male,12th grade,1.83,95.26,No
18 years old or older,Male,12th grade,1.85,107.05,No
15 years old,Male,9th grade,1.78,68.04,No
15 years old,Male,9th grade,1.78,61.24,No
14 years old,Male,9th grade,1.73,54.43,Yes
14 years old,Male,9th grade,1.73,77.11,No
16 years old,Male,9th grade,1.73,61.69,Yes
18 years old or older,Female,12th grade,1.52,52.16,Yes
17 years old,Male,12th grade,1.83,65.77,Yes
15 years old,Male,9th grade,1.8,62.6,No
14 years old,Male,9th grade,1.7,54.43,No
18 years old or older,Male,12th grade,1.7,48.99,No
15 years old,Male,9th grade,1.65,72.58,No
17 years old,Female,12th grade,1.6,71.22,No
18 years old or older,Male,12th grade,1.55,63.5,No
14 years old,Male,9th grade,1.7,65.77,No
14 years old,Female,9th grade,1.57,51.26,No
17 years old,Female,12th grade,1.68,59.88,No
15 years old,Male,9th grade,1.78,90.72,No
17 years old,Male,12th grade,1.85,127.01,No
14 years old,Male,9th grade,1.78,63.5,No
18 years old or older,Male,12th grade,1.7,68.04,No
18 years old or older,Female,12th grade,1.65,97.98,No
18 years old or older,Male,12th grade,1.85,111.13,No
14 years old,Male,9th grade,1.88,70.31,No
14 years old,Male,9th grade,1.83,68.04,Yes
18 years old or older,Male,12th grade,1.7,58.97,No
15 years old,Male,9th grade,1.63,44.45,No
17 years old,Female,12th grade,1.73,61.24,No
14 years old,Female,9th grade,1.57,43.55,No
18 years old or older,Male,12th grade,1.78,54.43,No
17 years old,Male,12th grade,1.8,64.41,No
17 years old,Male,12th grade,1.78,63.5,No
15 years old,Female,9th grade,1.75,81.65,No
17 years old,Male,12th grade,1.93,136.08,Yes
18 years old or older,Female,12th grade,1.68,72.58,No
17 years old,Male,12th grade,1.75,78.93,No
18 years old or older,Male,12th grade,1.83,83.92,No
18 years old or older,Male,12th grade,1.9,108.86,No
17 years old,Female,11th grade,1.7,90.72,No
16 years old,Female,11th grade,1.57,63.5,No
16 years old,Female,11th grade,1.6,58.97,No
15 years old,Male,9th grade,1.8,88.45,No
18 years old or older,Male,12th grade,1.88,67.59,No
18 years old or older,Male,12th grade,1.85,86.18,No
14 years old,Female,9th grade,1.57,58.06,No
17 years old,Female,11th grade,1.63,52.16,No
15 years old,Male,9th grade,1.65,49.9,No
17 years old,Female,12th grade,1.52,68.04,No
18 years old or older,Female,12th grade,1.52,93.44,Yes
15 years old,Male,9th grade,1.68,56.7,No
17 years old,Female,12th grade,1.8,90.72,No
17 years old,Male,11th grade,1.78,79.38,No
16 years old,Male,11th grade,1.83,64.86,No
14 years old,Female,9th grade,1.63,51.26,No
18 years old or older,Male,12th grade,1.83,74.84,No
17 years old,Male,12th grade,1.8,58.06,No
18 years old or older,Female,12th grade,1.52,48.99,No
16 years old,Female,11th grade,1.63,63.5,No
15 years old,Female,10th grade,1.63,63.5,No
14 years old,Female,9th grade,1.65,57.61,Yes
15 years old,Male,10th grade,1.9,106.6,No
14 years old,Male,9th grade,1.55,45.36,Yes
15 years old,Female,10th grade,1.63,47.63,Yes
16 years old,Male,10th grade,1.65,58.97,No
14 years old,Female,9th grade,1.75,51.71,Yes
15 years old,Male,9th grade,1.78,63.5,Yes
16 years old,Male,10th grade,1.65,61.69,No
16 years old,Male,10th grade,1.85,99.79,No
15 years old,Male,9th grade,1.85,65.77,No
16 years old,Male,10th grade,1.85,108.86,No
16 years old,Male,10th grade,1.8,56.7,No
15 years old,Female,10th grade,1.73,54.43,No
15 years old,Male,10th grade,1.73,58.97,No
15 years old,Male,9th grade,1.75,62.6,No
15 years old,Male,9th grade,1.9,65.77,No
15 years old,Female,9th grade,1.75,63.5,No
17 years old,Male,10th grade,1.8,108.86,No
16 years old,Male,10th grade,1.78,90.72,No
14 years old,Male,9th grade,1.7,50.8,No
15 years old,Female,9th grade,1.6,48.54,No
14 years old,Female,9th grade,1.68,48.99,Yes
14 years old,Female,9th grade,1.63,50.8,No
16 years old,Male,10th grade,1.68,49.9,No
14 years old,Female,9th grade,1.7,58.97,No
15 years old,Female,9th grade,1.63,68.04,No
15 years old,Female,9th grade,1.6,79.38,No
16 years old,Male,10th grade,1.78,56.7,No
15 years old,Female,9th grade,1.65,57.15,No
15 years old,Male,10th grade,1.75,70.31,No
15 years old,Male,10th grade,1.78,79.38,Yes
14 years old,Male,9th grade,1.73,74.84,No
15 years old,Male,9th grade,1.83,79.38,No
16 years old,Male,10th grade,1.78,104.33,No
15 years old,Female,9th grade,1.63,58.97,No
14 years old,Female,9th grade,1.7,68.04,Yes
15 years old,Male,10th grade,1.75,68.04,Yes
16 years old,Male,10th grade,1.68,67.59,No
15 years old,Male,9th grade,1.83,69.85,No
16 years old,Male,10th grade,1.88,92.08,No
15 years old,Female,10th grade,1.52,44,Yes
14 years old,Female,9th grade,1.57,58.97,Yes
15 years old,Female,9th grade,1.75,61.24,Yes
14 years old,Male,9th grade,1.78,68.04,Yes
15 years old,Female,10th grade,1.65,81.65,No
16 years old,Male,10th grade,1.78,68.04,Yes
15 years old,Male,9th grade,1.75,63.5,No
14 years old,Male,9th grade,1.73,59.88,Yes
15 years old,Male,10th grade,1.78,81.65,No
15 years old,Female,10th grade,1.63,68.04,Yes
15 years old,Female,9th grade,1.57,63.5,Yes
15 years old,Male,9th grade,1.7,97.98,No
15 years old,Male,10th grade,1.8,60.33,No
16 years old,Male,10th grade,1.83,61.69,Yes
14 years old,Female,9th grade,1.75,56.7,Yes
16 years old,Male,9th grade,1.75,52.16,Yes
15 years old,Female,10th grade,1.65,78.02,No
15 years old,Male,10th grade,1.8,71.22,No
15 years old,Male,9th grade,1.68,52.16,No
14 years old,Male,9th grade,1.73,85.73,Yes
15 years old,Female,10th grade,1.63,49.9,No
16 years old,Male,10th grade,1.8,61.24,Yes
14 years old,Male,9th grade,1.7,53.52,No
16 years old,Male,10th grade,1.78,86.18,No
16 years old,Female,10th grade,1.7,63.5,No
15 years old,Female,9th grade,1.52,41.28,No
17 years old,Male,12th grade,1.93,70.31,No
17 years old,Female,12th grade,1.57,44.45,No
16 years old,Male,11th grade,1.75,65.77,No
16 years old,Female,11th grade,1.6,43.55,No
17 years old,Female,11th grade,1.63,56.7,Yes
17 years old,Female,11th grade,1.57,51.71,No
16 years old,Female,11th grade,1.6,55.34,No
18 years old or older,Male,12th grade,1.73,97.52,No
17 years old,Female,12th grade,1.73,99.79,No
17 years old,Male,11th grade,1.7,68.95,Yes
16 years old,Female,11th grade,1.73,102.06,No
18 years old or older,Female,12th grade,1.57,65.77,No
17 years old,Male,12th grade,1.83,68.04,No
17 years old,Male,12th grade,1.73,63.5,No
17 years old,Female,12th grade,1.75,72.58,No
18 years old or older,Female,12th grade,1.73,55.79,No
17 years old,Female,12th grade,1.68,81.65,No
17 years old,Female,12th grade,1.7,52.16,Yes
17 years old,Female,12th grade,1.6,56.7,Yes
17 years old,Male,11th grade,1.65,48.08,Yes
17 years old,Male,12th grade,1.88,67.59,No
17 years old,Male,12th grade,1.8,122.47,No
16 years old,Male,11th grade,1.78,61.69,No
17 years old,Male,12th grade,1.78,70.31,No
18 years old or older,Male,12th grade,1.83,72.58,No
18 years old or older,Male,12th grade,1.75,97.52,No
18 years old or older,Male,12th grade,1.8,79.38,Yes
17 years old,Male,11th grade,1.83,80.74,Yes
17 years old,Female,11th grade,1.68,57.15,No
18 years old or older,Male,12th grade,1.96,77.11,No
18 years old or older,Male,12th grade,1.85,75.75,No
16 years old,Male,11th grade,1.83,81.65,No
17 years old,Male,11th grade,1.7,74.84,No
17 years old,Male,12th grade,1.83,90.72,No
17 years old,Female,11th grade,1.68,83.92,No
18 years old or older,Male,12th grade,1.73,61.69,No
17 years old,Female,12th grade,1.6,63.5,No
16 years old,Female,11th grade,1.55,69.85,No
17 years old,Female,11th grade,1.65,57.15,No
18 years old or older,Male,12th grade,1.85,86.18,No
18 years old or older,Female,12th grade,1.7,61.24,No
17 years old,Female,11th grade,1.7,63.96,No
18 years old or older,Female,12th grade,1.47,90.72,No
17 years old,Male,12th grade,1.78,60.33,No
17 years old,Female,11th grade,1.73,59.88,No
17 years old,Male,11th grade,1.78,68.04,No
18 years old or older,Male,12th grade,1.83,74.84,No
18 years old or older,Male,12th grade,1.7,63.5,No
17 years old,Male,11th grade,1.8,79.38,No
16 years old,Female,11th grade,1.75,74.84,No
18 years old or older,Female,12th grade,1.65,86.18,No
17 years old,Female,12th grade,1.68,102.06,No
17 years old,Female,12th grade,1.65,54.43,No
18 years old or older,Male,12th grade,1.75,92.99,No
18 years old or older,Male,12th grade,1.83,80.74,No
18 years old or older,Male,12th grade,1.88,78.02,No
17 years old,Female,12th grade,1.65,68.95,Yes
18 years old or older,Male,12th grade,1.85,99.79,No
17 years old,Female,12th grade,1.63,63.5,No
17 years old,Male,11th grade,1.83,78.02,No
16 years old,Male,11th grade,1.8,78.47,Yes
17 years old,Male,11th grade,1.83,70.76,No
18 years old or older,Female,12th grade,1.68,57.15,No
17 years old,Male,11th grade,1.83,70.31,No
17 years old,Male,11th grade,1.73,64.41,No
17 years old,Male,12th grade,1.73,93.44,No
18 years old or older,Female,12th grade,1.68,56.7,No
17 years old,Male,12th grade,1.75,108.86,No
16 years old,Female,11th grade,1.63,56.25,No
17 years old,Female,12th grade,1.63,52.16,No
18 years old or older,Female,12th grade,1.55,52.16,No
18 years old or older,Male,12th grade,1.88,106.6,No
18 years old or older,Male,12th grade,1.85,76.2,No
16 years old,Male,11th grade,1.83,127.01,No
15 years old,Male,9th grade,1.7,54.43,No
16 years old,Male,11th grade,1.85,72.58,No
14 years old,Male,9th grade,1.75,58.51,Yes
15 years old,Female,9th grade,1.7,61.24,No
17 years old,Male,11th grade,1.73,74.84,No
15 years old,Male,9th grade,1.7,49.9,No
16 years old,Female,11th grade,1.57,53.52,No
15 years old,Female,9th grade,1.78,99.79,Yes
14 years old,Male,9th grade,1.78,68.49,No
17 years old,Male,11th grade,1.83,74.84,No
14 years old,Female,9th grade,1.75,55.79,Yes
16 years old,Male,11th grade,1.63,90.72,No
16 years old,Male,11th grade,1.73,76.2,No
16 years old,Male,11th grade,1.75,95.26,No
14 years old,Male,9th grade,1.73,72.58,Yes
17 years old,Male,11th grade,1.78,61.24,No
14 years old,Male,9th grade,1.83,74.84,No
17 years old,Male,11th grade,1.8,63.5,No
16 years old,Male,11th grade,1.78,90.72,No
14 years old,Male,9th grade,1.78,75.3,No
15 years old,Male,9th grade,1.7,61.24,No
14 years old,Female,9th grade,1.52,47.63,Yes
17 years old,Male,11th grade,1.75,73.48,No
16 years old,Female,11th grade,1.57,58.97,No
15 years old,Male,9th grade,1.7,58.97,No
17 years old,Female,11th grade,1.5,86.18,No
15 years old,Male,9th grade,1.85,92.99,No
16 years old,Male,11th grade,1.83,72.58,No
15 years old,Male,9th grade,1.63,122.47,No
17 years old,Male,11th grade,1.73,57.15,No
15 years old,Male,9th grade,1.7,95.26,No
14 years old,Male,9th grade,1.63,45.36,No
16 years old,Male,11th grade,1.7,68.04,No
15 years old,Male,9th grade,1.78,70.76,No
16 years old,Male,11th grade,1.83,68.04,No
14 years old,Male,9th grade,1.5,51.26,Yes
17 years old,Male,11th grade,1.78,98.88,No
15 years old,Male,9th grade,1.8,75.75,Yes
14 years old,Female,9th grade,1.6,86.18,No
17 years old,Female,11th grade,1.65,60.33,No
15 years old,Female,9th grade,1.7,61.24,No
17 years old,Female,11th grade,1.52,49.9,No
14 years old,Male,9th grade,1.83,61.24,No
17 years old,Female,11th grade,1.6,56.7,No
14 years old,Male,9th grade,1.88,70.31,No
17 years old,Female,11th grade,1.7,56.7,No
15 years old,Male,9th grade,1.73,86.18,No
16 years old,Male,11th grade,1.88,72.58,No
15 years old,Female,9th grade,1.63,51.71,No
14 years old,Female,9th grade,1.63,57.61,No
16 years old,Female,11th grade,1.6,61.24,No
14 years old,Female,9th grade,1.63,66.23,No
17 years old,Male,11th grade,1.85,79.38,No
16 years old,Male,11th grade,1.65,47.63,No
14 years old,Female,9th grade,1.65,89.81,No
16 years old,Male,11th grade,1.68,83.92,No
14 years old,Female,9th grade,1.7,58.97,Yes
17 years old,Male,11th grade,1.8,64.41,No
15 years old,Female,9th grade,1.7,75.75,No
14 years old,Male,9th grade,1.73,65.77,No
18 years old or older,Male,12th grade,1.78,97.52,No
14 years old,Female,9th grade,1.7,116.12,No
15 years old,Female,10th grade,1.52,45.36,Yes
16 years old,Male,10th grade,1.7,68.04,No
15 years old,Male,10th grade,1.68,65.32,No
18 years old or older,Female,12th grade,1.83,58.97,No
17 years old,Female,12th grade,1.65,61.24,Yes
16 years old,Male,10th grade,1.83,95.26,Yes
16 years old,Male,10th grade,1.65,74.84,Yes
18 years old or older,Female,12th grade,1.63,104.33,No
17 years old,Female,12th grade,1.73,90.72,No
16 years old,Male,10th grade,1.85,81.65,No
16 years old,Female,10th grade,1.57,52.62,No
17 years old,Female,12th grade,1.83,56.7,No
17 years old,Female,12th grade,1.65,97.52,Yes
16 years old,Male,10th grade,1.9,120.66,Yes
16 years old,Female,10th grade,1.73,58.97,Yes
18 years old or older,Male,12th grade,1.83,77.11,No
15 years old,Female,10th grade,1.65,61.24,Yes
15 years old,Female,10th grade,1.55,49.9,Yes
18 years old or older,Male,12th grade,1.75,70.31,Yes
15 years old,Male,10th grade,1.8,68.04,No
16 years old,Female,10th grade,1.73,88.91,Yes
17 years old,Male,12th grade,1.88,68.04,No
17 years old,Female,12th grade,1.55,61.24,Yes
16 years old,Male,10th grade,1.7,65.77,No
18 years old or older,Female,12th grade,1.6,154.22,Yes
15 years old,Female,10th grade,1.68,82.56,No
17 years old,Female,12th grade,1.6,68.04,No
17 years old,Female,12th grade,1.73,83.92,No
17 years old,Male,10th grade,1.8,104.33,No
15 years old,Male,10th grade,1.85,68.04,Yes
15 years old,Female,10th grade,1.6,44.45,Yes
17 years old,Male,12th grade,1.75,74.84,No
16 years old,Female,10th grade,1.7,65.77,No
16 years old,Male,10th grade,1.7,117.94,No
17 years old,Female,12th grade,1.65,61.24,No
16 years old,Female,10th grade,1.6,48.54,No
16 years old,Female,10th grade,1.78,54.43,No
17 years old,Female,12th grade,1.68,63.5,No
15 years old,Male,10th grade,1.63,53.52,No
18 years old or older,Female,12th grade,1.83,68.04,No
15 years old,Male,10th grade,1.78,58.06,No
17 years old,Male,12th grade,1.8,68.04,Yes
16 years old,Male,10th grade,1.75,74.84,No
16 years old,Male,10th grade,1.65,72.58,No
17 years old,Male,12th grade,1.75,102.06,No
15 years old,Female,10th grade,1.75,65.77,No
18 years old or older,Female,12th grade,1.6,54.43,No
15 years old,Male,9th grade,1.73,72.58,No
15 years old,Female,10th grade,1.57,57.15,No
18 years old or older,Male,12th grade,1.8,61.24,No
17 years old,Female,12th grade,1.57,100.7,No
17 years old,Male,10th grade,1.65,127.46,No
15 years old,Male,10th grade,1.7,68.04,No
17 years old,Female,12th grade,1.75,68.04,No
15 years old,Male,9th grade,1.8,81.65,No
15 years old,Male,10th grade,1.78,63.5,No
17 years old,Female,12th grade,1.7,45.36,Yes
17 years old,Female,12th grade,1.63,55.34,No
14 years old,Female,9th grade,1.47,44.45,Yes
16 years old,Female,10th grade,1.52,59.42,Yes
17 years old,Female,12th grade,1.75,63.5,No
15 years old,Male,10th grade,1.75,79.38,No
14 years old,Female,9th grade,1.55,52.16,Yes
15 years old,Male,10th grade,1.73,61.24,No
17 years old,Female,12th grade,1.57,52.16,No
16 years old,Male,10th grade,1.83,63.5,No
15 years old,Male,10th grade,1.7,58.97,No
17 years old,Male,12th grade,1.88,70.31,No
15 years old,Female,9th grade,1.65,56.7,Yes
14 years old,Male,9th grade,1.8,70.31,No
16 years old,Female,10th grade,1.63,67.59,No
15 years old,Male,10th grade,1.75,97.52,Yes
16 years old,Male,10th grade,1.83,77.11,No
15 years old,Female,10th grade,1.7,56.7,No
16 years old,Male,10th grade,1.73,77.11,No
14 years old,Male,9th grade,1.7,65.77,No
15 years old,Male,9th grade,1.8,71.22,Yes
15 years old,Female,9th grade,1.7,64.41,Yes
15 years old,Male,9th grade,1.57,81.65,No
15 years old,Female,9th grade,1.6,49.9,Yes
14 years old,Male,9th grade,1.7,79.38,No
15 years old,Female,10th grade,1.5,54.43,Yes
18 years old or older,Male,12th grade,1.8,74.39,No
15 years old,Male,9th grade,1.78,61.24,No
16 years old,Male,10th grade,1.68,61.24,No
17 years old,Male,11th grade,1.73,88.91,No
14 years old,Female,9th grade,1.7,81.65,No
15 years old,Male,9th grade,1.83,69.4,Yes
17 years old,Female,12th grade,1.68,64.86,No
17 years old,Female,11th grade,1.68,72.58,No
18 years old or older,Female,12th grade,1.75,86.18,No
15 years old,Female,9th grade,1.6,58.97,No
15 years old,Male,9th grade,1.83,65.77,Yes
16 years old,Male,10th grade,1.73,88.91,No
17 years old,Female,11th grade,1.63,68.04,No
18 years old or older,Male,12th grade,1.73,55.34,Yes
14 years old,Female,9th grade,1.68,63.5,No
16 years old,Female,10th grade,1.65,65.77,Yes
17 years old,Female,11th grade,1.65,99.79,Yes
17 years old,Male,12th grade,1.65,53.52,Yes
15 years old,Female,9th grade,1.63,59.88,No
15 years old,Male,9th grade,1.75,71.67,No
15 years old,Female,10th grade,1.55,53.98,No
15 years old,Male,9th grade,1.65,45.81,No
16 years old,Female,10th grade,1.6,58.97,Yes
16 years old,Female,11th grade,1.57,54.89,Yes
18 years old or older,Female,12th grade,1.7,61.24,No
15 years old,Female,9th grade,1.7,56.7,No
16 years old,Male,10th grade,1.75,59.88,No
16 years old,Female,11th grade,1.57,48.08,Yes
18 years old or older,Female,12th grade,1.7,76.2,No
15 years old,Female,9th grade,1.68,88.91,No
15 years old,Male,10th grade,1.73,61.24,Yes
16 years old,Male,11th grade,1.78,62.14,Yes
17 years old,Male,12th grade,1.78,66.68,Yes
14 years old,Male,9th grade,1.88,102.06,No
15 years old,Male,9th grade,1.75,51.71,No
15 years old,Female,10th grade,1.63,59.88,No
15 years old,Male,9th grade,1.65,54.43,No
16 years old,Female,10th grade,1.6,53.07,No
17 years old,Male,11th grade,1.8,72.58,Yes
17 years old,Male,12th grade,1.83,88.45,No
15 years old,Female,9th grade,1.65,54.43,No
15 years old,Female,10th grade,1.55,62.6,No
17 years old,Male,11th grade,1.78,88.45,No
17 years old,Female,12th grade,1.75,63.5,No
15 years old,Male,9th grade,1.85,106.6,No
16 years old,Male,10th grade,1.63,56.7,No
18 years old or older,Female,12th grade,1.55,47.63,No
15 years old,Female,9th grade,1.6,63.5,Yes
16 years old,Female,10th grade,1.8,65.77,No
17 years old,Male,11th grade,1.78,63.5,No
17 years old,Female,12th grade,1.65,65.77,No
15 years old,Female,9th grade,1.6,54.43,No
14 years old,Male,9th grade,1.65,47.17,Yes
16 years old,Male,10th grade,1.85,77.11,No
17 years old,Female,11th grade,1.65,54.43,No
15 years old,Male,9th grade,1.75,65.32,Yes
15 years old,Male,10th grade,1.73,63.5,No
16 years old,Male,11th grade,1.83,86.18,No
15 years old,Male,9th grade,1.52,44,No
15 years old,Male,10th grade,1.75,74.84,No
17 years old,Female,11th grade,1.57,74.84,No
17 years old,Female,12th grade,1.63,65.32,No
15 years old,Male,9th grade,1.68,56.7,No
15 years old,Female,10th grade,1.57,49.9,No
17 years old,Female,11th grade,1.63,62.14,No
18 years old or older,Male,12th grade,1.8,79.38,Yes
15 years old,Female,9th grade,1.52,52.16,Yes
15 years old,Male,9th grade,1.68,58.97,No
16 years old,Male,10th grade,1.75,109.77,No
17 years old,Female,11th grade,1.68,54.43,No
16 years old,Male,10th grade,1.85,80.74,No
17 years old,Male,11th grade,1.9,91.17,Yes
18 years old or older,Female,12th grade,1.57,79.38,No
15 years old,Male,9th grade,1.83,72.58,No
15 years old,Female,10th grade,1.6,65.77,No
16 years old,Female,11th grade,1.8,80.74,No
17 years old,Female,12th grade,1.65,68.04,No
15 years old,Female,9th grade,1.63,53.07,No
15 years old,Male,10th grade,1.78,77.11,No
17 years old,Female,11th grade,1.75,77.11,Yes
18 years old or older,Female,12th grade,1.65,40.82,No
15 years old,Female,9th grade,1.63,86.18,Yes
16 years old,Male,10th grade,1.78,78.93,No
17 years old,Female,11th grade,1.63,65.77,Yes
15 years old,Female,9th grade,1.68,68.04,No
14 years old,Female,9th grade,1.63,50.8,No
15 years old,Male,9th grade,1.68,48.99,Yes
16 years old,Male,9th grade,1.78,66.68,Yes
15 years old,Male,9th grade,1.75,61.24,No
16 years old,Male,9th grade,1.78,77.11,No
14 years old,Female,9th grade,1.73,58.97,No
15 years old,Female,9th grade,1.78,65.77,No
15 years old,Female,9th grade,1.68,61.24,Yes
16 years old,Male,9th grade,1.85,81.65,No
15 years old,Female,9th grade,1.68,56.7,No
15 years old,Female,9th grade,1.65,58.97,No
18 years old or older,Female,12th grade,1.78,72.58,Yes
18 years old or older,Female,12th grade,1.6,68.04,No
16 years old,Male,10th grade,1.8,63.5,No
17 years old,Male,11th grade,1.85,65.77,No
18 years old or older,Male,12th grade,1.75,74.84,No
16 years old,Female,10th grade,1.63,54.43,No
17 years old,Female,11th grade,1.75,60.78,No
18 years old or older,Male,12th grade,1.93,88.45,No
16 years old,Female,10th grade,1.63,47.63,No
17 years old,Female,11th grade,1.63,44,Yes
18 years old or older,Female,12th grade,1.7,69.4,No
16 years old,Male,10th grade,1.78,65.77,No
18 years old or older,Female,12th grade,1.63,54.43,Yes
16 years old,Male,10th grade,1.88,88.45,No
17 years old,Female,11th grade,1.65,58.97,No
17 years old,Female,11th grade,1.73,86.18,Yes
18 years old or older,Male,11th grade,1.7,52.16,No
18 years old or older,Female,12th grade,1.63,72.58,No
16 years old,Female,10th grade,1.65,49.9,No
17 years old,Male,11th grade,1.85,68.04,No
17 years old,Female,12th grade,1.6,47.63,Yes
15 years old,Male,10th grade,1.75,88.45,Yes
18 years old or older,Female,12th grade,1.7,56.7,No
15 years old,Female,10th grade,1.57,52.16,No
17 years old,Female,11th grade,1.73,86.18,No
18 years old or older,Female,12th grade,1.73,61.24,No
16 years old,Female,10th grade,1.68,56.7,No
17 years old,Male,11th grade,1.7,74.39,No
16 years old,Female,10th grade,1.75,56.7,No
17 years old,Male,11th grade,1.78,74.84,No
17 years old,Female,12th grade,1.68,61.24,No
16 years old,Male,10th grade,1.85,71.22,No
16 years old,Male,10th grade,1.75,58.06,No
18 years old or older,Female,12th grade,1.55,54.43,No
16 years old,Male,11th grade,1.7,90.72,No
16 years old,Male,10th grade,1.75,70.31,No
18 years old or older,Male,12th grade,1.8,81.65,No
15 years old,Male,9th grade,1.75,67.13,No
16 years old,Female,11th grade,1.65,49.9,No
16 years old,Male,10th grade,1.88,81.65,No
18 years old or older,Male,12th grade,1.73,87.09,No
15 years old,Female,9th grade,1.6,67.13,No
16 years old,Male,11th grade,1.75,81.65,No
15 years old,Male,10th grade,1.7,79.38,No
18 years old or older,Female,12th grade,1.63,67.13,No
15 years old,Female,9th grade,1.65,61.69,No
15 years old,Female,10th grade,1.6,56.7,No
17 years old,Female,12th grade,1.65,56.7,No
15 years old,Male,9th grade,1.73,83.01,Yes
16 years old,Female,11th grade,1.65,65.77,No
16 years old,Male,11th grade,1.85,65.77,Yes
16 years old,Female,10th grade,1.7,52.16,No
18 years old or older,Male,12th grade,1.78,77.11,No
14 years old,Female,9th grade,1.78,63.5,No
18 years old or older,Female,12th grade,1.78,74.84,No
15 years old,Male,9th grade,1.88,76.2,No
15 years old,Female,10th grade,1.65,52.16,No
18 years old or older,Female,12th grade,1.63,58.06,No
15 years old,Male,9th grade,1.83,68.04,No
16 years old,Male,11th grade,1.9,79.38,No
15 years old,Male,10th grade,1.78,62.6,No
17 years old,Female,12th grade,1.75,68.04,No
15 years old,Female,9th grade,1.57,52.16,No
17 years old,Female,11th grade,1.6,56.7,No
16 years old,Male,10th grade,1.68,54.89,No
18 years old or older,Female,12th grade,1.57,57.15,No
17 years old,Male,11th grade,1.96,95.26,No
17 years old,Female,10th grade,1.6,72.58,No
17 years old,Female,12th grade,1.68,108.86,Yes
17 years old,Male,11th grade,1.85,79.38,No
16 years old,Male,10th grade,1.65,72.58,No
17 years old,Female,12th grade,1.63,51.71,No
16 years old,Female,11th grade,1.6,48.54,No
16 years old,Female,11th grade,1.6,54.43,No
14 years old,Male,9th grade,1.73,55.79,No
17 years old,Male,11th grade,1.83,72.58,No
15 years old,Female,9th grade,1.57,50.35,No
14 years old,Male,9th grade,1.63,53.07,No
16 years old,Male,10th grade,1.8,104.33,No
17 years old,Male,12th grade,1.73,97.52,No
17 years old,Male,12th grade,1.78,65.77,No
15 years old,Male,9th grade,1.73,58.97,Yes
17 years old,Male,11th grade,1.75,106.14,No
16 years old,Male,9th grade,1.57,52.16,No
16 years old,Male,10th grade,1.8,86.18,No
18 years old or older,Male,12th grade,1.75,81.65,No
17 years old,Male,11th grade,1.63,52.16,No
17 years old,Female,11th grade,1.6,63.05,Yes
14 years old,Female,9th grade,1.7,54.43,No
16 years old,Male,11th grade,1.73,86.18,No
14 years old,Female,9th grade,1.57,77.11,Yes
15 years old,Female,10th grade,1.68,68.04,No
17 years old,Female,12th grade,1.65,63.5,No
17 years old,Female,12th grade,1.63,48.08,No
17 years old,Male,11th grade,1.73,70.31,No
14 years old,Male,9th grade,1.65,50.8,No
18 years old or older,Female,11th grade,1.47,102.06,Yes
15 years old,Male,9th grade,1.68,51.26,No
15 years old,Male,10th grade,1.83,54.43,No
17 years old,Female,12th grade,1.63,86.18,No
18 years old or older,Male,12th grade,1.9,90.72,No
18 years old or older,Male,12th grade,1.7,81.65,No
16 years old,Female,11th grade,1.63,49.44,No
15 years old,Male,9th grade,1.68,48.54,No
16 years old,Male,11th grade,1.78,81.65,No
15 years old,Male,9th grade,1.73,62.14,No
17 years old,Male,11th grade,1.68,53.52,No
16 years old,Male,11th grade,1.78,52.16,No
14 years old,Female,9th grade,1.55,68.04,Yes
16 years old,Male,10th grade,1.73,53.52,No
18 years old or older,Male,12th grade,1.83,70.31,No
18 years old or older,Male,12th grade,1.83,58.97,No
16 years old,Male,11th grade,1.63,81.65,No
17 years old,Male,11th grade,1.7,54.43,No
15 years old,Female,9th grade,1.65,52.16,No
16 years old,Male,11th grade,1.85,90.72,No
14 years old,Male,9th grade,1.68,63.5,No
17 years old,Male,12th grade,1.8,113.4,No
17 years old,Female,12th grade,1.57,64.86,No
16 years old,Female,11th grade,1.63,60.78,Yes
15 years old,Female,9th grade,1.52,46.72,Yes
17 years old,Male,11th grade,1.83,111.13,Yes
15 years old,Female,9th grade,1.7,61.24,No
15 years old,Male,10th grade,1.7,60.78,No
17 years old,Male,12th grade,1.78,65.77,Yes
18 years old or older,Male,12th grade,1.88,90.72,No
16 years old,Male,11th grade,1.88,95.26,No
14 years old,Female,9th grade,1.65,63.5,No
17 years old,Male,11th grade,1.8,106.6,No
14 years old,Female,9th grade,1.57,61.24,Yes
15 years old,Male,10th grade,1.85,104.33,No
18 years old or older,Female,12th grade,1.57,72.58,Yes
18 years old or older,Female,12th grade,1.75,81.65,No
15 years old,Male,10th grade,1.73,65.77,No
15 years old,Female,10th grade,1.7,56.7,Yes
17 years old,Female,12th grade,1.6,58.06,No
18 years old or older,Female,12th grade,1.63,58.97,No
16 years old,Male,11th grade,1.8,101.61,Yes
14 years old,Male,9th grade,1.8,83.92,Yes
16 years old,Male,11th grade,1.7,68.04,No
15 years old,Female,9th grade,1.6,73.94,No
15 years old,Female,10th grade,1.52,47.17,No
17 years old,Male,12th grade,1.7,56.7,No
17 years old,Male,12th grade,1.78,49.9,No
16 years old,Female,10th grade,1.68,51.71,No
14 years old,Male,9th grade,1.68,67.13,No
16 years old,Female,11th grade,1.65,48.54,No
15 years old,Male,9th grade,1.68,52.16,No
16 years old,Male,10th grade,1.8,77.11,No
17 years old,Male,12th grade,1.6,49.44,No
18 years old or older,Male,12th grade,1.83,74.84,No
17 years old,Male,11th grade,1.8,65.77,No
15 years old,Male,9th grade,1.78,58.97,No
14 years old,Female,9th grade,1.6,63.96,No
16 years old,Male,10th grade,1.73,87.54,No
18 years old or older,Male,12th grade,1.8,83.92,No
18 years old or older,Female,12th grade,1.63,81.65,No
15 years old,Female,9th grade,1.52,45.36,No
15 years old,Male,10th grade,1.75,58.97,No
15 years old,Male,12th grade,1.96,54.43,Yes
16 years old,Female,11th grade,1.63,58.97,No
14 years old,Male,9th grade,1.75,81.65,No
17 years old,Female,11th grade,1.65,74.84,No
15 years old,Female,9th grade,1.63,50.35,No
15 years old,Male,10th grade,1.73,58.97,No
17 years old,Male,11th grade,1.78,79.38,No
16 years old,Male,11th grade,1.88,74.84,No
14 years old,Female,9th grade,1.57,65.77,No
18 years old or older,Male,11th grade,1.83,95.26,No
16 years old,Female,9th grade,1.63,89.81,No
15 years old,Female,9th grade,1.57,43.09,Yes
15 years old,Male,10th grade,1.75,58.51,No
18 years old or older,Female,12th grade,1.65,54.43,No
17 years old,Female,12th grade,1.65,86.18,Yes
17 years old,Female,11th grade,1.63,76.2,No
15 years old,Male,9th grade,1.8,66.23,No
15 years old,Female,9th grade,1.57,52.16,No
17 years old,Male,12th grade,1.78,58.97,No
18 years old or older,Female,11th grade,1.68,56.7,No
17 years old,Male,11th grade,1.73,58.51,No
15 years old,Male,9th grade,1.78,72.58,No
16 years old,Male,11th grade,1.75,83.92,No
17 years old,Male,11th grade,1.9,99.34,No
15 years old,Female,9th grade,1.6,54.43,No
16 years old,Male,11th grade,1.85,115.67,No
16 years old,Female,9th grade,1.57,56.7,No
14 years old,Male,9th grade,1.83,68.95,No
16 years old,Male,11th grade,1.68,53.52,No
17 years old,Female,11th grade,1.57,67.59,No
14 years old,Female,9th grade,1.68,53.52,Yes
16 years old,Male,11th grade,1.78,98.43,Yes
15 years old,Female,9th grade,1.57,51.26,No
15 years old,Male,9th grade,1.8,86.18,No
14 years old,Male,9th grade,1.68,64.86,No
16 years old,Female,11th grade,1.57,59.42,Yes
15 years old,Female,9th grade,1.55,68.95,No
14 years old,Male,9th grade,1.75,61.24,Yes
16 years old,Female,10th grade,1.57,50.8,Yes
18 years old or older,Male,12th grade,1.7,52.16,No
17 years old,Female,11th grade,1.52,45.36,Yes
17 years old,Female,11th grade,1.52,68.04,No
16 years old,Female,10th grade,1.52,67.13,No
17 years old,Female,11th grade,1.55,48.99,No
18 years old or older,Female,12th grade,1.6,57.15,No
16 years old,Male,10th grade,1.63,108.86,No
17 years old,Female,11th grade,1.5,49.9,No
17 years old,Male,11th grade,1.78,58.06,No
17 years old,Male,11th grade,1.8,81.65,No
16 years old,Female,11th grade,1.6,50.8,No
16 years old,Female,10th grade,1.7,89.81,No
16 years old,Male,10th grade,1.75,61.24,No
15 years old,Female,10th grade,1.63,70.31,No
17 years old,Female,12th grade,1.57,74.84,No
16 years old,Female,10th grade,1.6,56.7,No
16 years old,Male,10th grade,1.68,131.54,No
14 years old,Female,9th grade,1.6,48.54,No
17 years old,Female,11th grade,1.6,49.9,No
17 years old,Female,11th grade,1.55,54.89,No
17 years old,Female,11th grade,1.65,71.67,No
16 years old,Male,10th grade,1.75,54.43,No
16 years old,Male,10th grade,1.78,79.38,No
17 years old,Female,11th grade,1.73,70.31,No
16 years old,Male,10th grade,1.83,90.72,No
16 years old,Male,10th grade,1.78,65.77,No
16 years old,Male,10th grade,1.78,79.38,No
16 years old,Male,11th grade,1.73,68.04,No
16 years old,Male,11th grade,1.75,72.58,No
17 years old,Female,11th grade,1.68,122.02,No
17 years old,Male,11th grade,1.7,61.24,No
17 years old,Male,11th grade,1.8,63.5,No
17 years old,Female,10th grade,1.63,68.04,No
16 years old,Female,10th grade,1.52,68.49,No
16 years old,Female,11th grade,1.57,52.16,No
18 years old or older,Male,12th grade,1.78,80.74,No
17 years old,Female,11th grade,1.7,65.77,No
18 years old or older,Female,12th grade,1.65,81.65,No
17 years old,Male,11th grade,1.75,81.65,No
16 years old,Male,10th grade,1.8,79.38,No
15 years old,Female,10th grade,1.57,63.5,No
16 years old,Male,10th grade,1.65,49.9,No
17 years old,Female,12th grade,1.57,44.91,No
15 years old,Female,9th grade,1.7,56.7,No
17 years old,Male,12th grade,1.68,58.06,No
15 years old,Male,9th grade,1.73,63.5,No
15 years old,Female,9th grade,1.6,52.16,No
15 years old,Male,9th grade,1.75,90.72,No
15 years old,Female,9th grade,1.55,54.43,No
14 years old,Male,9th grade,1.7,50.35,No
15 years old,Female,9th grade,1.63,72.58,No
14 years old,Female,9th grade,1.7,50.8,No
15 years old,Male,9th grade,1.68,72.58,No
15 years old,Male,9th grade,1.8,75.75,No
14 years old,Female,9th grade,1.7,81.65,No
15 years old,Female,9th grade,1.68,63.5,No
15 years old,Male,9th grade,1.65,49.9,No
15 years old,Female,9th grade,1.55,56.7,No
14 years old,Female,9th grade,1.52,45.36,Yes
15 years old,Female,9th grade,1.5,43.55,No
15 years old,Male,9th grade,1.65,72.58,No
15 years old,Male,9th grade,1.6,63.5,No
14 years old,Female,9th grade,1.52,72.58,Yes
15 years old,Female,9th grade,1.6,88.45,Yes
15 years old,Female,9th grade,1.55,61.24,No
17 years old,Female,12th grade,1.7,71.67,No
17 years old,Female,11th grade,1.5,45.36,Yes
15 years old,Male,10th grade,1.73,117.94,Yes
18 years old or older,Female,12th grade,1.73,54.43,No
17 years old,Female,11th grade,1.5,58.97,Yes
17 years old,Female,11th grade,1.6,48.54,No
17 years old,Female,11th grade,1.65,56.25,Yes
17 years old,Female,12th grade,1.57,58.97,Yes
17 years old,Male,11th grade,1.8,99.79,No
17 years old,Male,12th grade,1.73,82.56,No
16 years old,Female,10th grade,1.68,52.16,No
18 years old or older,Female,12th grade,1.68,70.31,No
16 years old,Male,10th grade,1.65,46.27,No
16 years old,Female,10th grade,1.6,48.54,Yes
16 years old,Male,10th grade,1.78,63.5,No
15 years old,Female,10th grade,1.57,61.24,Yes
16 years old,Female,10th grade,1.68,62.14,No
17 years old,Female,11th grade,1.73,54.43,No
17 years old,Female,12th grade,1.75,92.08,No
17 years old,Female,11th grade,1.57,54.43,No
17 years old,Male,11th grade,1.73,102.06,Yes
18 years old or older,Female,12th grade,1.55,63.5,Yes
15 years old,Female,10th grade,1.5,52.62,Yes
17 years old,Male,11th grade,1.6,45.36,No
15 years old,Female,10th grade,1.57,54.43,No
16 years old,Female,11th grade,1.6,56.7,Yes
16 years old,Female,10th grade,1.6,64.86,No
17 years old,Female,11th grade,1.7,80.74,No
16 years old,Male,10th grade,1.68,62.6,No
16 years old,Male,11th grade,1.73,57.61,No
16 years old,Female,10th grade,1.57,113.4,Yes
17 years old,Female,11th grade,1.57,54.43,No
17 years old,Female,11th grade,1.7,61.24,Yes
17 years old,Female,11th grade,1.55,52.16,No
18 years old or older,Male,12th grade,1.75,58.97,No
16 years old,Male,10th grade,1.83,62.6,No
17 years old,Female,11th grade,1.57,51.71,No
17 years old,Female,11th grade,1.57,57.61,No
18 years old or older,Female,12th grade,1.6,49.9,No
17 years old,Female,11th grade,1.52,56.7,No
18 years old or older,Male,12th grade,1.7,56.7,No
17 years old,Male,11th grade,1.65,88.45,No
16 years old,Female,10th grade,1.57,79.38,No
16 years old,Male,10th grade,1.85,90.72,No
16 years old,Male,10th grade,1.78,72.58,Yes
17 years old,Male,11th grade,1.75,77.11,No
18 years old or older,Male,12th grade,1.85,70.31,No
15 years old,Female,10th grade,1.63,59.88,No
16 years old,Female,10th grade,1.73,84.37,No
14 years old,Male,9th grade,1.68,54.43,No
17 years old,Male,12th grade,1.78,74.84,No
17 years old,Male,12th grade,1.75,125.19,No
16 years old,Female,10th grade,1.52,60.33,No
17 years old,Male,11th grade,1.85,81.65,No
15 years old,Female,9th grade,1.63,52.16,No
15 years old,Female,9th grade,1.5,43.09,No
15 years old,Male,9th grade,1.83,131.54,Yes
14 years old,Female,9th grade,1.6,48.54,No
15 years old,Male,9th grade,1.73,90.72,Yes
14 years old,Male,9th grade,1.73,70.76,No
15 years old,Male,9th grade,1.6,50.35,No
15 years old,Female,9th grade,1.7,54.43,No
15 years old,Male,9th grade,1.78,111.13,No
14 years old,Female,9th grade,1.63,72.58,No
16 years old,Male,9th grade,1.85,68.04,No
15 years old,Female,9th grade,1.68,61.24,No
15 years old,Male,9th grade,1.73,63.5,No
15 years old,Male,9th grade,1.8,98.43,No
15 years old,Female,9th grade,1.6,75.75,Yes
15 years old,Female,9th grade,1.6,56.7,No
15 years old,Female,9th grade,1.63,53.98,No
14 years old,Male,9th grade,1.6,49.9,No
15 years old,Male,9th grade,1.57,68.04,No
15 years old,Female,9th grade,1.6,45.36,No
15 years old,Female,9th grade,1.5,54.43,Yes
14 years old,Female,9th grade,1.52,72.58,No
16 years old,Female,9th grade,1.45,54.43,No
14 years old,Female,9th grade,1.73,61.69,Yes
17 years old,Female,11th grade,1.63,47.63,No
16 years old,Male,10th grade,1.75,63.5,No
17 years old,Female,11th grade,1.5,57.61,No
18 years old or older,Female,12th grade,1.6,69.4,No
17 years old,Female,11th grade,1.68,61.24,No
15 years old,Female,10th grade,1.55,57.61,No
17 years old,Male,11th grade,1.73,55.34,No
16 years old,Male,10th grade,1.75,86.18,No
16 years old,Male,11th grade,1.73,62.6,No
17 years old,Female,12th grade,1.63,104.33,No
17 years old,Male,11th grade,1.78,70.31,Yes
17 years old,Male,11th grade,1.7,90.72,No
15 years old,Female,10th grade,1.57,49.9,No
15 years old,Female,9th grade,1.65,68.04,No
15 years old,Female,9th grade,1.7,59.42,No
16 years old,Female,11th grade,1.63,65.77,No
16 years old,Female,10th grade,1.63,58.97,No
17 years old,Female,11th grade,1.57,72.58,Yes
16 years old,Female,10th grade,1.57,44.91,No
15 years old,Male,9th grade,1.75,54.43,No
16 years old,Male,11th grade,1.85,66.68,No
17 years old,Female,11th grade,1.55,49.9,No
15 years old,Female,10th grade,1.6,53.07,Yes
16 years old,Female,10th grade,1.57,54.43,No
14 years old,Female,9th grade,1.63,53.98,No
16 years old,Female,10th grade,1.65,47.63,No
16 years old,Male,11th grade,1.65,49.9,No
16 years old,Male,10th grade,1.73,52.16,No
15 years old,Female,9th grade,1.55,46.72,No
17 years old,Male,11th grade,1.73,49.9,No
16 years old,Female,11th grade,1.57,48.08,No
16 years old,Male,10th grade,1.78,86.18,No
16 years old,Female,11th grade,1.75,57.61,No
16 years old,Male,10th grade,1.73,57.15,No
15 years old,Female,9th grade,1.65,59.88,No
17 years old,Female,11th grade,1.65,65.77,No
17 years old,Female,11th grade,1.6,57.15,No
15 years old,Female,10th grade,1.57,61.24,Yes
16 years old,Male,10th grade,1.78,72.58,No
14 years old,Male,9th grade,1.73,56.7,No
14 years old,Male,9th grade,1.9,81.65,Yes
17 years old,Female,11th grade,1.57,54.43,Yes
17 years old,Male,11th grade,1.93,122.47,No
16 years old,Male,10th grade,1.7,52.16,Yes
15 years old,Male,9th grade,1.7,72.58,No
14 years old,Female,9th grade,1.68,49.9,No
17 years old,Female,11th grade,1.73,45.36,No
17 years old,Female,11th grade,1.5,47.63,No
16 years old,Male,10th grade,1.73,78.47,No
16 years old,Male,10th grade,1.65,67.13,No
14 years old,Male,9th grade,1.75,54.43,No
15 years old,Male,9th grade,1.7,64.41,No
18 years old or older,Male,12th grade,1.73,76.2,No
16 years old,Male,11th grade,1.73,97.07,No
15 years old,Female,10th grade,1.57,52.16,No
16 years old,Male,10th grade,1.83,58.97,Yes
17 years old,Female,11th grade,1.7,64.86,No
16 years old,Female,10th grade,1.65,63.5,Yes
17 years old,Female,11th grade,1.55,52.16,No
16 years old,Male,10th grade,1.6,45.36,No
16 years old,Male,10th grade,1.68,56.7,No
16 years old,Male,10th grade,1.78,61.24,No
16 years old,Female,10th grade,1.7,58.97,No
18 years old or older,Male,12th grade,1.78,89.36,No
18 years old or older,Male,12th grade,1.83,70.31,No
14 years old,Male,9th grade,1.6,78.02,No
18 years old or older,Male,12th grade,1.8,134.72,No
18 years old or older,Male,12th grade,1.83,106.14,No
14 years old,Female,9th grade,1.4,47.63,No
18 years old or older,Male,12th grade,1.8,77.11,No
14 years old,Female,9th grade,1.52,48.08,Yes
18 years old or older,Male,12th grade,1.73,83.46,No
18 years old or older,Male,12th grade,1.8,69.4,No
15 years old,Female,9th grade,1.55,44,No
18 years old or older,Male,12th grade,1.8,65.77,Yes
18 years old or older,Male,12th grade,1.85,77.57,No
16 years old,Male,9th grade,1.9,77.11,No
18 years old or older,Male,12th grade,1.83,63.5,No
14 years old,Male,9th grade,1.65,83.92,Yes
18 years old or older,Female,12th grade,1.6,88.91,No
18 years old or older,Female,12th grade,1.57,77.11,No
14 years old,Female,9th grade,1.52,56.7,No
18 years old or older,Male,12th grade,1.68,58.97,No
18 years old or older,Female,12th grade,1.6,74.84,Yes
14 years old,Female,9th grade,1.63,68.04,No
18 years old or older,Female,12th grade,1.68,65.77,No
14 years old,Female,9th grade,1.68,140.62,No
18 years old or older,Male,12th grade,1.7,54.43,No
18 years old or older,Male,12th grade,1.65,62.6,No
15 years old,Male,9th grade,1.68,86.18,Yes
18 years old or older,Male,12th grade,1.96,115.67,No
15 years old,Female,9th grade,1.57,75.75,No
18 years old or older,Female,12th grade,1.6,49.9,No
18 years old or older,Male,12th grade,1.8,63.5,No
18 years old or older,Male,12th grade,1.78,70.31,No
15 years old,Male,9th grade,1.75,167.38,No
16 years old,Male,9th grade,1.73,63.5,No
18 years old or older,Male,12th grade,1.78,83.92,No
18 years old or older,Male,12th grade,1.83,77.11,No
15 years old,Male,9th grade,1.63,40.82,No
17 years old,Male,11th grade,1.83,106.6,No
16 years old,Female,10th grade,1.63,54.43,No
17 years old,Female,11th grade,1.63,80.74,No
17 years old,Male,11th grade,1.73,58.97,No
16 years old,Female,10th grade,1.63,62.14,Yes
16 years old,Female,10th grade,1.65,81.65,Yes
17 years old,Male,11th grade,1.75,95.26,No
17 years old,Female,11th grade,1.6,99.79,No
16 years old,Female,10th grade,1.63,54.89,No
15 years old,Male,10th grade,1.8,64.41,No
16 years old,Male,11th grade,1.78,66.68,No
17 years old,Male,11th grade,1.65,81.19,Yes
15 years old,Female,10th grade,1.7,56.7,No
15 years old,Male,10th grade,1.78,59.88,No
16 years old,Female,11th grade,1.68,61.24,Yes
17 years old,Female,11th grade,1.57,58.97,No
16 years old,Male,10th grade,1.8,66.68,No
16 years old,Male,10th grade,1.83,88.45,Yes
15 years old,Female,10th grade,1.75,65.77,Yes
18 years old or older,Female,12th grade,1.65,68.04,No
16 years old,Female,11th grade,1.65,52.16,No
17 years old,Female,11th grade,1.7,117.94,No
17 years old,Male,11th grade,1.7,65.77,No
16 years old,Male,10th grade,1.68,58.97,No
16 years old,Male,10th grade,1.78,61.24,No
16 years old,Male,10th grade,1.8,65.77,No
15 years old,Female,9th grade,1.7,54.43,No
15 years old,Female,10th grade,1.8,99.79,Yes
16 years old,Male,11th grade,1.7,91.63,No
16 years old,Female,10th grade,1.65,58.97,No
16 years old,Male,10th grade,1.73,122.47,No
17 years old,Male,11th grade,1.83,112.95,No
16 years old,Male,11th grade,1.78,70.31,No
15 years old,Female,10th grade,1.63,58.97,No
16 years old,Female,10th grade,1.57,63.5,Yes
17 years old,Female,12th grade,1.55,77.11,No
15 years old,Female,10th grade,1.6,65.77,No
15 years old,Female,10th grade,1.55,54.89,Yes
17 years old,Male,11th grade,1.73,90.72,No
16 years old,Female,11th grade,1.6,58.06,No
15 years old,Female,10th grade,1.57,53.07,No
16 years old,Male,11th grade,1.78,111.13,No
16 years old,Female,11th grade,1.63,54.43,No
16 years old,Female,10th grade,1.7,54.43,No
16 years old,Male,10th grade,1.75,102.06,No
17 years old,Male,11th grade,1.78,88.45,No
17 years old,Female,10th grade,1.55,79.38,No
15 years old,Female,10th grade,1.63,99.79,No
17 years old,Male,11th grade,1.7,92.99,Yes
15 years old,Female,10th grade,1.68,84.82,No
16 years old,Male,10th grade,1.73,66.68,No
17 years old,Male,11th grade,1.78,117.94,No
15 years old,Female,9th grade,1.65,58.97,No
15 years old,Male,9th grade,1.73,54.43,Yes
15 years old,Female,9th grade,1.68,74.84,No
15 years old,Male,9th grade,1.68,53.52,No
15 years old,Female,9th grade,1.65,59.88,No
14 years old,Female,9th grade,1.55,58.51,No
15 years old,Male,9th grade,1.7,67.13,No
15 years old,Female,9th grade,1.6,53.07,No
15 years old,Male,9th grade,1.83,63.5,Yes
15 years old,Female,9th grade,1.57,54.43,Yes
15 years old,Female,9th grade,1.6,82.1,No
15 years old,Female,9th grade,1.65,81.65,No
15 years old,Female,9th grade,1.5,45.36,No
14 years old,Female,9th grade,1.65,58.97,No
15 years old,Female,9th grade,1.75,70.31,No
14 years old,Female,9th grade,1.65,68.04,No
15 years old,Female,9th grade,1.63,47.63,No
15 years old,Female,9th grade,1.55,44,No
17 years old,Female,12th grade,1.63,104.33,No
17 years old,Male,12th grade,1.8,110.22,No
17 years old,Male,12th grade,1.68,72.58,No
17 years old,Male,12th grade,1.83,117.94,No
18 years old or older,Male,12th grade,1.85,83.92,No
17 years old,Male,12th grade,1.75,129.28,No
17 years old,Male,12th grade,1.75,68.04,No
17 years old,Male,12th grade,1.8,104.33,No
17 years old,Male,12th grade,1.85,72.58,No
18 years old or older,Male,12th grade,1.73,63.5,No
17 years old,Female,12th grade,1.57,58.06,No
17 years old,Female,12th grade,1.6,109.77,No
17 years old,Female,12th grade,1.57,57.61,No
17 years old,Male,12th grade,1.75,79.83,No
17 years old,Female,12th grade,1.73,54.43,No
17 years old,Female,12th grade,1.63,67.59,No
17 years old,Female,12th grade,1.65,73.94,No
17 years old,Male,12th grade,1.57,49.9,No
17 years old,Female,11th grade,1.63,53.52,No
17 years old,Female,10th grade,1.63,83.92,No
16 years old,Female,9th grade,1.63,81.65,Yes
17 years old,Female,12th grade,1.63,68.04,No
17 years old,Male,11th grade,1.73,54.43,No
15 years old,Female,10th grade,1.6,46.27,Yes
18 years old or older,Female,12th grade,1.52,56.7,No
17 years old,Female,11th grade,1.52,72.58,No
15 years old,Female,10th grade,1.57,54.43,No
16 years old,Male,11th grade,1.75,61.24,No
14 years old,Female,9th grade,1.6,77.11,Yes
17 years old,Male,11th grade,1.75,79.38,No
17 years old,Male,12th grade,1.75,58.06,No
17 years old,Female,10th grade,1.6,49.9,No
16 years old,Female,11th grade,1.63,85.73,No
17 years old,Female,12th grade,1.75,82.56,No
16 years old,Male,10th grade,1.78,65.77,No
18 years old or older,Male,10th grade,1.88,58.97,No
17 years old,Female,12th grade,1.55,65.77,No
17 years old,Female,12th grade,1.68,54.89,No
17 years old,Female,11th grade,1.68,58.97,No
16 years old,Male,10th grade,1.73,58.97,No
15 years old,Female,9th grade,1.63,46.72,No
15 years old,Female,10th grade,1.78,90.72,Yes
16 years old,Female,11th grade,1.52,51.26,No
18 years old or older,Male,12th grade,1.65,63.5,No
18 years old or older,Male,12th grade,1.75,71.22,No
18 years old or older,Female,10th grade,1.65,57.15,Yes
16 years old,Male,11th grade,1.73,68.04,No
17 years old,Male,11th grade,1.83,79.38,No
17 years old,Male,12th grade,1.78,58.97,No
17 years old,Male,11th grade,1.68,54.43,No
15 years old,Female,10th grade,1.78,58.51,No
17 years old,Male,11th grade,1.75,96.62,No
15 years old,Male,9th grade,1.7,77.11,No
16 years old,Male,11th grade,1.73,69.85,No
17 years old,Female,12th grade,1.57,75.3,No
17 years old,Male,12th grade,1.78,88.45,No
15 years old,Female,10th grade,1.63,63.5,No
16 years old,Female,11th grade,1.63,81.65,No
18 years old or older,Male,12th grade,1.93,72.58,No
17 years old,Male,11th grade,1.73,95.26,Yes
16 years old,Female,10th grade,1.6,48.99,No
17 years old,Female,11th grade,1.55,58.97,No
16 years old,Female,11th grade,1.57,59.42,No
15 years old,Male,10th grade,1.75,65.77,No
17 years old,Female,11th grade,1.6,56.7,No
15 years old,Male,9th grade,1.8,79.38,No
16 years old,Male,10th grade,1.73,58.97,No
17 years old,Male,11th grade,1.73,63.5,No
18 years old or older,Female,12th grade,1.63,77.11,No
16 years old,Female,10th grade,1.57,70.31,No
16 years old,Male,10th grade,1.83,86.18,No
14 years old,Female,9th grade,1.63,62.6,No
15 years old,Female,10th grade,1.45,72.58,No
17 years old,Male,11th grade,1.73,64.41,No
17 years old,Male,11th grade,1.63,54.89,No
18 years old or older,Female,12th grade,1.63,54.43,No
16 years old,Female,11th grade,1.63,54.43,No
15 years old,Male,9th grade,1.73,92.08,No
18 years old or older,Male,11th grade,1.78,64.86,Yes
18 years old or older,Male,12th grade,1.78,76.2,No
16 years old,Female,10th grade,1.57,58.97,No
15 years old,Male,9th grade,1.8,79.38,No
16 years old,Male,11th grade,1.73,56.7,Yes
16 years old,Male,10th grade,1.73,48.08,Yes
15 years old,Female,9th grade,1.65,81.65,No
18 years old or older,Female,12th grade,1.68,81.65,No
17 years old,Female,11th grade,1.8,83.92,No
15 years old,Male,10th grade,1.8,104.33,No
16 years old,Male,9th grade,1.73,128.82,No
18 years old or older,Female,12th grade,1.68,61.24,No
16 years old,Female,11th grade,1.7,72.58,No
15 years old,Female,10th grade,1.57,45.36,No
15 years old,Female,9th grade,1.5,54.43,Yes
18 years old or older,Male,12th grade,1.8,81.65,No
17 years old,Female,11th grade,1.63,56.7,Yes
16 years old,Female,10th grade,1.63,72.58,No
18 years old or older,Male,12th grade,1.9,83.92,No
16 years old,Female,11th grade,1.6,88.45,No
15 years old,Female,10th grade,1.68,59.88,No
15 years old,Female,9th grade,1.5,59.88,Yes
17 years old,Male,12th grade,1.83,65.77,No
14 years old,Female,9th grade,1.65,58.06,No
17 years old,Male,12th grade,1.83,70.31,No
16 years old,Female,11th grade,1.57,81.65,Yes
16 years old,Male,10th grade,1.73,97.52,No
16 years old,Female,11th grade,1.57,49.9,No
15 years old,Male,10th grade,1.9,73.48,Yes
17 years old,Male,11th grade,1.78,74.84,No
16 years old,Female,10th grade,1.65,63.5,Yes
18 years old or older,Female,12th grade,1.65,58.97,Yes
18 years old or older,Male,12th grade,1.78,113.4,No
14 years old,Female,9th grade,1.55,63.5,No
15 years old,Male,9th grade,1.7,72.58,No
16 years old,Female,11th grade,1.63,61.24,No
16 years old,Female,10th grade,1.65,54.43,No
15 years old,Female,10th grade,1.78,54.43,No
17 years old,Male,11th grade,1.83,77.11,No
15 years old,Female,10th grade,1.7,74.84,No
16 years old,Female,11th grade,1.63,57.61,No
15 years old,Male,10th grade,1.75,98.88,Yes
18 years old or older,Male,12th grade,1.8,115.67,No
15 years old,Male,9th grade,1.83,142.88,No
16 years old,Female,10th grade,1.57,44.45,Yes
16 years old,Female,11th grade,1.6,63.5,No
16 years old,Female,10th grade,1.65,56.25,No
18 years old or older,Female,12th grade,1.73,72.12,No
15 years old,Female,9th grade,1.73,71.22,Yes
17 years old,Female,11th grade,1.63,104.33,Yes
16 years old,Female,10th grade,1.68,58.97,Yes
16 years old,Female,11th grade,1.52,99.79,No
16 years old,Female,10th grade,1.6,52.16,No
17 years old,Female,12th grade,1.6,138.8,Yes
15 years old,Female,9th grade,1.65,52.16,No
16 years old,Female,11th grade,1.68,61.24,No
16 years old,Female,10th grade,1.6,56.7,No
17 years old,Male,12th grade,1.73,77.11,No
18 years old or older,Male,12th grade,1.83,60.78,No
15 years old,Female,9th grade,1.8,76.2,No
15 years old,Male,9th grade,1.75,64.86,No
17 years old,Male,11th grade,1.7,63.5,No
15 years old,Female,10th grade,1.65,65.32,No
16 years old,Female,11th grade,1.8,61.24,No
16 years old,Female,10th grade,1.7,58.97,Yes
18 years old or older,Male,12th grade,1.78,74.84,No
15 years old,Female,9th grade,1.75,58.97,No
14 years old,Female,9th grade,1.57,58.97,No
18 years old or older,Male,11th grade,1.73,48.08,Yes
16 years old,Female,10th grade,1.57,61.24,No
15 years old,Female,10th grade,1.73,58.97,No
18 years old or older,Male,12th grade,1.78,74.84,No
17 years old,Female,12th grade,1.63,79.38,No
17 years old,Male,12th grade,1.52,74.84,No
17 years old,Female,11th grade,1.63,44.45,No
15 years old,Male,10th grade,1.73,62.6,No
14 years old,Male,9th grade,1.75,76.2,No
14 years old,Male,9th grade,1.9,104.33,No
16 years old,Female,12th grade,1.6,67.59,No
16 years old,Male,10th grade,1.75,62.6,No
16 years old,Female,10th grade,1.6,68.04,No
18 years old or older,Female,12th grade,1.63,58.97,Yes
18 years old or older,Female,12th grade,1.6,81.65,Yes
17 years old,Male,11th grade,1.75,61.24,No
15 years old,Male,9th grade,1.85,72.58,No
17 years old,Male,11th grade,1.78,154.68,No
16 years old,Male,10th grade,1.78,99.79,No
16 years old,Female,11th grade,1.68,100.7,No
15 years old,Female,10th grade,1.55,57.15,No
17 years old,Male,12th grade,1.73,92.99,No
18 years old or older,Female,12th grade,1.68,81.65,No
15 years old,Female,9th grade,1.57,45.36,No
15 years old,Female,9th grade,1.63,95.26,No
16 years old,Male,11th grade,1.83,65.77,No
16 years old,Female,10th grade,1.6,56.7,No
16 years old,Female,11th grade,1.7,86.18,No
15 years old,Male,9th grade,1.75,63.5,No
17 years old,Male,12th grade,1.8,104.33,No
17 years old,Male,12th grade,1.73,81.65,No
14 years old,Male,9th grade,1.75,97.98,No
15 years old,Male,9th grade,1.7,101.61,No
16 years old,Female,11th grade,1.75,90.72,No
16 years old,Male,10th grade,1.73,63.96,Yes
16 years old,Male,11th grade,1.73,63.5,No
14 years old,Female,9th grade,1.52,38.56,No
18 years old or older,Female,12th grade,1.68,77.11,No
17 years old,Male,12th grade,1.75,69.4,No
15 years old,Female,9th grade,1.65,64.86,No
16 years old,Male,10th grade,1.73,86.18,Yes
18 years old or older,Male,11th grade,1.78,81.65,No
16 years old,Male,10th grade,1.7,71.22,No
16 years old,Male,10th grade,1.73,61.24,No
16 years old,Male,10th grade,1.8,74.84,No
15 years old,Male,10th grade,1.73,90.72,No
16 years old,Female,10th grade,1.63,49.9,No
16 years old,Female,10th grade,1.6,61.24,No
18 years old or older,Male,12th grade,1.75,55.79,No
16 years old,Female,10th grade,1.63,55.79,No
18 years old or older,Male,12th grade,1.73,72.58,Yes
18 years old or older,Male,12th grade,1.85,97.98,No
15 years old,Female,9th grade,1.63,49.9,No
14 years old,Female,9th grade,1.68,54.43,Yes
17 years old,Male,12th grade,1.83,68.04,No
17 years old,Male,10th grade,1.68,95.26,No
16 years old,Female,10th grade,1.57,63.5,No
18 years old or older,Female,12th grade,1.78,73.03,No
18 years old or older,Male,12th grade,1.8,72.58,No
15 years old,Female,9th grade,1.55,76.66,No
15 years old,Male,9th grade,1.68,65.77,Yes
16 years old,Male,11th grade,1.7,63.5,No
16 years old,Female,10th grade,1.57,47.63,No
17 years old,Male,12th grade,1.88,68.95,No
14 years old,Male,9th grade,1.68,53.07,No
16 years old,Female,11th grade,1.52,42.64,No
16 years old,Female,10th grade,1.68,63.5,Yes
16 years old,Male,10th grade,1.75,70.76,Yes
16 years old,Male,10th grade,1.78,128.37,No
15 years old,Male,10th grade,1.7,81.65,Yes
15 years old,Female,10th grade,1.73,86.18,No
16 years old,Female,11th grade,1.63,58.97,No
15 years old,Male,9th grade,1.73,86.18,No
14 years old,Male,9th grade,1.83,81.19,No
17 years old,Female,11th grade,1.73,58.97,Yes
15 years old,Female,10th grade,1.65,47.17,No
17 years old,Female,11th grade,1.68,58.06,No
18 years old or older,Female,12th grade,1.63,56.7,No
18 years old or older,Female,12th grade,1.57,65.77,No
14 years old,Male,9th grade,1.73,45.36,No
15 years old,Male,9th grade,1.73,97.52,No
17 years old,Male,11th grade,1.7,86.18,No
17 years old,Female,11th grade,1.57,49.44,No
18 years old or older,Male,12th grade,1.57,53.52,No
15 years old,Male,11th grade,1.8,72.58,No
16 years old,Female,11th grade,1.68,97.52,No
15 years old,Male,9th grade,1.7,55.79,No
18 years old or older,Female,12th grade,1.6,83.92,No
17 years old,Male,12th grade,1.78,58.97,No
17 years old,Male,10th grade,1.73,79.38,No
16 years old,Male,11th grade,1.8,120.2,No
14 years old,Female,9th grade,1.7,72.58,No
17 years old,Female,12th grade,1.63,59.88,No
18 years old or older,Female,12th grade,1.6,56.7,No
16 years old,Male,10th grade,1.7,74.39,No
17 years old,Male,11th grade,1.78,60.78,No
18 years old or older,Female,11th grade,1.42,58.97,No
17 years old,Male,12th grade,1.68,63.5,No
17 years old,Female,11th grade,1.6,46.27,No
15 years old,Male,9th grade,1.73,86.18,Yes
17 years old,Female,12th grade,1.63,68.04,No
16 years old,Male,10th grade,1.83,77.11,No
16 years old,Male,11th grade,1.7,56.7,Yes
17 years old,Male,11th grade,1.75,54.89,No
17 years old,Male,12th grade,1.68,76.2,No
17 years old,Male,12th grade,1.8,127.01,No
17 years old,Male,11th grade,1.55,100.7,Yes
17 years old,Male,11th grade,1.78,86.18,No
18 years old or older,Male,12th grade,1.75,87.09,No
18 years old or older,Female,12th grade,1.55,67.59,No
16 years old,Male,10th grade,1.8,92.99,No
18 years old or older,Male,11th grade,1.88,99.79,No
16 years old,Male,11th grade,1.85,92.99,No
17 years old,Female,12th grade,1.63,54.43,No
17 years old,Male,11th grade,1.83,54.43,No
16 years old,Male,11th grade,1.8,58.51,No
16 years old,Female,11th grade,1.63,68.04,No
17 years old,Male,11th grade,1.85,69.85,No
16 years old,Male,9th grade,1.78,58.97,Yes
17 years old,Male,11th grade,1.75,88.91,No
17 years old,Male,11th grade,1.8,99.34,Yes
15 years old,Male,9th grade,1.78,86.18,No
17 years old,Female,12th grade,1.6,80.29,No
17 years old,Male,11th grade,1.8,104.78,No
17 years old,Female,11th grade,1.57,52.16,No
14 years old,Female,9th grade,1.55,49.9,No
17 years old,Female,12th grade,1.6,61.24,No
18 years old or older,Female,12th grade,1.68,102.51,No
16 years old,Male,10th grade,1.73,90.72,No
17 years old,Female,11th grade,1.63,54.43,Yes
17 years old,Female,11th grade,1.63,51.71,No
18 years old or older,Female,12th grade,1.57,88.91,No
17 years old,Male,11th grade,1.8,86.18,No
17 years old,Male,11th grade,1.88,112.49,Yes
15 years old,Male,9th grade,1.83,99.79,No
18 years old or older,Female,12th grade,1.57,70.76,No
18 years old or older,Female,12th grade,1.65,60.33,No
15 years old,Male,10th grade,1.73,68.04,No
15 years old,Female,9th grade,1.65,56.7,No
16 years old,Male,10th grade,1.8,84.82,No
14 years old,Female,9th grade,1.57,49.9,No
16 years old,Male,10th grade,1.78,58.97,No
17 years old,Male,11th grade,1.75,58.97,No
17 years old,Male,12th grade,1.8,104.33,No
17 years old,Female,12th grade,1.6,57.61,Yes
16 years old,Male,10th grade,1.7,82.56,No
16 years old,Female,10th grade,1.63,63.5,No
15 years old,Male,9th grade,1.68,69.4,No
16 years old,Male,10th grade,1.8,161.48,No
15 years old,Male,9th grade,1.8,91.17,Yes
16 years old,Female,10th grade,1.78,59.88,No
16 years old,Male,9th grade,1.83,90.72,No
16 years old,Male,10th grade,1.73,68.04,No
17 years old,Male,10th grade,1.6,69.4,No
15 years old,Male,9th grade,1.75,102.51,No
15 years old,Female,9th grade,1.55,43.09,No
14 years old,Female,9th grade,1.57,52.16,No
16 years old,Female,10th grade,1.63,60.33,No
16 years old,Female,10th grade,1.68,54.43,No
16 years old,Female,10th grade,1.6,54.89,Yes
14 years old,Female,9th grade,1.68,54.43,No
15 years old,Male,10th grade,1.73,58.97,No
14 years old,Male,9th grade,1.8,95.26,Yes
15 years old,Female,10th grade,1.63,51.26,Yes
15 years old,Male,10th grade,1.63,80.74,No
15 years old,Male,10th grade,1.73,57.15,No
16 years old,Male,10th grade,1.65,58.97,No
16 years old,Female,10th grade,1.52,74.84,No
17 years old,Female,12th grade,1.6,49.9,No
17 years old,Female,11th grade,1.57,60.33,No
15 years old,Male,9th grade,1.78,56.7,Yes
15 years old,Male,9th grade,1.65,49.9,No
17 years old,Male,12th grade,1.83,124.74,No
16 years old,Male,11th grade,1.78,106.6,No
17 years old,Female,11th grade,1.55,45.81,No
18 years old or older,Male,12th grade,1.85,72.58,No
16 years old,Male,9th grade,1.8,68.04,No
15 years old,Female,9th grade,1.55,50.8,No
15 years old,Female,10th grade,1.65,62.6,No
15 years old,Female,9th grade,1.63,76.66,No
16 years old,Male,11th grade,1.78,81.65,No
16 years old,Female,11th grade,1.55,49.9,No
18 years old or older,Female,12th grade,1.65,61.24,No
15 years old,Female,9th grade,1.68,79.83,No
18 years old or older,Female,12th grade,1.55,87.54,No
18 years old or older,Male,11th grade,1.73,116.12,No
16 years old,Female,11th grade,1.57,51.71,Yes
15 years old,Male,9th grade,1.68,49.44,No
15 years old,Female,9th grade,1.68,49.9,No
15 years old,Female,10th grade,1.52,54.43,Yes
17 years old,Female,12th grade,1.6,54.89,Yes
16 years old,Male,10th grade,1.93,97.07,No
15 years old,Male,10th grade,1.73,81.65,No
18 years old or older,Female,12th grade,1.57,54.43,No
16 years old,Female,11th grade,1.68,62.6,No
17 years old,Male,11th grade,1.73,68.95,No
17 years old,Female,12th grade,1.57,49.44,Yes
14 years old,Female,9th grade,1.6,60.33,No
16 years old,Female,10th grade,1.52,72.58,No
18 years old or older,Male,12th grade,1.8,68.95,No
18 years old or older,Male,12th grade,1.83,68.04,No
17 years old,Female,11th grade,1.52,45.81,No
15 years old,Male,9th grade,1.7,93.44,No
14 years old,Male,9th grade,1.78,57.15,No
16 years old,Female,10th grade,1.8,61.24,No
17 years old,Male,10th grade,1.88,68.04,No
17 years old,Female,12th grade,1.6,70.31,No
17 years old,Male,11th grade,1.7,77.11,No
15 years old,Male,10th grade,1.7,58.97,No
18 years old or older,Female,12th grade,1.57,82.1,No
18 years old or older,Male,11th grade,1.8,91.17,No
18 years old or older,Female,12th grade,1.6,59.88,No
17 years old,Female,12th grade,1.52,76.2,No
15 years old,Male,9th grade,1.73,83.92,No
15 years old,Female,9th grade,1.63,61.24,No
16 years old,Male,10th grade,1.7,56.7,No
16 years old,Male,10th grade,1.65,61.24,No
17 years old,Male,12th grade,1.8,111.13,No
17 years old,Male,11th grade,1.78,97.52,No
17 years old,Female,11th grade,1.63,63.5,No
17 years old,Male,12th grade,1.78,102.06,No
15 years old,Male,9th grade,1.8,90.72,Yes
16 years old,Male,10th grade,1.78,52.16,No
15 years old,Female,9th grade,1.57,45.36,No
18 years old or older,Male,12th grade,1.73,58.97,No
15 years old,Male,9th grade,1.7,63.5,No
15 years old,Male,10th grade,1.75,53.52,No
18 years old or older,Male,12th grade,1.75,68.04,No
17 years old,Male,11th grade,1.75,61.24,No
16 years old,Female,9th grade,1.57,54.43,No
16 years old,Male,10th grade,1.65,80.74,No
14 years old,Female,10th grade,1.7,68.04,Yes
17 years old,Male,11th grade,1.75,90.72,No
14 years old,Female,9th grade,1.55,51.71,No
15 years old,Male,10th grade,1.63,56.7,No
14 years old,Female,9th grade,1.68,71.67,No
16 years old,Female,10th grade,1.63,48.99,No
18 years old or older,Female,12th grade,1.65,61.24,No
17 years old,Male,11th grade,1.73,54.43,No
17 years old,Male,12th grade,1.78,68.04,No
14 years old,Female,9th grade,1.63,52.16,No
15 years old,Female,9th grade,1.68,76.66,Yes
16 years old,Female,10th grade,1.68,68.04,No
17 years old,Male,10th grade,1.68,72.58,No
18 years old or older,Female,12th grade,1.6,86.18,No
16 years old,Male,11th grade,1.78,107.05,No
17 years old,Female,11th grade,1.7,58.06,Yes
18 years old or older,Female,12th grade,1.57,62.14,No
16 years old,Male,10th grade,1.57,58.51,No
15 years old,Female,10th grade,1.6,50.8,No
17 years old,Male,12th grade,1.78,84.37,No
18 years old or older,Male,12th grade,1.9,81.65,No
17 years old,Male,12th grade,1.68,82.56,No
17 years old,Male,12th grade,1.73,58.97,No
17 years old,Female,11th grade,1.65,74.84,No
18 years old or older,Male,12th grade,1.68,86.18,No
15 years old,Male,9th grade,1.65,82.1,No
15 years old,Female,9th grade,1.55,55.34,Yes
15 years old,Male,10th grade,1.75,156.49,No
16 years old,Female,10th grade,1.57,58.06,No
18 years old or older,Male,12th grade,1.88,97.52,No
16 years old,Male,11th grade,1.83,107.5,No
17 years old,Male,11th grade,1.85,68.04,No
18 years old or older,Male,12th grade,1.68,54.43,Yes
15 years old,Female,9th grade,1.65,53.98,No
15 years old,Male,10th grade,1.78,84.82,No
16 years old,Female,10th grade,1.6,53.52,No
18 years old or older,Female,12th grade,1.63,93.9,No
16 years old,Female,11th grade,1.57,60.33,No
15 years old,Male,9th grade,1.63,65.77,Yes
15 years old,Female,9th grade,1.63,54.43,No
16 years old,Female,10th grade,1.47,44.91,No
18 years old or older,Female,12th grade,1.57,63.5,No
14 years old,Female,9th grade,1.52,56.25,Yes
17 years old,Male,12th grade,1.73,97.52,No
16 years old,Male,11th grade,1.83,69.85,No
18 years old or older,Female,11th grade,1.63,52.62,No
18 years old or older,Male,12th grade,1.8,63.96,No
15 years old,Male,9th grade,1.52,40.82,No
18 years old or older,Male,12th grade,1.75,113.4,No
16 years old,Male,11th grade,1.88,72.58,No
17 years old,Male,12th grade,1.75,83.92,No
15 years old,Female,9th grade,1.63,66.68,Yes
16 years old,Female,10th grade,1.75,72.58,Yes
15 years old,Female,10th grade,1.63,72.58,No
17 years old,Male,12th grade,1.73,71.22,No
16 years old,Male,10th grade,1.75,81.65,No
17 years old,Female,10th grade,1.6,39.01,No
18 years old or older,Male,12th grade,1.65,87.09,No
17 years old,Male,11th grade,1.88,113.4,No
16 years old,Female,11th grade,1.7,61.24,Yes
15 years old,Female,9th grade,1.73,58.97,No
17 years old,Male,12th grade,1.75,127.01,No
18 years old or older,Female,12th grade,1.68,63.5,No
18 years old or older,Female,12th grade,1.63,92.99,No
18 years old or older,Male,12th grade,1.75,111.13,No
18 years old or older,Female,12th grade,1.6,72.58,No
16 years old,Male,10th grade,1.85,56.7,Yes
16 years old,Female,10th grade,1.6,71.22,No
18 years old or older,Female,12th grade,1.65,113.4,Yes
17 years old,Male,11th grade,1.75,54.43,No
17 years old,Male,11th grade,1.75,80.74,Yes
17 years old,Male,12th grade,1.83,74.84,No
16 years old,Male,10th grade,1.6,54.43,No
18 years old or older,Female,11th grade,1.6,92.99,Yes
17 years old,Male,11th grade,1.75,113.4,No
14 years old,Female,9th grade,1.68,68.04,Yes
16 years old,Male,10th grade,1.73,61.24,No
17 years old,Male,12th grade,1.83,65.77,No
17 years old,Male,11th grade,1.85,81.19,No
17 years old,Female,11th grade,1.65,94.8,No
16 years old,Male,10th grade,1.7,73.48,No
16 years old,Male,10th grade,1.68,63.5,Yes
18 years old or older,Male,12th grade,1.73,104.78,No
16 years old,Female,11th grade,1.63,57.15,No
17 years old,Female,11th grade,1.63,58.06,No
14 years old,Male,9th grade,1.75,81.65,No
16 years old,Male,10th grade,1.78,94.35,No
16 years old,Male,10th grade,1.78,58.97,No
16 years old,Female,10th grade,1.57,72.58,No
18 years old or older,Male,12th grade,1.8,104.33,No
16 years old,Female,11th grade,1.57,58.97,No
17 years old,Male,10th grade,1.65,121.11,No
17 years old,Female,11th grade,1.52,88.45,No
18 years old or older,Female,12th grade,1.65,72.58,No
15 years old,Male,9th grade,1.73,83.92,Yes
17 years old,Male,11th grade,1.73,95.26,No
18 years old or older,Male,12th grade,1.73,81.65,No
17 years old,Male,11th grade,1.73,56.25,No
15 years old,Male,9th grade,1.83,116.12,No
16 years old,Male,10th grade,1.7,58.97,Yes
16 years old,Female,11th grade,1.52,58.97,No
15 years old,Male,10th grade,1.73,74.84,No
15 years old,Male,10th grade,1.75,68.95,No
18 years old or older,Male,12th grade,1.8,88.45,No
16 years old,Male,11th grade,1.75,49.9,No
17 years old,Female,11th grade,1.6,113.4,Yes
18 years old or older,Male,12th grade,1.73,95.26,No
16 years old,Male,10th grade,1.78,58.97,No
15 years old,Male,10th grade,1.83,97.07,No
18 years old or older,Male,12th grade,1.68,68.04,No
17 years old,Female,11th grade,1.6,68.04,Yes
15 years old,Male,9th grade,1.68,50.8,No
17 years old,Female,12th grade,1.65,79.38,No
18 years old or older,Female,12th grade,1.7,61.24,No
17 years old,Female,11th grade,1.57,81.65,No
16 years old,Female,9th grade,1.63,49.9,No
18 years old or older,Female,12th grade,1.65,61.24,No
18 years old or older,Male,12th grade,1.68,52.16,No
17 years old,Male,10th grade,1.65,59.88,No
14 years old,Female,9th grade,1.7,55.79,No
17 years old,Male,12th grade,1.8,93.9,No
17 years old,Female,12th grade,1.57,53.52,Yes
16 years old,Male,11th grade,1.78,56.7,No
16 years old,Female,11th grade,1.68,77.11,No
14 years old,Female,9th grade,1.55,54.43,No
17 years old,Female,12th grade,1.63,95.26,No
16 years old,Female,10th grade,1.6,45.36,No
16 years old,Male,10th grade,1.78,54.43,No
18 years old or older,Female,12th grade,1.63,113.4,Yes
18 years old or older,Male,12th grade,1.63,66.68,No
17 years old,Female,11th grade,1.57,58.97,No
17 years old,Male,11th grade,1.78,68.04,No
15 years old,Female,9th grade,1.75,83.92,Yes
18 years old or older,Male,12th grade,1.78,69.85,No
15 years old,Male,10th grade,1.9,99.79,No
16 years old,Female,10th grade,1.65,54.43,Yes
18 years old or older,Female,11th grade,1.65,70.31,No
17 years old,Male,11th grade,1.73,113.4,No
16 years old,Female,9th grade,1.63,77.11,Yes
18 years old or older,Male,12th grade,1.68,58.97,No
15 years old,Male,10th grade,1.75,88.45,No
18 years old or older,Female,12th grade,1.57,49.9,Yes
18 years old or older,Male,11th grade,1.83,88.45,No
17 years old,Female,11th grade,1.63,72.58,No
16 years old,Male,10th grade,1.63,54.43,No
17 years old,Male,10th grade,1.83,77.11,No
18 years old or older,Female,12th grade,1.68,61.24,Yes
17 years old,Female,11th grade,1.57,81.65,No
16 years old,Male,11th grade,1.8,98.43,No
16 years old,Female,10th grade,1.63,39.46,No
17 years old,Female,12th grade,1.68,68.04,No
16 years old,Female,11th grade,1.57,64.41,No
16 years old,Male,10th grade,1.83,90.72,No
16 years old,Female,10th grade,1.63,86.18,No
18 years old or older,Female,12th grade,1.63,71.67,No
16 years old,Female,10th grade,1.6,49.9,No
18 years old or older,Female,12th grade,1.57,58.97,Yes
16 years old,Female,10th grade,1.65,50.8,No
18 years old or older,Male,12th grade,1.73,65.77,No
15 years old,Male,10th grade,1.8,81.19,No
18 years old or older,Male,12th grade,1.75,54.43,No
16 years old,Female,11th grade,1.65,81.65,No
18 years old or older,Female,12th grade,1.73,117.94,Yes
15 years old,Male,9th grade,1.63,52.16,Yes
15 years old,Male,9th grade,1.65,88.45,No
15 years old,Male,9th grade,1.6,69.4,Yes
15 years old,Female,9th grade,1.65,53.52,No
15 years old,Male,9th grade,1.75,53.98,No
15 years old,Male,9th grade,1.75,90.72,Yes
15 years old,Female,9th grade,1.68,58.97,No
16 years old,Male,9th grade,1.65,55.79,Yes
15 years old,Female,9th grade,1.6,46.27,No
14 years old,Female,9th grade,1.6,53.52,Yes
14 years old,Male,9th grade,1.93,85.28,No
14 years old,Female,9th grade,1.6,54.43,No
15 years old,Male,9th grade,1.75,56.7,No
14 years old,Male,9th grade,1.75,111.59,No
15 years old,Male,9th grade,1.73,88.91,No
17 years old,Male,9th grade,1.7,84.82,No
14 years old,Female,9th grade,1.6,83.92,No
17 years old,Female,12th grade,1.6,63.5,No
14 years old,Female,9th grade,1.75,63.5,No
15 years old,Male,9th grade,1.73,95.26,Yes
14 years old,Female,9th grade,1.52,52.16,No
15 years old,Male,9th grade,1.73,106.6,No
14 years old,Female,9th grade,1.65,53.52,Yes
18 years old or older,Female,12th grade,1.6,66.23,No
17 years old,Male,12th grade,1.83,88.45,Yes
15 years old,Male,10th grade,1.8,68.04,No
17 years old,Female,12th grade,1.55,88.45,No
15 years old,Male,10th grade,1.75,61.24,No
17 years old,Female,12th grade,1.65,65.77,No
16 years old,Male,11th grade,1.83,88.45,No
17 years old,Female,12th grade,1.7,86.18,Yes
15 years old,Female,10th grade,1.7,92.99,Yes
17 years old,Female,11th grade,1.6,68.95,No
17 years old,Female,12th grade,1.5,67.13,No
15 years old,Male,10th grade,1.68,50.8,No
17 years old,Female,12th grade,1.63,49.9,No
16 years old,Female,11th grade,1.63,45.36,Yes
16 years old,Female,11th grade,1.75,63.96,No
14 years old,Female,9th grade,1.55,54.43,No
18 years old or older,Female,12th grade,1.55,54.43,No
17 years old,Female,12th grade,1.52,38.56,Yes
15 years old,Female,10th grade,1.6,61.24,No
16 years old,Female,10th grade,1.57,52.62,No
18 years old or older,Male,12th grade,1.83,81.65,No
16 years old,Female,11th grade,1.6,61.69,No
16 years old,Female,11th grade,1.65,69.4,No
17 years old,Male,11th grade,1.93,158.76,No
16 years old,Female,11th grade,1.6,53.07,No
16 years old,Female,11th grade,1.57,49.9,No
15 years old,Female,10th grade,1.75,61.24,No
16 years old,Male,11th grade,1.68,51.26,No
16 years old,Female,11th grade,1.57,56.7,Yes
17 years old,Female,12th grade,1.63,95.26,Yes
17 years old,Male,12th grade,1.63,70.31,No
17 years old,Female,12th grade,1.6,90.72,No
16 years old,Female,11th grade,1.52,56.7,No
16 years old,Male,11th grade,1.7,70.31,No
14 years old,Male,9th grade,1.6,45.81,No
17 years old,Male,11th grade,1.85,99.79,No
16 years old,Female,11th grade,1.5,47.63,No
15 years old,Male,10th grade,1.88,68.04,No
15 years old,Male,10th grade,1.78,70.31,No
17 years old,Female,11th grade,1.6,50.35,No
17 years old,Male,11th grade,1.68,61.24,No
16 years old,Male,11th grade,1.75,72.58,No
17 years old,Female,12th grade,1.68,53.52,Yes
17 years old,Male,12th grade,1.73,127.01,Yes
16 years old,Male,11th grade,1.65,56.7,No
15 years old,Male,10th grade,1.78,111.13,No
16 years old,Male,11th grade,1.83,88.45,Yes
14 years old,Male,9th grade,1.73,104.33,Yes
14 years old,Female,9th grade,1.63,43.09,No
14 years old,Female,9th grade,1.57,49.9,No
16 years old,Female,11th grade,1.6,53.52,No
15 years old,Male,10th grade,1.8,99.79,Yes
16 years old,Male,11th grade,1.8,75.75,No
16 years old,Female,11th grade,1.6,79.83,Yes
17 years old,Male,12th grade,1.88,74.84,Yes
16 years old,Female,11th grade,1.68,57.61,No
16 years old,Male,10th grade,1.75,71.22,No
16 years old,Male,11th grade,1.63,64.41,No
14 years old,Female,9th grade,1.57,50.8,No
18 years old or older,Female,12th grade,1.55,54.43,Yes
17 years old,Male,11th grade,1.75,49.9,No
14 years old,Male,9th grade,1.75,113.4,No
17 years old,Female,11th grade,1.55,51.26,No
17 years old,Female,11th grade,1.63,60.78,No
16 years old,Female,11th grade,1.52,45.36,No
18 years old or older,Female,11th grade,1.57,62.6,No
17 years old,Male,12th grade,1.7,58.97,Yes
16 years old,Male,11th grade,1.88,136.08,No
16 years old,Female,10th grade,1.5,43.09,Yes
17 years old,Female,10th grade,1.65,57.15,No
16 years old,Female,11th grade,1.57,72.58,No
15 years old,Female,10th grade,1.52,42.18,Yes
16 years old,Male,10th grade,1.65,56.25,No
17 years old,Male,11th grade,1.83,104.33,No
15 years old,Female,10th grade,1.55,57.61,No
17 years old,Female,12th grade,1.57,71.67,No
14 years old,Female,9th grade,1.6,50.8,No
17 years old,Male,12th grade,1.73,69.85,No
15 years old,Male,10th grade,1.78,79.38,No
14 years old,Male,9th grade,1.75,72.58,No
15 years old,Male,9th grade,1.75,118.84,No
16 years old,Female,11th grade,1.78,61.24,Yes
14 years old,Male,9th grade,1.75,65.77,Yes
17 years old,Male,11th grade,1.88,92.99,No
16 years old,Male,10th grade,1.63,57.15,No
17 years old,Female,12th grade,1.65,99.79,Yes
16 years old,Male,11th grade,1.68,61.24,No
14 years old,Female,9th grade,1.7,74.84,No
16 years old,Male,11th grade,1.78,65.77,Yes
14 years old,Male,9th grade,1.7,71.67,No
15 years old,Male,9th grade,1.83,108.86,No
18 years old or older,Male,12th grade,1.6,55.79,No
15 years old,Male,9th grade,1.68,77.11,No
16 years old,Male,11th grade,1.65,59.88,No
14 years old,Male,9th grade,1.9,99.79,No
16 years old,Female,11th grade,1.68,63.5,No
17 years old,Female,11th grade,1.68,69.85,No
15 years old,Male,9th grade,1.83,90.72,No
16 years old,Female,11th grade,1.68,58.97,Yes
15 years old,Male,10th grade,1.78,71.67,No
17 years old,Male,11th grade,1.73,99.34,No
16 years old,Female,9th grade,1.63,45.36,No
16 years old,Male,11th grade,1.9,149.69,No
15 years old,Male,10th grade,1.65,90.72,Yes
18 years old or older,Female,12th grade,1.55,43.09,Yes
15 years old,Female,10th grade,1.57,54.43,Yes
15 years old,Male,9th grade,1.68,95.26,Yes
17 years old,Male,11th grade,1.68,81.65,No
16 years old,Male,10th grade,1.75,72.12,Yes
16 years old,Male,10th grade,1.65,95.26,No
18 years old or older,Female,12th grade,1.57,63.5,No
14 years old,Male,9th grade,1.68,54.89,Yes
17 years old,Female,12th grade,1.73,68.04,No
15 years old,Male,10th grade,1.8,45.36,No
15 years old,Male,10th grade,1.78,74.84,No
16 years old,Male,9th grade,1.73,93.9,No
14 years old,Female,9th grade,1.57,45.36,Yes
17 years old,Male,12th grade,1.93,130.64,Yes
17 years old,Male,11th grade,1.78,90.72,Yes
14 years old,Male,9th grade,1.85,103.42,No
15 years old,Male,9th grade,1.8,117.94,No
16 years old,Male,11th grade,1.8,77.11,No
16 years old,Male,10th grade,1.73,74.39,No
17 years old,Female,12th grade,1.6,46.27,No
17 years old,Female,12th grade,1.52,68.04,No
18 years old or older,Female,12th grade,1.6,61.69,No
17 years old,Female,11th grade,1.57,50.8,Yes
17 years old,Male,10th grade,1.75,86.18,No
16 years old,Female,10th grade,1.4,45.36,Yes
17 years old,Female,12th grade,1.75,86.18,No
17 years old,Male,12th grade,1.83,76.2,No
18 years old or older,Female,12th grade,1.7,70.31,No
16 years old,Female,11th grade,1.73,51.71,No
17 years old,Female,12th grade,1.57,68.95,No
18 years old or older,Female,12th grade,1.65,77.11,Yes
16 years old,Female,11th grade,1.55,58.97,No
17 years old,Male,12th grade,1.8,53.98,Yes
17 years old,Male,12th grade,1.85,89.36,Yes
18 years old or older,Female,9th grade,1.63,66.68,No
18 years old or older,Female,12th grade,1.55,49.9,No
16 years old,Male,11th grade,1.78,70.31,No
15 years old,Male,10th grade,1.68,63.96,No
17 years old,Male,12th grade,1.83,68.04,No
15 years old,Female,9th grade,1.6,52.16,No
18 years old or older,Male,12th grade,1.83,97.52,No
15 years old,Male,9th grade,1.7,62.6,No
18 years old or older,Female,12th grade,1.5,52.16,No
16 years old,Male,11th grade,1.75,83.92,No
18 years old or older,Female,12th grade,1.65,83.92,Yes
14 years old,Female,9th grade,1.7,79.38,Yes
16 years old,Female,11th grade,1.65,60.33,No
18 years old or older,Female,12th grade,1.68,51.71,Yes
15 years old,Male,9th grade,1.73,99.79,Yes
17 years old,Male,11th grade,1.8,72.58,No
16 years old,Male,11th grade,1.7,56.7,No
15 years old,Female,9th grade,1.55,87.54,No
16 years old,Female,11th grade,1.65,52.16,Yes
18 years old or older,Female,12th grade,1.63,49.9,No
17 years old,Female,11th grade,1.57,62.6,No
17 years old,Female,12th grade,1.73,81.65,No
18 years old or older,Male,12th grade,1.83,78.93,No
14 years old,Male,9th grade,1.68,72.58,No
14 years old,Male,10th grade,1.85,65.77,No
17 years old,Female,12th grade,1.65,58.97,Yes
15 years old,Male,10th grade,1.75,68.49,No
14 years old,Male,9th grade,1.85,95.26,Yes
14 years old,Male,9th grade,1.57,39.01,No
15 years old,Female,10th grade,1.68,73.94,No
15 years old,Male,10th grade,1.78,58.97,No
15 years old,Female,10th grade,1.45,46.72,No
14 years old,Female,9th grade,1.68,55.79,No
17 years old,Male,12th grade,1.88,74.84,No
18 years old or older,Male,12th grade,1.73,63.5,No
15 years old,Male,10th grade,1.65,49.44,No
14 years old,Male,9th grade,1.63,53.52,Yes
16 years old,Female,10th grade,1.68,63.5,Yes
15 years old,Male,9th grade,1.78,79.38,No
15 years old,Male,10th grade,1.75,58.97,No
14 years old,Male,9th grade,1.7,74.84,No
16 years old,Female,11th grade,1.75,58.97,Yes
15 years old,Female,9th grade,1.52,40.82,No
17 years old,Female,11th grade,1.6,49.9,No
14 years old,Female,9th grade,1.68,86.18,No
14 years old,Female,9th grade,1.6,52.16,No
16 years old,Female,10th grade,1.5,86.18,No
15 years old,Male,10th grade,1.73,83.92,No
16 years old,Male,10th grade,1.88,96.16,No
14 years old,Female,9th grade,1.65,51.71,Yes
18 years old or older,Male,12th grade,1.8,68.04,No
15 years old,Male,9th grade,1.65,49.9,No
14 years old,Male,9th grade,1.65,61.69,No
16 years old,Female,9th grade,1.5,61.24,Yes
18 years old or older,Male,12th grade,1.73,81.65,Yes
15 years old,Female,9th grade,1.68,57.15,Yes
15 years old,Female,10th grade,1.68,49.9,No
16 years old,Female,10th grade,1.55,51.71,No
16 years old,Female,10th grade,1.65,58.97,No
16 years old,Female,10th grade,1.57,52.16,No
15 years old,Female,10th grade,1.55,72.58,Yes
17 years old,Female,12th grade,1.78,113.4,No
18 years old or older,Male,12th grade,1.78,70.31,No
17 years old,Male,12th grade,1.73,122.47,No
15 years old,Female,9th grade,1.5,42.64,No
15 years old,Female,10th grade,1.55,77.11,No
16 years old,Female,11th grade,1.57,58.97,Yes
17 years old,Female,12th grade,1.63,72.58,No
15 years old,Female,9th grade,1.65,83.01,No
16 years old,Male,10th grade,1.8,102.06,No
16 years old,Male,10th grade,1.7,72.58,No
18 years old or older,Female,12th grade,1.6,81.65,No
16 years old,Female,10th grade,1.6,63.5,No
15 years old,Male,9th grade,1.7,55.34,No
14 years old,Female,9th grade,1.68,62.6,Yes
16 years old,Male,11th grade,1.68,74.84,No
14 years old,Female,9th grade,1.63,49.9,No
15 years old,Female,10th grade,1.55,54.43,No
15 years old,Male,9th grade,1.68,54.43,No
15 years old,Male,10th grade,1.68,68.04,No
14 years old,Male,9th grade,1.73,40.82,Yes
14 years old,Male,9th grade,1.6,86.18,No
16 years old,Female,11th grade,1.63,59.88,Yes
15 years old,Male,10th grade,1.7,54.43,No
14 years old,Female,9th grade,1.65,81.65,No
14 years old,Male,9th grade,1.65,63.5,No
15 years old,Male,10th grade,1.7,72.58,No
14 years old,Female,9th grade,1.6,49.9,No
16 years old,Male,11th grade,1.73,95.26,No
15 years old,Female,10th grade,1.55,50.35,No
14 years old,Male,9th grade,1.42,49.9,No
15 years old,Female,10th grade,1.57,89.36,No
14 years old,Male,9th grade,1.73,83.01,No
17 years old,Female,11th grade,1.52,49.9,No
14 years old,Female,9th grade,1.42,40.37,No
16 years old,Female,11th grade,1.6,56.7,No
14 years old,Female,9th grade,1.68,71.67,No
14 years old,Female,9th grade,1.52,56.7,No
17 years old,Female,11th grade,1.5,81.19,No
16 years old,Female,10th grade,1.5,58.06,No
16 years old,Male,11th grade,1.75,77.11,No
15 years old,Male,9th grade,1.75,59.88,No
16 years old,Female,11th grade,1.73,74.84,No
14 years old,Female,9th grade,1.55,57.61,No
16 years old,Male,11th grade,1.7,82.1,No
18 years old or older,Male,12th grade,1.75,61.24,No
18 years old or older,Female,12th grade,1.85,55.34,No
14 years old,Male,9th grade,1.6,77.11,No
15 years old,Male,9th grade,1.78,54.43,Yes
18 years old or older,Female,12th grade,1.45,65.32,No
14 years old,Female,9th grade,1.57,57.15,No
17 years old,Male,12th grade,1.63,53.52,No
17 years old,Male,12th grade,1.52,67.59,No
15 years old,Female,9th grade,1.65,104.33,No
18 years old or older,Male,12th grade,1.65,58.97,No
17 years old,Male,11th grade,1.68,112.95,No
18 years old or older,Female,11th grade,1.57,74.39,No
14 years old,Male,9th grade,1.57,48.99,No
17 years old,Male,11th grade,1.68,67.13,No
17 years old,Female,11th grade,1.6,68.04,No
16 years old,Male,11th grade,1.6,41.73,No
14 years old,Female,9th grade,1.5,40.82,Yes
18 years old or older,Male,11th grade,1.57,63.5,No
16 years old,Male,11th grade,1.85,92.08,No
14 years old,Female,9th grade,1.5,49.44,Yes
16 years old,Female,11th grade,1.6,104.33,No
18 years old or older,Male,12th grade,1.52,61.24,No
16 years old,Female,11th grade,1.57,74.84,No
16 years old,Male,11th grade,1.68,58.97,No
15 years old,Female,9th grade,1.47,54.43,No
16 years old,Male,11th grade,1.68,95.26,No
15 years old,Male,9th grade,1.73,57.61,Yes
16 years old,Female,11th grade,1.52,44.91,No
17 years old,Female,12th grade,1.6,60.78,No
15 years old,Male,9th grade,1.65,65.77,No
17 years old,Female,11th grade,1.6,60.33,No
15 years old,Male,10th grade,1.73,82.56,No
14 years old,Female,9th grade,1.63,53.07,No
16 years old,Male,11th grade,1.68,53.98,Yes
15 years old,Female,10th grade,1.65,99.34,Yes
16 years old,Female,11th grade,1.73,90.72,No
15 years old,Female,10th grade,1.57,48.08,No
14 years old,Female,9th grade,1.63,86.18,No
16 years old,Female,11th grade,1.6,56.7,No
16 years old,Male,11th grade,1.7,95.26,No
15 years old,Male,10th grade,1.8,86.18,No
14 years old,Female,9th grade,1.6,57.15,No
16 years old,Female,11th grade,1.68,79.38,No
14 years old,Male,9th grade,1.52,54.43,No
16 years old,Male,11th grade,1.65,63.05,No
15 years old,Female,9th grade,1.6,60.78,No
17 years old,Female,11th grade,1.55,54.43,No
14 years old,Female,9th grade,1.55,52.16,No
15 years old,Male,10th grade,1.7,63.96,No
14 years old,Female,9th grade,1.63,54.43,No
15 years old,Female,10th grade,1.57,53.52,No
14 years old,Female,9th grade,1.6,63.5,No
17 years old,Male,11th grade,1.73,101.61,No
16 years old,Female,11th grade,1.88,176.9,No
16 years old,Male,11th grade,1.75,87.09,No
16 years old,Female,11th grade,1.78,58.97,No
15 years old,Female,10th grade,1.68,54.43,No
17 years old,Female,11th grade,1.68,65.77,No
15 years old,Female,10th grade,1.6,54.43,No
15 years old,Female,10th grade,1.8,81.65,Yes
15 years old,Male,10th grade,1.6,57.15,No
17 years old,Male,12th grade,1.8,77.11,No
16 years old,Male,11th grade,1.7,63.5,No
14 years old,Male,9th grade,1.75,54.43,No
14 years old,Female,9th grade,1.6,60.78,Yes
16 years old,Male,11th grade,1.83,74.84,No
15 years old,Male,10th grade,1.83,57.61,No
15 years old,Male,10th grade,1.75,58.06,No
17 years old,Female,11th grade,1.57,54.43,No
16 years old,Female,11th grade,1.65,54.43,No
18 years old or older,Female,12th grade,1.57,67.13,No
14 years old,Male,9th grade,1.55,56.7,No
17 years old,Male,11th grade,1.88,92.99,No
16 years old,Female,10th grade,1.6,52.16,Yes
16 years old,Female,11th grade,1.65,53.52,No
15 years old,Female,9th grade,1.6,54.43,No
14 years old,Female,9th grade,1.7,63.5,Yes
17 years old,Female,12th grade,1.7,72.58,No
17 years old,Female,12th grade,1.7,58.97,No
16 years old,Male,11th grade,1.65,90.72,No
14 years old,Male,9th grade,1.7,58.97,No
18 years old or older,Female,12th grade,1.6,49.9,Yes
16 years old,Female,10th grade,1.73,65.32,No
14 years old,Female,9th grade,1.73,70.76,No
16 years old,Female,11th grade,1.73,85.73,No
16 years old,Male,10th grade,1.8,79.38,No
16 years old,Female,11th grade,1.75,81.65,No
16 years old,Male,10th grade,1.96,54.43,No
15 years old,Female,10th grade,1.52,40.82,No
17 years old,Male,12th grade,1.83,117.03,No
15 years old,Female,10th grade,1.68,65.77,Yes
16 years old,Male,11th grade,1.9,84.37,No
14 years old,Female,9th grade,1.63,53.98,No
17 years old,Female,11th grade,1.63,57.61,No
15 years old,Female,10th grade,1.68,54.43,No
17 years old,Male,11th grade,1.85,135.63,Yes
16 years old,Female,11th grade,1.65,50.35,No
15 years old,Male,10th grade,1.78,90.72,No
17 years old,Male,12th grade,1.65,52.16,Yes
16 years old,Male,11th grade,1.78,88.45,No
16 years old,Female,11th grade,1.63,54.43,Yes
17 years old,Female,12th grade,1.52,45.36,No
18 years old or older,Female,12th grade,1.68,74.39,No
17 years old,Female,12th grade,1.83,54.43,No
14 years old,Female,9th grade,1.63,54.43,No
16 years old,Male,11th grade,1.73,60.33,No
18 years old or older,Male,12th grade,1.93,74.84,Yes
16 years old,Male,11th grade,1.7,79.38,No
17 years old,Male,12th grade,1.63,63.5,No
16 years old,Female,11th grade,1.57,53.52,No
15 years old,Female,10th grade,1.6,52.16,No
17 years old,Male,11th grade,1.78,108.86,Yes
17 years old,Male,11th grade,1.75,68.04,No
17 years old,Male,11th grade,1.83,77.11,No
15 years old,Female,9th grade,1.52,46.72,Yes
14 years old,Female,9th grade,1.57,42.64,Yes
15 years old,Female,10th grade,1.57,51.71,No
15 years old,Male,10th grade,1.78,111.13,No
18 years old or older,Male,12th grade,1.73,74.84,No
18 years old or older,Female,12th grade,1.75,60.78,No
16 years old,Male,11th grade,1.83,63.5,No
16 years old,Female,11th grade,1.7,81.65,Yes
14 years old,Female,9th grade,1.75,61.24,Yes
16 years old,Male,11th grade,1.78,83.92,No
14 years old,Male,9th grade,1.75,68.04,No
15 years old,Male,10th grade,1.65,58.97,No
17 years old,Male,11th grade,1.75,66.68,No
16 years old,Female,11th grade,1.73,70.31,No
15 years old,Male,10th grade,1.78,108.86,No
15 years old,Male,10th grade,1.85,93.44,Yes
17 years old,Female,12th grade,1.6,70.76,No
18 years old or older,Female,12th grade,1.8,136.08,No
16 years old,Male,10th grade,1.8,72.12,No
14 years old,Female,9th grade,1.63,58.97,Yes
15 years old,Female,10th grade,1.6,58.97,No
15 years old,Female,10th grade,1.63,81.65,No
17 years old,Female,12th grade,1.52,54.43,Yes
16 years old,Female,11th grade,1.68,138.35,Yes
17 years old,Female,12th grade,1.5,54.43,No
17 years old,Male,12th grade,1.63,48.99,No
18 years old or older,Male,12th grade,1.83,70.31,No
17 years old,Male,12th grade,1.8,122.47,No
17 years old,Male,12th grade,1.75,56.7,No
16 years old,Male,11th grade,1.75,72.58,No
17 years old,Female,12th grade,1.55,47.17,No
15 years old,Male,9th grade,1.75,50.35,No
17 years old,Female,12th grade,1.65,58.06,No
18 years old or older,Male,12th grade,1.78,90.72,No
16 years old,Female,11th grade,1.55,43.09,No
17 years old,Female,11th grade,1.68,61.24,No
16 years old,Male,11th grade,1.73,74.84,No
15 years old,Male,10th grade,1.7,49.9,No
16 years old,Female,11th grade,1.63,58.97,Yes
17 years old,Female,11th grade,1.57,63.5,Yes
17 years old,Female,11th grade,1.65,62.6,No
16 years old,Male,11th grade,1.73,49.44,No
17 years old,Male,11th grade,1.75,83.01,No
16 years old,Male,11th grade,1.78,113.4,Yes
16 years old,Female,11th grade,1.63,65.77,No
15 years old,Female,10th grade,1.57,52.16,No
16 years old,Female,11th grade,1.52,62.14,No
16 years old,Female,11th grade,1.52,39.46,No
15 years old,Female,10th grade,1.65,61.24,No
16 years old,Female,11th grade,1.6,54.43,Yes
16 years old,Male,11th grade,1.68,43.09,No
15 years old,Female,10th grade,1.65,61.24,No
16 years old,Female,11th grade,1.55,59.88,No
17 years old,Male,11th grade,1.68,81.65,No
17 years old,Male,11th grade,1.73,95.26,Yes
18 years old or older,Male,12th grade,1.8,70.31,No
18 years old or older,Male,12th grade,1.75,63.5,No
17 years old,Female,12th grade,1.63,48.08,No
17 years old,Female,12th grade,1.6,61.24,No
16 years old,Male,10th grade,1.83,61.24,No
15 years old,Female,10th grade,1.6,44.45,Yes
18 years old or older,Male,12th grade,1.78,73.48,Yes
15 years old,Male,10th grade,1.75,64.41,No
17 years old,Male,11th grade,1.9,62.6,No
16 years old,Male,10th grade,1.68,62.6,No
16 years old,Female,11th grade,1.63,48.99,No
17 years old,Male,12th grade,1.8,62.6,No
15 years old,Female,10th grade,1.73,53.98,No
16 years old,Male,11th grade,1.7,63.5,No
18 years old or older,Female,12th grade,1.57,48.08,No
15 years old,Female,10th grade,1.52,47.63,No
17 years old,Male,11th grade,1.78,104.33,No
17 years old,Male,12th grade,1.83,83.92,No
16 years old,Female,10th grade,1.68,54.43,No
15 years old,Female,10th grade,1.55,51.71,No
17 years old,Female,11th grade,1.63,68.04,No
17 years old,Female,12th grade,1.57,83.92,No
15 years old,Female,10th grade,1.63,64.41,No
15 years old,Male,10th grade,1.68,64.86,No
17 years old,Male,11th grade,1.73,63.5,No
15 years old,Female,10th grade,1.65,65.77,No
17 years old,Female,11th grade,1.65,65.77,No
16 years old,Male,11th grade,1.75,68.04,No
16 years old,Female,11th grade,1.6,99.79,No
16 years old,Female,10th grade,1.6,72.58,No
16 years old,Female,11th grade,1.65,58.06,No
18 years old or older,Female,12th grade,1.68,64.41,No
15 years old,Male,10th grade,1.78,65.77,No
17 years old,Male,12th grade,1.6,54.43,No
16 years old,Female,11th grade,1.55,54.43,No
16 years old,Male,11th grade,1.83,68.04,Yes
15 years old,Female,10th grade,1.52,53.52,Yes
16 years old,Male,11th grade,1.8,54.43,No
15 years old,Female,10th grade,1.65,57.61,No
15 years old,Male,10th grade,1.8,68.04,No
16 years old,Female,11th grade,1.8,76.2,No
15 years old,Male,10th grade,1.68,63.05,Yes
15 years old,Male,10th grade,1.8,81.65,No
16 years old,Female,11th grade,1.65,90.72,Yes
15 years old,Female,10th grade,1.57,54.43,No
16 years old,Male,11th grade,1.7,49.9,No
15 years old,Male,10th grade,1.8,61.24,No
16 years old,Female,10th grade,1.55,57.15,No
15 years old,Female,10th grade,1.65,61.24,No
16 years old,Female,10th grade,1.52,53.52,No
17 years old,Male,12th grade,1.83,80.74,No
16 years old,Female,10th grade,1.73,74.84,No
16 years old,Female,11th grade,1.75,74.84,No
17 years old,Male,11th grade,1.85,68.04,No
16 years old,Male,10th grade,1.9,95.26,Yes
17 years old,Male,11th grade,1.78,68.04,No
15 years old,Male,10th grade,1.65,61.24,No
16 years old,Male,11th grade,1.85,76.2,No
17 years old,Female,12th grade,1.57,72.58,Yes
15 years old,Male,10th grade,1.75,79.83,No
16 years old,Male,11th grade,1.78,56.7,No
17 years old,Male,12th grade,1.9,90.72,No
15 years old,Female,10th grade,1.63,46.72,No
16 years old,Female,10th grade,1.8,65.77,No
15 years old,Male,10th grade,1.6,68.04,No
16 years old,Male,11th grade,1.7,96.16,No
15 years old,Male,10th grade,1.75,65.77,No
16 years old,Female,10th grade,1.73,74.84,No
15 years old,Male,10th grade,1.7,52.62,No
17 years old,Female,10th grade,1.6,53.52,No
15 years old,Female,10th grade,1.65,57.15,Yes
16 years old,Female,10th grade,1.6,56.7,No
16 years old,Male,10th grade,1.75,91.63,No
15 years old,Female,10th grade,1.5,60.78,No
15 years old,Female,10th grade,1.65,52.16,No
16 years old,Male,10th grade,1.78,77.11,No
16 years old,Male,10th grade,1.75,63.5,No
16 years old,Female,10th grade,1.57,61.24,No
15 years old,Male,10th grade,1.75,72.58,No
16 years old,Male,10th grade,1.65,63.5,Yes
15 years old,Male,10th grade,1.63,56.7,No
17 years old,Female,10th grade,1.63,56.7,No
16 years old,Male,10th grade,1.78,87.54,No
16 years old,Female,10th grade,1.57,52.16,No
15 years old,Female,10th grade,1.55,70.31,No
15 years old,Female,10th grade,1.55,46.27,No
15 years old,Male,10th grade,1.7,63.5,Yes
15 years old,Female,10th grade,1.57,53.52,No
15 years old,Male,10th grade,1.7,61.24,No
15 years old,Male,10th grade,1.8,67.13,Yes
18 years old or older,Male,11th grade,1.8,56.7,No
16 years old,Female,10th grade,1.7,61.24,No
16 years old,Female,10th grade,1.6,52.16,No
16 years old,Female,10th grade,1.65,63.5,No
15 years old,Female,10th grade,1.57,51.26,No
16 years old,Female,10th grade,1.65,72.58,Yes
15 years old,Male,10th grade,1.68,83.92,No
16 years old,Male,10th grade,1.75,68.95,No
16 years old,Male,10th grade,1.85,83.92,No
15 years old,Male,10th grade,1.85,127.01,No
15 years old,Female,10th grade,1.68,59.88,No
15 years old,Male,10th grade,1.68,47.63,No
16 years old,Male,10th grade,1.7,59.88,No
15 years old,Female,10th grade,1.57,48.08,No
15 years old,Female,10th grade,1.57,54.43,No
16 years old,Female,10th grade,1.7,70.31,Yes
16 years old,Female,10th grade,1.65,65.77,No
16 years old,Male,10th grade,1.63,54.43,No
18 years old or older,Male,12th grade,1.73,63.5,No
15 years old,Female,10th grade,1.55,56.7,No
15 years old,Male,10th grade,1.78,56.7,No
16 years old,Male,10th grade,1.83,113.4,No
15 years old,Female,10th grade,1.75,70.31,No
16 years old,Male,10th grade,1.88,71.67,No
15 years old,Male,10th grade,1.78,54.43,No
16 years old,Female,10th grade,1.57,52.16,No
15 years old,Male,10th grade,1.6,49.9,No
15 years old,Male,10th grade,1.88,74.84,No
16 years old,Male,10th grade,1.7,49.9,No
16 years old,Male,10th grade,1.75,78.47,No
16 years old,Female,10th grade,1.57,49.9,Yes
16 years old,Female,10th grade,1.63,51.71,No
17 years old,Male,11th grade,1.83,78.47,No
16 years old,Female,10th grade,1.6,47.17,No
16 years old,Female,10th grade,1.57,57.61,No
16 years old,Male,10th grade,1.8,60.33,No
15 years old,Female,10th grade,1.73,63.5,No
17 years old,Female,10th grade,1.52,54.43,No
16 years old,Female,10th grade,1.63,61.24,No
16 years old,Male,10th grade,1.78,58.97,Yes
16 years old,Male,10th grade,1.73,108.86,No
16 years old,Male,10th grade,1.7,81.65,Yes
16 years old,Male,10th grade,1.68,58.97,Yes
15 years old,Male,10th grade,1.7,68.04,No
16 years old,Male,10th grade,1.68,75.75,No
15 years old,Female,10th grade,1.63,63.5,No
15 years old,Female,10th grade,1.63,44.45,No
15 years old,Female,10th grade,1.6,56.7,No
15 years old,Female,10th grade,1.57,61.24,No
16 years old,Male,10th grade,1.65,66.23,No
15 years old,Male,10th grade,1.8,68.04,No
15 years old,Male,10th grade,1.75,65.77,No
16 years old,Female,10th grade,1.6,45.36,No
15 years old,Male,10th grade,1.63,66.23,No
15 years old,Female,10th grade,1.57,68.04,No
16 years old,Female,10th grade,1.57,52.16,No
16 years old,Male,10th grade,1.7,68.04,Yes
16 years old,Male,10th grade,1.7,70.31,No
16 years old,Male,10th grade,1.88,180.99,No
16 years old,Female,10th grade,1.73,111.13,Yes
15 years old,Male,10th grade,1.63,68.95,No
15 years old,Female,10th grade,1.6,64.41,Yes
16 years old,Male,10th grade,1.6,44,No
15 years old,Male,10th grade,1.85,68.95,No
16 years old,Male,10th grade,1.65,68.04,No
15 years old,Male,9th grade,1.6,62.14,Yes
16 years old,Female,11th grade,1.6,49.9,No
16 years old,Male,10th grade,1.68,63.5,No
17 years old,Male,11th grade,1.85,70.76,No
16 years old,Female,10th grade,1.63,57.15,No
17 years old,Male,11th grade,1.78,104.33,No
17 years old,Female,11th grade,1.57,54.89,No
14 years old,Male,9th grade,1.85,83.46,Yes
15 years old,Female,10th grade,1.68,54.43,No
17 years old,Male,11th grade,1.78,70.76,Yes
16 years old,Male,11th grade,1.78,77.11,No
15 years old,Female,10th grade,1.5,40.82,No
17 years old,Male,11th grade,1.75,68.04,No
14 years old,Female,9th grade,1.65,62.14,No
18 years old or older,Male,12th grade,1.85,108.86,Yes
16 years old,Female,10th grade,1.65,62.14,No
16 years old,Male,11th grade,1.7,61.24,No
16 years old,Female,11th grade,1.55,57.61,No
16 years old,Female,11th grade,1.63,68.04,Yes
16 years old,Female,10th grade,1.65,58.06,No
16 years old,Female,10th grade,1.7,69.4,No
15 years old,Male,9th grade,1.8,95.26,No
16 years old,Male,10th grade,1.85,60.33,No
15 years old,Female,10th grade,1.7,74.39,No
16 years old,Male,11th grade,1.83,78.93,No
14 years old,Male,9th grade,1.73,54.43,No
16 years old,Female,10th grade,1.73,80.29,No
16 years old,Female,10th grade,1.68,61.24,Yes
17 years old,Female,12th grade,1.6,74.84,No
14 years old,Female,9th grade,1.65,50.8,No
16 years old,Female,10th grade,1.75,61.24,Yes
15 years old,Male,9th grade,1.68,58.97,Yes
16 years old,Female,11th grade,1.6,40.82,No
16 years old,Female,11th grade,1.6,72.58,No
15 years old,Male,10th grade,1.7,58.97,Yes
16 years old,Male,10th grade,1.7,58.97,No
14 years old,Female,9th grade,1.65,51.26,Yes
14 years old,Female,10th grade,1.7,87.09,No
16 years old,Male,11th grade,1.78,77.11,No
17 years old,Female,11th grade,1.68,62.6,No
15 years old,Female,9th grade,1.7,51.26,Yes
16 years old,Male,10th grade,1.78,66.68,No
16 years old,Female,10th grade,1.68,66.23,No
15 years old,Female,10th grade,1.63,65.77,No
16 years old,Male,11th grade,1.75,71.22,No
18 years old or older,Female,12th grade,1.63,61.24,No
15 years old,Male,9th grade,1.75,54.43,No
16 years old,Male,10th grade,1.78,81.19,No
16 years old,Female,11th grade,1.57,47.17,No
16 years old,Female,11th grade,1.65,65.77,No
14 years old,Female,9th grade,1.65,58.06,Yes
17 years old,Female,11th grade,1.6,61.24,No
16 years old,Female,10th grade,1.63,56.7,Yes
17 years old,Female,11th grade,1.65,68.04,No
15 years old,Male,9th grade,1.65,70.31,No
17 years old,Female,11th grade,1.73,57.61,No
16 years old,Female,10th grade,1.65,111.13,No
16 years old,Female,10th grade,1.57,46.72,No
15 years old,Female,10th grade,1.78,74.84,No
15 years old,Male,9th grade,1.73,56.7,No
17 years old,Male,11th grade,1.65,59.88,No
16 years old,Female,11th grade,1.75,122.93,No
17 years old,Male,11th grade,1.78,72.12,No
14 years old,Male,9th grade,1.83,77.11,No
17 years old,Male,11th grade,1.7,58.97,No
18 years old or older,Female,12th grade,1.6,58.51,Yes
17 years old,Female,11th grade,1.57,69.4,No
14 years old,Female,9th grade,1.65,56.25,No
16 years old,Female,10th grade,1.6,63.5,No
16 years old,Female,11th grade,1.63,59.42,No
17 years old,Female,11th grade,1.5,47.63,No
16 years old,Female,10th grade,1.6,60.78,No
15 years old,Male,10th grade,1.75,64.41,No
16 years old,Male,11th grade,1.88,74.84,No
17 years old,Male,11th grade,1.68,79.38,No
16 years old,Female,11th grade,1.65,74.39,No
17 years old,Female,11th grade,1.7,57.61,Yes
15 years old,Female,10th grade,1.57,43.09,Yes
16 years old,Female,10th grade,1.63,60.78,No
14 years old,Female,9th grade,1.6,58.51,Yes
15 years old,Female,10th grade,1.52,38.56,No
17 years old,Female,11th grade,1.55,92.08,No
16 years old,Female,10th grade,1.5,55.79,No
14 years old,Female,9th grade,1.6,56.7,Yes
16 years old,Female,11th grade,1.6,57.15,No
16 years old,Female,11th grade,1.63,58.06,No
15 years old,Male,10th grade,1.83,78.02,No
15 years old,Female,9th grade,1.52,52.16,No
17 years old,Female,11th grade,1.6,68.04,No
16 years old,Male,11th grade,1.83,90.27,No
15 years old,Female,10th grade,1.6,58.97,No
16 years old,Female,11th grade,1.65,54.43,No
14 years old,Male,9th grade,1.78,63.5,No
16 years old,Female,11th grade,1.73,56.7,No
16 years old,Female,11th grade,1.65,71.67,No
17 years old,Female,11th grade,1.63,58.06,No
17 years old,Male,12th grade,1.7,49.9,No
15 years old,Female,9th grade,1.68,52.62,No
15 years old,Female,10th grade,1.73,59.42,No
13 years old,Female,9th grade,1.6,64.86,No
16 years old,Male,10th grade,1.88,77.11,Yes
14 years old,Male,9th grade,1.8,81.65,Yes
14 years old,Female,9th grade,1.6,56.7,No
14 years old,Male,9th grade,1.68,56.7,No
15 years old,Female,10th grade,1.68,67.13,Yes
14 years old,Female,9th grade,1.68,86.18,No
17 years old,Female,11th grade,1.75,70.76,No
15 years old,Female,9th grade,1.7,59.88,Yes
15 years old,Female,10th grade,1.68,55.34,No
14 years old,Female,9th grade,1.73,58.51,No
16 years old,Female,10th grade,1.63,81.65,No
15 years old,Female,9th grade,1.65,53.52,Yes
15 years old,Male,9th grade,1.75,83.92,No
16 years old,Male,11th grade,1.73,70.31,Yes
14 years old,Female,9th grade,1.57,44.91,Yes
15 years old,Female,9th grade,1.6,58.97,No
16 years old,Male,10th grade,1.73,46.72,Yes
14 years old,Male,9th grade,1.9,71.67,No
15 years old,Male,9th grade,1.75,58.06,No
17 years old,Female,11th grade,1.6,44.91,No
15 years old,Female,9th grade,1.75,68.04,Yes
14 years old,Female,9th grade,1.7,72.58,No
15 years old,Male,9th grade,1.7,54.43,Yes
14 years old,Male,9th grade,1.73,58.06,No
16 years old,Female,11th grade,1.65,62.14,No
14 years old,Female,9th grade,1.63,60.33,Yes
16 years old,Male,11th grade,1.75,72.58,No
14 years old,Male,9th grade,1.68,54.43,No
15 years old,Male,10th grade,1.85,72.58,No
15 years old,Female,9th grade,1.6,53.98,No
15 years old,Male,10th grade,1.9,61.24,No
15 years old,Female,10th grade,1.6,87.09,No
15 years old,Male,9th grade,1.73,72.58,No
16 years old,Male,11th grade,1.73,87.09,No
15 years old,Female,9th grade,1.63,56.7,No
15 years old,Female,9th grade,1.6,56.7,No
16 years old,Male,10th grade,1.88,78.47,No
14 years old,Female,9th grade,1.45,72.58,No
14 years old,Female,9th grade,1.73,106.6,Yes
15 years old,Female,9th grade,1.6,65.77,No
17 years old,Male,11th grade,1.78,81.65,No
16 years old,Male,10th grade,1.9,63.5,No
17 years old,Male,12th grade,1.65,54.43,Yes
17 years old,Male,12th grade,1.75,63.5,No
15 years old,Female,10th grade,1.65,58.97,No
14 years old,Female,9th grade,1.65,54.43,No
17 years old,Male,11th grade,1.85,74.84,No
17 years old,Female,12th grade,1.68,55.34,No
16 years old,Male,10th grade,1.75,70.31,No
14 years old,Male,9th grade,1.65,45.36,Yes
17 years old,Male,11th grade,1.73,64.86,No
18 years old or older,Male,12th grade,1.73,56.7,No
17 years old,Female,12th grade,1.75,56.7,No
16 years old,Female,10th grade,1.7,70.31,No
14 years old,Female,9th grade,1.63,58.06,No
18 years old or older,Male,12th grade,1.78,54.43,No
14 years old,Male,9th grade,1.7,50.35,No
18 years old or older,Male,12th grade,1.78,108.86,No
15 years old,Male,10th grade,1.75,49.9,No
14 years old,Female,9th grade,1.65,54.43,No
14 years old,Male,9th grade,1.75,68.04,No
16 years old,Male,11th grade,1.8,61.24,No
16 years old,Female,10th grade,1.65,50.8,No
14 years old,Male,9th grade,1.63,58.97,No
17 years old,Female,12th grade,1.55,49.9,No
15 years old,Female,10th grade,1.63,48.99,No
17 years old,Male,12th grade,1.75,68.04,No
14 years old,Male,9th grade,1.6,49.44,No
16 years old,Male,11th grade,1.83,68.04,No
17 years old,Male,12th grade,1.75,63.5,No
16 years old,Female,11th grade,1.57,47.17,No
17 years old,Male,12th grade,1.75,81.65,No
16 years old,Male,10th grade,1.7,56.7,Yes
15 years old,Female,9th grade,1.63,74.39,No
17 years old,Male,12th grade,1.78,62.6,No
15 years old,Male,9th grade,1.65,68.04,No
17 years old,Male,12th grade,1.78,88.45,No
18 years old or older,Male,12th grade,1.63,49.9,No
15 years old,Female,9th grade,1.57,50.8,No
15 years old,Male,10th grade,1.65,61.24,No
14 years old,Female,9th grade,1.65,54.43,No
17 years old,Male,11th grade,1.88,79.38,No
17 years old,Male,12th grade,1.68,73.94,No
15 years old,Male,10th grade,1.7,49.9,No
15 years old,Female,9th grade,1.68,54.43,No
15 years old,Male,10th grade,1.63,51.71,No
15 years old,Female,9th grade,1.55,47.63,No
18 years old or older,Male,12th grade,1.68,56.25,No
16 years old,Male,10th grade,1.6,45.36,No
15 years old,Male,9th grade,1.68,54.43,Yes
18 years old or older,Male,12th grade,1.7,56.7,No
16 years old,Female,10th grade,1.7,63.5,No
15 years old,Female,9th grade,1.75,61.24,No
17 years old,Male,12th grade,1.75,72.58,No
17 years old,Female,12th grade,1.63,47.63,No
16 years old,Female,10th grade,1.7,54.43,No
15 years old,Female,9th grade,1.6,45.36,Yes
16 years old,Male,10th grade,1.7,67.59,No
15 years old,Female,9th grade,1.6,54.43,No
17 years old,Male,11th grade,1.73,74.39,No
16 years old,Male,10th grade,1.65,58.97,Yes
14 years old,Male,9th grade,1.68,48.54,No
18 years old or older,Male,12th grade,1.7,68.04,No
15 years old,Female,10th grade,1.68,58.97,No
15 years old,Male,9th grade,1.73,61.24,No
16 years old,Male,11th grade,1.9,86.18,No
18 years old or older,Male,12th grade,1.78,70.31,No
15 years old,Male,10th grade,1.78,56.7,Yes
14 years old,Male,9th grade,1.7,58.97,No
17 years old,Female,11th grade,1.73,68.04,No
17 years old,Male,12th grade,1.83,48.99,No
16 years old,Male,10th grade,1.88,62.6,No
14 years old,Male,9th grade,1.68,68.04,No
17 years old,Male,12th grade,1.75,65.77,No
18 years old or older,Male,12th grade,1.8,63.5,No
16 years old,Female,10th grade,1.57,49.9,No
15 years old,Female,9th grade,1.68,58.97,No
16 years old,Male,11th grade,1.75,68.95,No
18 years old or older,Male,12th grade,1.78,74.84,No
16 years old,Male,11th grade,1.7,58.97,No
15 years old,Male,9th grade,1.65,58.51,No
18 years old or older,Male,12th grade,1.75,70.31,No
17 years old,Male,12th grade,1.73,65.77,No
16 years old,Male,10th grade,1.78,66.68,No
15 years old,Male,9th grade,1.65,108.86,Yes
18 years old or older,Male,12th grade,1.75,61.24,No
18 years old or older,Male,12th grade,1.78,73.03,No
15 years old,Female,9th grade,1.55,37.2,No
17 years old,Male,12th grade,1.85,70.31,No
18 years old or older,Male,12th grade,1.83,74.84,No
15 years old,Male,10th grade,1.83,70.31,No
15 years old,Male,9th grade,1.88,68.04,No
18 years old or older,Male,12th grade,1.7,70.31,No
17 years old,Female,12th grade,1.6,58.97,No
17 years old,Male,11th grade,1.8,68.04,No
17 years old,Male,12th grade,1.83,68.04,No
14 years old,Male,9th grade,1.73,90.72,No
16 years old,Male,11th grade,1.8,67.13,No
15 years old,Male,9th grade,1.57,62.6,No
16 years old,Male,11th grade,1.93,113.4,No
15 years old,Female,10th grade,1.68,53.52,No
15 years old,Male,9th grade,1.7,58.97,Yes
15 years old,Female,9th grade,1.65,44.91,Yes
14 years old,Female,9th grade,1.63,52.16,No
15 years old,Male,9th grade,1.7,54.89,No
14 years old,Male,9th grade,1.68,63.5,No
16 years old,Female,10th grade,1.6,43.09,No
15 years old,Female,9th grade,1.7,54.43,No
14 years old,Female,9th grade,1.57,48.08,No
16 years old,Male,11th grade,1.85,77.11,No
14 years old,Female,9th grade,1.68,61.24,No
18 years old or older,Male,12th grade,1.73,58.97,Yes
14 years old,Male,9th grade,1.55,44.45,No
15 years old,Female,9th grade,1.6,52.16,No
15 years old,Male,9th grade,1.8,63.05,No
17 years old,Male,12th grade,1.8,65.77,No
15 years old,Female,10th grade,1.68,68.04,No
15 years old,Female,9th grade,1.57,45.36,No
15 years old,Male,9th grade,1.78,68.04,No
15 years old,Male,9th grade,1.75,69.4,No
15 years old,Male,9th grade,1.6,43.55,Yes
17 years old,Male,11th grade,1.85,74.84,No
15 years old,Female,9th grade,1.65,45.36,Yes
16 years old,Male,10th grade,1.75,63.5,No
17 years old,Male,11th grade,1.85,72.12,No
18 years old or older,Male,12th grade,1.73,72.58,No
15 years old,Male,9th grade,1.65,86.18,No
15 years old,Male,9th grade,1.52,43.09,No
15 years old,Female,10th grade,1.6,49.9,Yes
15 years old,Male,10th grade,1.35,95.71,No
17 years old,Male,11th grade,1.65,61.24,No
14 years old,Male,9th grade,1.52,47.63,No
16 years old,Male,10th grade,1.9,79.38,Yes
16 years old,Male,11th grade,1.7,61.24,No
17 years old,Male,12th grade,1.73,64.41,No
18 years old or older,Male,12th grade,1.88,135.17,No
14 years old,Male,9th grade,1.7,76.66,No
18 years old or older,Male,11th grade,1.75,78.93,No
18 years old or older,Male,12th grade,1.68,136.08,No
16 years old,Female,9th grade,1.65,52.16,No
17 years old,Male,11th grade,1.7,95.26,No
18 years old or older,Male,12th grade,1.65,97.52,No
15 years old,Male,9th grade,1.7,63.5,No
15 years old,Male,10th grade,1.83,64.41,No
18 years old or older,Male,12th grade,1.7,70.31,No
14 years old,Male,9th grade,1.55,65.32,No
15 years old,Female,9th grade,1.52,52.16,No
16 years old,Male,10th grade,1.65,54.43,No
18 years old or older,Male,11th grade,1.73,54.43,Yes
16 years old,Male,11th grade,1.7,95.26,No
16 years old,Male,11th grade,1.83,60.33,No
16 years old,Male,11th grade,1.73,82.56,No
17 years old,Male,11th grade,1.88,63.96,No
16 years old,Male,10th grade,1.88,79.38,No
14 years old,Male,9th grade,1.68,99.79,Yes
16 years old,Male,10th grade,1.8,108.41,No
17 years old,Male,12th grade,1.7,54.43,No
17 years old,Male,12th grade,1.83,97.52,Yes
15 years old,Female,10th grade,1.63,81.65,No
18 years old or older,Male,11th grade,1.7,68.04,No
18 years old or older,Male,11th grade,1.6,58.97,No
18 years old or older,Male,12th grade,1.85,107.5,Yes
15 years old,Male,10th grade,1.78,85.73,Yes
15 years old,Female,10th grade,1.7,65.77,No
15 years old,Female,10th grade,1.57,51.71,Yes
15 years old,Female,10th grade,1.57,44.91,No
16 years old,Male,10th grade,1.65,58.97,No
15 years old,Female,10th grade,1.55,48.08,Yes
16 years old,Female,10th grade,1.68,52.16,No
15 years old,Female,9th grade,1.57,47.63,No
14 years old,Female,9th grade,1.55,43.09,Yes
15 years old,Female,9th grade,1.68,53.07,No
17 years old,Male,12th grade,1.85,73.48,Yes
17 years old,Female,11th grade,1.63,58.97,No
15 years old,Female,9th grade,1.52,54.89,Yes
15 years old,Male,9th grade,1.78,77.11,No
16 years old,Female,11th grade,1.35,50.8,Yes
17 years old,Male,11th grade,1.78,77.11,No
15 years old,Male,9th grade,1.65,84.37,No
18 years old or older,Male,12th grade,1.75,58.06,No
17 years old,Male,11th grade,1.73,54.43,No
17 years old,Female,11th grade,1.63,75.3,Yes
15 years old,Female,9th grade,1.6,58.97,Yes
15 years old,Male,9th grade,1.75,54.43,No
17 years old,Female,12th grade,1.52,65.77,Yes
15 years old,Male,9th grade,1.75,84.37,No
15 years old,Female,9th grade,1.73,56.7,No
18 years old or older,Female,12th grade,1.6,58.97,No
16 years old,Female,11th grade,1.68,54.43,No
17 years old,Female,11th grade,1.83,70.31,No
15 years old,Male,9th grade,1.83,63.5,No
14 years old,Male,9th grade,1.78,81.65,No
18 years old or older,Female,12th grade,1.78,62.6,No
16 years old,Female,11th grade,1.55,52.62,No
15 years old,Male,9th grade,1.7,97.52,Yes
15 years old,Female,9th grade,1.5,52.16,No
18 years old or older,Male,12th grade,1.8,74.84,No
17 years old,Female,11th grade,1.55,44,No
15 years old,Male,9th grade,1.65,53.52,No
15 years old,Male,9th grade,1.8,90.72,No
18 years old or older,Female,12th grade,1.4,40.37,Yes
14 years old,Female,9th grade,1.6,47.63,No
15 years old,Female,9th grade,1.68,54.43,Yes
14 years old,Male,9th grade,1.73,52.62,Yes
18 years old or older,Female,12th grade,1.63,67.59,No
17 years old,Female,11th grade,1.6,77.11,No
14 years old,Male,9th grade,1.68,60.33,No
15 years old,Male,9th grade,1.6,41.73,Yes
18 years old or older,Female,12th grade,1.65,53.52,No
17 years old,Male,11th grade,1.7,65.77,No
15 years old,Female,9th grade,1.57,47.63,Yes
15 years old,Male,9th grade,1.65,108.86,Yes
18 years old or older,Male,12th grade,1.8,72.58,No
17 years old,Female,11th grade,1.6,60.78,No
15 years old,Female,9th grade,1.65,50.8,Yes
14 years old,Female,9th grade,1.55,54.43,Yes
17 years old,Male,12th grade,1.96,65.77,No
16 years old,Male,11th grade,1.8,81.65,Yes
16 years old,Male,11th grade,1.75,90.72,No
14 years old,Female,9th grade,1.65,99.79,Yes
14 years old,Male,9th grade,1.7,57.15,Yes
17 years old,Male,12th grade,1.73,81.65,No
17 years old,Female,11th grade,1.68,112.49,No
14 years old,Male,9th grade,1.78,79.83,No
16 years old,Female,10th grade,1.65,63.5,No
18 years old or older,Male,12th grade,1.83,74.84,No
16 years old,Female,11th grade,1.55,44.45,No
16 years old,Male,10th grade,1.88,92.99,Yes
16 years old,Male,11th grade,1.45,49.9,No
14 years old,Male,9th grade,1.78,58.97,No
18 years old or older,Female,12th grade,1.57,63.5,Yes
16 years old,Female,11th grade,1.57,67.13,Yes
16 years old,Male,10th grade,1.7,64.41,No
15 years old,Female,10th grade,1.68,65.77,Yes
15 years old,Female,10th grade,1.5,49.44,No
15 years old,Male,10th grade,1.75,97.52,No
17 years old,Male,11th grade,1.75,63.5,No
17 years old,Male,12th grade,1.7,90.72,No
17 years old,Male,11th grade,1.78,108.86,No
17 years old,Female,10th grade,1.57,59.88,No
15 years old,Female,10th grade,1.75,81.65,No
15 years old,Female,9th grade,1.63,58.06,No
18 years old or older,Male,12th grade,1.7,58.06,No
17 years old,Male,11th grade,1.78,72.58,No
15 years old,Female,10th grade,1.7,69.85,No
15 years old,Female,10th grade,1.63,69.4,No
14 years old,Female,9th grade,1.5,54.43,No
17 years old,Male,12th grade,1.83,111.13,No
17 years old,Male,11th grade,1.78,90.72,No
17 years old,Male,12th grade,1.7,61.24,No
15 years old,Female,10th grade,1.6,49.44,No
15 years old,Male,10th grade,1.8,63.5,No
15 years old,Male,9th grade,1.73,79.38,Yes
17 years old,Male,12th grade,1.7,108.41,No
14 years old,Male,9th grade,1.78,83.92,No
16 years old,Male,10th grade,1.73,74.84,No
15 years old,Male,10th grade,1.8,75.3,No
14 years old,Female,9th grade,1.65,63.05,No
17 years old,Female,12th grade,1.6,54.43,No
15 years old,Male,9th grade,1.98,50.35,No
17 years old,Male,12th grade,1.93,68.04,No
16 years old,Female,10th grade,1.5,53.52,Yes
17 years old,Female,10th grade,1.73,92.99,Yes
15 years old,Male,9th grade,1.8,79.38,No
17 years old,Male,12th grade,1.88,124.74,No
15 years old,Female,9th grade,1.6,95.26,Yes
17 years old,Female,11th grade,1.52,55.79,No
17 years old,Female,12th grade,1.55,75.3,No
15 years old,Female,10th grade,1.57,75.3,No
15 years old,Male,9th grade,1.68,49.9,No
18 years old or older,Female,12th grade,1.63,79.38,No
15 years old,Male,9th grade,1.75,90.72,No
16 years old,Male,11th grade,1.8,72.58,No
17 years old,Female,12th grade,1.63,53.07,No
15 years old,Male,10th grade,1.78,113.4,No
16 years old,Female,10th grade,1.65,68.04,No
15 years old,Male,9th grade,1.78,113.4,No
18 years old or older,Female,12th grade,1.57,53.07,No
15 years old,Male,9th grade,1.73,58.97,No
17 years old,Male,11th grade,1.83,68.04,No
18 years old or older,Male,12th grade,1.8,58.97,No
16 years old,Female,11th grade,1.65,74.84,No
15 years old,Female,10th grade,1.65,62.14,No
15 years old,Female,10th grade,1.68,111.13,No
16 years old,Male,9th grade,1.83,77.11,No
18 years old or older,Female,12th grade,1.5,45.36,No
15 years old,Female,9th grade,1.7,62.6,No
17 years old,Male,11th grade,1.78,54.43,No
18 years old or older,Female,12th grade,1.7,81.65,Yes
16 years old,Male,11th grade,1.6,61.24,Yes
15 years old,Male,10th grade,1.75,83.92,Yes
15 years old,Female,10th grade,1.52,52.62,No
16 years old,Male,11th grade,1.73,81.65,No
18 years old or older,Male,12th grade,1.8,72.58,No
16 years old,Female,10th grade,1.63,63.5,No
16 years old,Male,10th grade,1.75,75.3,Yes
14 years old,Male,9th grade,1.75,65.32,No
18 years old or older,Female,12th grade,1.63,89.81,Yes
16 years old,Male,9th grade,1.85,59.88,No
17 years old,Female,11th grade,1.65,73.94,No
17 years old,Male,12th grade,1.7,61.24,No
15 years old,Male,10th grade,1.78,60.78,No
16 years old,Female,10th grade,1.68,65.77,No
17 years old,Female,12th grade,1.78,80.74,No
15 years old,Male,9th grade,1.73,64.41,No
17 years old,Male,11th grade,1.75,86.18,No
17 years old,Female,12th grade,1.55,46.27,No
17 years old,Male,11th grade,1.7,113.4,No
13 years old,Male,9th grade,1.75,66.68,No
17 years old,Female,12th grade,1.55,60.78,No
15 years old,Male,9th grade,1.73,119.75,No
16 years old,Male,9th grade,1.88,130.64,No
17 years old,Female,11th grade,1.68,54.43,No
17 years old,Female,12th grade,1.65,79.38,Yes
17 years old,Female,12th grade,1.55,83.92,No
14 years old,Female,9th grade,1.78,107.05,Yes
17 years old,Male,11th grade,1.85,88.45,No
18 years old or older,Male,12th grade,1.83,56.7,No
16 years old,Female,10th grade,1.5,56.7,No
16 years old,Male,9th grade,1.73,81.65,No
17 years old,Male,12th grade,1.83,61.24,No
15 years old,Female,9th grade,1.7,86.18,No
16 years old,Male,11th grade,1.75,74.84,No
16 years old,Female,10th grade,1.6,52.16,No
15 years old,Female,10th grade,1.7,54.43,No
14 years old,Male,9th grade,1.85,61.24,No
18 years old or older,Male,12th grade,1.83,92.99,No
16 years old,Female,9th grade,1.6,65.32,No
16 years old,Male,11th grade,1.8,104.33,No
18 years old or older,Male,12th grade,1.7,71.22,No
15 years old,Female,9th grade,1.88,172.37,No
16 years old,Female,10th grade,1.55,52.16,No
16 years old,Male,10th grade,1.83,97.52,No
16 years old,Male,9th grade,1.7,102.06,No
17 years old,Female,12th grade,1.55,54.43,No
15 years old,Female,9th grade,1.73,58.97,No
16 years old,Male,11th grade,1.63,56.7,No
18 years old or older,Male,12th grade,1.75,56.7,No
17 years old,Male,11th grade,1.83,85.28,No
16 years old,Male,10th grade,1.83,72.58,No
15 years old,Female,10th grade,1.7,74.84,No
14 years old,Male,9th grade,1.73,68.04,No
15 years old,Female,9th grade,1.63,61.69,No
16 years old,Female,10th grade,1.57,58.97,No
17 years old,Male,12th grade,1.75,63.5,No
16 years old,Female,10th grade,1.6,52.62,No
14 years old,Male,9th grade,1.73,60.33,No
17 years old,Male,12th grade,1.78,108.86,Yes
15 years old,Female,9th grade,1.52,36.74,Yes
17 years old,Male,11th grade,1.78,55.79,No
17 years old,Male,12th grade,1.8,61.69,No
16 years old,Female,10th grade,1.63,65.77,No
15 years old,Male,10th grade,1.85,66.23,No
14 years old,Male,9th grade,1.83,70.31,No
18 years old or older,Female,12th grade,1.6,61.24,No
17 years old,Female,11th grade,1.63,55.79,No
18 years old or older,Male,11th grade,1.7,68.04,No
17 years old,Female,12th grade,1.63,53.52,No
16 years old,Male,10th grade,1.83,68.95,No
15 years old,Male,10th grade,1.83,52.16,No
15 years old,Male,9th grade,1.7,55.79,No
17 years old,Male,12th grade,1.75,61.24,No
14 years old,Female,9th grade,1.52,68.04,No
15 years old,Male,9th grade,1.63,99.79,No
18 years old or older,Male,12th grade,1.73,72.58,Yes
17 years old,Female,10th grade,1.73,94.35,No
16 years old,Female,10th grade,1.52,53.07,No
15 years old,Male,10th grade,1.8,86.18,No
16 years old,Male,10th grade,1.7,56.7,No
18 years old or older,Female,12th grade,1.57,48.08,No
17 years old,Male,12th grade,1.75,63.5,No
18 years old or older,Male,12th grade,1.78,86.18,No
17 years old,Female,12th grade,1.63,127.01,No
16 years old,Female,10th grade,1.6,52.16,No
17 years old,Female,11th grade,1.63,104.33,No
17 years old,Male,11th grade,1.78,86.18,No
16 years old,Male,10th grade,1.75,77.11,No
16 years old,Female,11th grade,1.7,81.65,No
16 years old,Male,10th grade,1.68,81.65,No
16 years old,Male,11th grade,1.78,96.16,No
16 years old,Male,11th grade,1.96,131.54,No
17 years old,Male,11th grade,1.78,63.5,No
17 years old,Male,11th grade,1.6,54.43,No
16 years old,Male,11th grade,1.68,77.11,Yes
17 years old,Male,11th grade,1.7,58.97,No
16 years old,Female,10th grade,1.63,79.38,No
16 years old,Female,11th grade,1.63,56.7,No
17 years old,Male,10th grade,1.8,95.26,No
17 years old,Female,11th grade,1.7,79.38,No
17 years old,Male,11th grade,1.96,140.62,No
17 years old,Male,11th grade,1.8,79.38,No
16 years old,Male,10th grade,1.78,97.07,No
17 years old,Female,11th grade,1.68,72.58,No
18 years old or older,Male,11th grade,1.65,81.65,No
17 years old,Female,11th grade,1.68,58.97,No
17 years old,Male,11th grade,1.65,55.34,No
17 years old,Female,11th grade,1.63,74.84,No
16 years old,Male,11th grade,1.73,61.24,No
17 years old,Female,11th grade,1.57,45.36,Yes
18 years old or older,Female,12th grade,1.63,61.24,No
14 years old,Male,9th grade,1.65,52.62,No
17 years old,Female,12th grade,1.6,63.5,No
15 years old,Male,9th grade,1.85,127.01,No
17 years old,Male,12th grade,1.8,113.4,No
16 years old,Female,9th grade,1.52,58.97,No
16 years old,Female,9th grade,1.57,77.11,No
17 years old,Male,12th grade,1.96,82.56,No
15 years old,Female,9th grade,1.57,43.09,No
18 years old or older,Female,12th grade,1.57,48.54,Yes
16 years old,Female,9th grade,1.6,45.81,No
18 years old or older,Male,12th grade,1.68,54.89,No
18 years old or older,Female,12th grade,1.52,83.92,No
15 years old,Male,9th grade,1.65,69.4,No
14 years old,Male,9th grade,1.75,127.01,No
17 years old,Female,12th grade,1.63,79.38,No
17 years old,Female,12th grade,1.52,57.15,No
17 years old,Female,12th grade,1.55,79.83,No
18 years old or older,Female,12th grade,1.6,55.79,Yes
15 years old,Male,9th grade,1.68,81.65,No
17 years old,Male,12th grade,1.85,65.77,No
17 years old,Female,12th grade,1.8,54.43,No
15 years old,Male,9th grade,1.57,81.65,No
18 years old or older,Male,12th grade,1.8,81.65,No
14 years old,Male,9th grade,1.85,74.39,No
18 years old or older,Male,12th grade,1.85,149.69,No
18 years old or older,Male,12th grade,1.73,65.77,No
15 years old,Male,9th grade,1.8,68.04,No
15 years old,Female,9th grade,1.57,53.98,No
17 years old,Female,12th grade,1.7,70.31,Yes
16 years old,Male,10th grade,1.78,92.99,No
17 years old,Male,12th grade,1.78,79.38,Yes
17 years old,Female,12th grade,1.63,61.24,No
15 years old,Male,10th grade,1.75,68.95,No
17 years old,Female,12th grade,1.57,54.43,Yes
18 years old or older,Male,12th grade,1.8,74.84,No
17 years old,Female,12th grade,1.6,86.18,Yes
16 years old,Male,11th grade,1.7,61.24,No
16 years old,Female,11th grade,1.68,52.62,No
16 years old,Female,11th grade,1.68,54.43,Yes
18 years old or older,Male,12th grade,1.88,86.18,No
17 years old,Male,11th grade,1.6,53.07,No
15 years old,Female,10th grade,1.63,49.9,No
17 years old,Male,12th grade,1.75,71.67,No
17 years old,Female,11th grade,1.65,58.06,Yes
18 years old or older,Male,12th grade,1.73,63.5,No
15 years old,Male,10th grade,1.9,161.03,Yes
15 years old,Female,10th grade,1.75,61.69,Yes
15 years old,Female,9th grade,1.73,68.04,No
16 years old,Female,11th grade,1.7,52.16,Yes
18 years old or older,Female,12th grade,1.57,51.26,No
16 years old,Female,11th grade,1.83,106.6,No
18 years old or older,Female,12th grade,1.7,68.04,Yes
18 years old or older,Female,12th grade,1.63,49.9,Yes
17 years old,Male,12th grade,1.7,122.47,No
16 years old,Male,11th grade,1.88,89.36,No
16 years old,Female,10th grade,1.6,51.71,Yes
17 years old,Female,11th grade,1.68,83.92,No
15 years old,Female,10th grade,1.6,62.14,Yes
16 years old,Male,10th grade,1.7,54.43,No
17 years old,Female,11th grade,1.7,58.51,No
15 years old,Male,10th grade,1.65,67.59,No
18 years old or older,Male,12th grade,2.01,104.33,No
16 years old,Male,11th grade,1.7,58.97,No
18 years old or older,Male,12th grade,1.83,108.86,No
18 years old or older,Female,12th grade,1.68,81.65,Yes
17 years old,Female,12th grade,1.63,61.69,Yes
15 years old,Male,10th grade,1.9,88.45,No
15 years old,Male,10th grade,1.8,58.97,No
16 years old,Male,11th grade,1.7,69.85,No
14 years old,Female,9th grade,1.6,44.45,Yes
16 years old,Male,11th grade,1.83,63.5,No
17 years old,Female,12th grade,1.63,54.43,No
16 years old,Female,11th grade,1.6,65.77,No
16 years old,Male,10th grade,1.8,48.08,Yes
16 years old,Male,10th grade,1.78,69.4,No
16 years old,Male,11th grade,1.85,68.04,No
18 years old or older,Male,12th grade,1.88,58.97,No
14 years old,Male,9th grade,1.75,97.52,No
14 years old,Male,9th grade,1.73,98.43,Yes
15 years old,Male,10th grade,1.8,81.65,No
18 years old or older,Female,12th grade,1.57,48.99,No
14 years old,Female,9th grade,1.47,53.98,No
16 years old,Female,10th grade,1.68,72.58,Yes
15 years old,Male,9th grade,1.78,113.4,Yes
15 years old,Male,10th grade,1.88,115.21,No
15 years old,Female,9th grade,1.65,74.84,Yes
16 years old,Male,10th grade,1.85,72.58,No
17 years old,Male,11th grade,1.9,78.93,No
18 years old or older,Male,12th grade,1.65,96.62,No
15 years old,Female,9th grade,1.68,72.58,No
17 years old,Female,10th grade,1.55,48.54,No
17 years old,Male,11th grade,1.93,91.17,No
16 years old,Male,10th grade,1.73,68.04,No
16 years old,Male,11th grade,1.75,56.7,No
18 years old or older,Male,12th grade,1.8,79.38,Yes
14 years old,Male,9th grade,1.73,72.58,No
15 years old,Male,10th grade,1.88,66.23,Yes
16 years old,Female,11th grade,1.7,97.98,No
18 years old or older,Male,12th grade,1.88,90.27,No
14 years old,Male,9th grade,1.63,58.06,Yes
16 years old,Female,11th grade,1.7,61.24,No
17 years old,Male,12th grade,1.65,54.43,No
15 years old,Male,9th grade,1.75,76.2,No
16 years old,Female,10th grade,1.65,54.43,No
18 years old or older,Female,12th grade,1.55,49.9,Yes
16 years old,Female,9th grade,1.57,46.72,Yes
16 years old,Male,10th grade,1.9,79.38,Yes
17 years old,Male,11th grade,1.75,68.04,No
17 years old,Female,12th grade,1.63,52.16,No
16 years old,Female,9th grade,1.55,51.71,Yes
15 years old,Male,10th grade,1.9,79.38,No
17 years old,Male,11th grade,1.75,81.65,No
15 years old,Female,9th grade,1.6,44.45,Yes
16 years old,Female,10th grade,1.55,60.33,No
17 years old,Male,11th grade,1.75,65.77,No
18 years old or older,Male,12th grade,1.7,52.16,No
14 years old,Female,9th grade,1.6,65.77,No
16 years old,Male,10th grade,1.8,73.94,No
16 years old,Female,10th grade,1.73,63.5,Yes
17 years old,Male,11th grade,1.75,79.38,No
17 years old,Male,12th grade,1.8,77.11,No
16 years old,Male,10th grade,1.68,72.58,No
17 years old,Female,11th grade,1.45,59.88,No
18 years old or older,Male,12th grade,1.8,74.84,No
15 years old,Male,9th grade,1.6,63.5,No
16 years old,Male,10th grade,1.68,76.66,No
15 years old,Male,9th grade,1.75,88.91,No
16 years old,Male,10th grade,1.85,68.04,No
14 years old,Female,9th grade,1.55,44,No
16 years old,Male,10th grade,1.83,70.31,Yes
17 years old,Male,11th grade,1.9,56.7,No
14 years old,Female,9th grade,1.57,55.79,No
14 years old,Female,9th grade,1.6,63.5,No
16 years old,Male,10th grade,1.83,117.94,Yes
18 years old or older,Male,12th grade,1.78,106.6,No
15 years old,Female,9th grade,1.68,57.61,Yes
14 years old,Female,9th grade,1.7,80.29,No
16 years old,Female,10th grade,1.65,54.43,No
17 years old,Male,11th grade,1.73,60.78,Yes
18 years old or older,Male,12th grade,1.75,99.79,No
15 years old,Male,9th grade,1.63,54.43,No
15 years old,Female,9th grade,1.57,50.35,Yes
15 years old,Male,9th grade,1.78,68.04,No
16 years old,Female,10th grade,1.63,64.86,No
17 years old,Female,11th grade,1.63,49.9,No
18 years old or older,Male,12th grade,1.83,67.13,Yes
14 years old,Male,9th grade,1.6,52.16,No
15 years old,Male,9th grade,1.73,96.62,No
15 years old,Female,9th grade,1.63,50.35,Yes
16 years old,Female,10th grade,1.7,78.93,No
16 years old,Female,11th grade,1.6,52.16,No
17 years old,Male,12th grade,1.83,61.24,No
15 years old,Female,9th grade,1.65,48.99,Yes
16 years old,Female,10th grade,1.7,61.24,No
16 years old,Female,11th grade,1.65,54.89,No
17 years old,Male,11th grade,1.75,74.84,No
15 years old,Male,9th grade,1.78,79.38,No
15 years old,Female,9th grade,1.6,79.38,Yes
16 years old,Male,10th grade,1.73,94.35,No
16 years old,Male,11th grade,1.7,63.96,No
17 years old,Male,12th grade,1.75,68.04,No
16 years old,Female,9th grade,1.7,60.33,Yes
16 years old,Female,10th grade,1.68,68.04,No
17 years old,Female,11th grade,1.7,58.97,No
18 years old or older,Male,12th grade,1.8,63.5,No
16 years old,Female,9th grade,1.68,65.32,Yes
16 years old,Male,10th grade,1.8,122.47,Yes
16 years old,Male,11th grade,1.73,54.43,Yes
18 years old or older,Female,12th grade,1.5,37.2,Yes
15 years old,Male,9th grade,1.55,56.25,No
15 years old,Female,10th grade,1.65,56.25,Yes
17 years old,Female,11th grade,1.68,56.7,No
17 years old,Male,12th grade,1.83,80.74,No
15 years old,Female,9th grade,1.68,56.7,No
16 years old,Female,10th grade,1.85,86.18,No
17 years old,Female,11th grade,1.63,81.65,No
18 years old or older,Male,12th grade,1.78,81.65,No
15 years old,Male,9th grade,1.78,61.24,No
16 years old,Female,10th grade,1.73,102.06,No
16 years old,Female,11th grade,1.65,65.77,No
15 years old,Female,9th grade,1.55,43.09,No
15 years old,Male,9th grade,1.85,90.72,No
16 years old,Male,10th grade,1.8,113.4,No
17 years old,Female,11th grade,1.68,58.97,No
17 years old,Male,12th grade,1.93,83.92,No
15 years old,Female,9th grade,1.57,58.51,Yes
16 years old,Female,10th grade,1.78,58.97,No
16 years old,Female,11th grade,1.65,46.72,No
18 years old or older,Male,12th grade,1.78,74.84,No
15 years old,Female,9th grade,1.75,70.31,No
16 years old,Female,10th grade,1.65,45.36,Yes
17 years old,Male,11th grade,1.88,65.77,No
17 years old,Male,12th grade,1.63,61.24,No
15 years old,Male,9th grade,1.78,64.41,No
16 years old,Female,10th grade,1.6,61.69,No
16 years old,Female,11th grade,1.75,70.31,Yes
17 years old,Female,11th grade,1.6,56.25,No
18 years old or older,Female,12th grade,1.65,57.61,No
17 years old,Female,11th grade,1.73,48.99,No
18 years old or older,Female,12th grade,1.57,47.63,No
15 years old,Female,9th grade,1.68,68.04,No
17 years old,Female,10th grade,1.5,54.43,Yes
17 years old,Male,12th grade,1.85,58.97,No
16 years old,Female,11th grade,1.65,73.48,No
18 years old or older,Male,12th grade,1.8,70.31,No
15 years old,Male,9th grade,1.85,58.97,No
18 years old or older,Male,12th grade,1.78,104.33,No
15 years old,Female,9th grade,1.6,54.43,Yes
17 years old,Male,11th grade,1.78,61.24,Yes
18 years old or older,Male,11th grade,1.8,108.86,No
18 years old or older,Female,12th grade,1.7,52.16,No
14 years old,Female,9th grade,1.65,70.31,No
16 years old,Female,10th grade,1.65,53.52,Yes
15 years old,Female,9th grade,1.73,114.31,Yes
17 years old,Male,11th grade,1.8,81.65,No
16 years old,Male,11th grade,1.75,108.86,No
18 years old or older,Male,12th grade,1.7,62.14,No
14 years old,Female,9th grade,1.6,104.33,Yes
15 years old,Female,9th grade,1.73,95.26,Yes
17 years old,Male,11th grade,1.85,88.45,No
17 years old,Male,12th grade,1.85,111.13,Yes
18 years old or older,Female,12th grade,1.57,68.04,No
17 years old,Female,11th grade,1.65,81.65,Yes
15 years old,Female,9th grade,1.57,54.43,Yes
16 years old,Male,10th grade,1.68,56.25,No
17 years old,Male,12th grade,1.7,64.86,Yes
15 years old,Male,9th grade,1.68,77.11,No
15 years old,Male,10th grade,1.73,54.43,No
17 years old,Female,11th grade,1.57,86.18,Yes
15 years old,Male,9th grade,1.85,102.06,No
16 years old,Female,10th grade,1.63,52.62,No
18 years old or older,Female,12th grade,1.75,102.06,No
14 years old,Male,9th grade,1.73,52.62,No
16 years old,Male,11th grade,1.73,78.02,No
16 years old,Female,10th grade,1.55,63.5,Yes
16 years old,Female,11th grade,1.57,61.24,No
15 years old,Male,9th grade,1.7,65.77,No
16 years old,Female,10th grade,1.52,48.08,Yes
15 years old,Female,9th grade,1.65,48.08,Yes
16 years old,Female,11th grade,1.7,58.97,No
17 years old,Male,10th grade,1.68,63.5,No
17 years old,Male,11th grade,1.7,58.97,No
18 years old or older,Male,12th grade,1.88,79.83,No
15 years old,Male,9th grade,1.73,65.77,No
16 years old,Male,10th grade,1.7,95.71,No
15 years old,Male,9th grade,1.8,68.04,No
17 years old,Female,11th grade,1.63,77.11,Yes
16 years old,Female,10th grade,1.65,63.5,No
16 years old,Female,11th grade,1.68,81.65,Yes
18 years old or older,Male,12th grade,1.93,104.33,No
14 years old,Female,9th grade,1.63,54.43,Yes
17 years old,Male,10th grade,1.7,92.99,Yes
14 years old,Male,9th grade,1.73,58.06,Yes
16 years old,Male,10th grade,1.85,62.6,No
17 years old,Female,11th grade,1.57,40.82,No
17 years old,Female,12th grade,1.52,86.18,No
16 years old,Male,10th grade,1.8,90.72,No
18 years old or older,Male,12th grade,1.65,65.32,No
14 years old,Female,9th grade,1.68,53.98,Yes
16 years old,Female,11th grade,1.6,86.18,No
17 years old,Female,12th grade,1.57,51.71,Yes
14 years old,Female,9th grade,1.6,43.09,No
17 years old,Male,10th grade,1.73,79.38,No
18 years old or older,Female,12th grade,1.65,45.36,No
15 years old,Female,9th grade,1.6,54.89,Yes
16 years old,Female,11th grade,1.68,62.6,Yes
16 years old,Female,10th grade,1.63,51.71,No
17 years old,Male,11th grade,1.83,86.18,No
17 years old,Female,12th grade,1.57,99.79,No
15 years old,Male,9th grade,1.73,61.24,No
16 years old,Female,10th grade,1.75,79.38,No
14 years old,Female,9th grade,1.68,56.7,Yes
18 years old or older,Female,11th grade,1.6,68.95,No
17 years old,Male,11th grade,1.78,144.24,No
15 years old,Male,9th grade,1.78,61.69,No
16 years old,Female,10th grade,1.6,56.7,No
15 years old,Male,9th grade,1.7,54.43,No
15 years old,Male,11th grade,1.78,65.77,No
15 years old,Female,9th grade,1.63,48.54,Yes
16 years old,Female,10th grade,1.75,56.7,Yes
18 years old or older,Male,12th grade,1.83,83.01,No
15 years old,Female,9th grade,1.7,81.65,Yes
18 years old or older,Female,12th grade,1.6,58.97,Yes
16 years old,Female,11th grade,1.6,58.51,Yes
16 years old,Male,10th grade,1.78,109.77,Yes
17 years old,Male,11th grade,1.68,73.03,No
14 years old,Female,9th grade,1.68,52.16,No
17 years old,Male,12th grade,1.85,92.99,No
17 years old,Male,11th grade,1.57,85.73,No
17 years old,Male,10th grade,1.8,106.6,No
17 years old,Male,11th grade,1.78,86.18,No
17 years old,Male,12th grade,1.75,58.97,No
14 years old,Male,9th grade,1.8,59.42,Yes
17 years old,Male,10th grade,1.83,68.04,No
15 years old,Male,9th grade,1.83,99.79,Yes
15 years old,Male,10th grade,1.65,54.43,No
17 years old,Female,11th grade,1.7,74.84,Yes
15 years old,Female,9th grade,1.63,54.43,Yes
16 years old,Male,10th grade,1.68,63.5,No
15 years old,Male,9th grade,1.7,49.9,No
17 years old,Male,11th grade,1.9,73.94,Yes
16 years old,Male,11th grade,1.7,56.7,No
18 years old or older,Female,12th grade,1.57,58.06,Yes
15 years old,Male,9th grade,1.73,77.11,Yes
16 years old,Male,10th grade,1.88,90.72,No
15 years old,Male,9th grade,1.75,85.28,No
16 years old,Male,11th grade,1.68,47.63,Yes
17 years old,Male,11th grade,1.8,72.58,No
15 years old,Female,9th grade,1.65,62.6,Yes
16 years old,Male,10th grade,1.85,95.26,Yes
18 years old or older,Male,12th grade,1.75,112.49,No
17 years old,Female,11th grade,1.55,63.5,No
16 years old,Male,10th grade,1.8,68.04,No
17 years old,Male,11th grade,1.88,70.31,No
18 years old or older,Male,12th grade,1.75,62.6,No
14 years old,Male,9th grade,1.85,65.77,Yes
15 years old,Female,10th grade,1.7,61.69,Yes
17 years old,Female,12th grade,1.7,131.09,No
15 years old,Male,9th grade,1.78,65.77,No
17 years old,Male,11th grade,1.85,131.54,Yes
16 years old,Male,10th grade,1.63,77.11,No
17 years old,Male,11th grade,1.85,86.18,No
18 years old or older,Female,12th grade,1.52,47.63,No
14 years old,Male,9th grade,1.8,115.67,No
16 years old,Male,11th grade,1.83,72.58,No
16 years old,Male,10th grade,1.65,55.79,Yes
17 years old,Male,11th grade,1.83,74.84,No
18 years old or older,Male,12th grade,1.73,61.24,No
15 years old,Male,9th grade,1.73,53.52,Yes
15 years old,Male,10th grade,1.68,53.98,No
15 years old,Female,9th grade,1.6,57.61,No
16 years old,Female,10th grade,1.6,63.5,No
17 years old,Male,11th grade,1.65,79.38,Yes
17 years old,Male,12th grade,1.78,81.65,No
18 years old or older,Female,12th grade,1.45,45.36,No
16 years old,Male,10th grade,1.63,66.23,No
14 years old,Male,9th grade,1.65,54.43,No
17 years old,Male,11th grade,1.68,57.61,No
17 years old,Male,12th grade,1.7,52.16,No
15 years old,Male,10th grade,1.73,68.04,No
16 years old,Male,9th grade,1.73,83.92,No
17 years old,Male,11th grade,1.75,60.33,No
18 years old or older,Female,12th grade,1.57,56.7,No
15 years old,Male,10th grade,1.78,73.94,Yes
14 years old,Male,9th grade,1.8,94.35,Yes
17 years old,Male,11th grade,1.75,68.04,No
17 years old,Male,12th grade,1.78,79.38,No
15 years old,Male,10th grade,1.8,77.11,No
15 years old,Male,9th grade,1.78,69.85,Yes
17 years old,Male,11th grade,1.75,63.5,No
18 years old or older,Male,12th grade,1.73,90.72,Yes
15 years old,Female,10th grade,1.65,54.43,No
14 years old,Female,9th grade,1.78,74.84,No
16 years old,Male,11th grade,1.73,65.77,No
17 years old,Male,12th grade,1.85,105.24,No
16 years old,Female,10th grade,1.57,49.44,Yes
15 years old,Female,9th grade,1.57,78.47,No
16 years old,Male,11th grade,1.88,68.04,Yes
17 years old,Female,11th grade,1.7,81.65,Yes
15 years old,Male,10th grade,1.88,72.58,No
15 years old,Female,9th grade,1.65,68.04,Yes
17 years old,Male,11th grade,1.8,106.6,No
17 years old,Male,11th grade,1.75,70.31,No
16 years old,Female,11th grade,1.63,96.62,No
17 years old,Male,12th grade,1.7,116.58,No
15 years old,Female,10th grade,1.75,74.84,No
14 years old,Female,9th grade,1.55,58.51,Yes
16 years old,Female,11th grade,1.57,48.08,No
15 years old,Female,10th grade,1.85,77.11,Yes
14 years old,Male,9th grade,1.78,69.85,No
16 years old,Male,11th grade,1.73,79.38,No
17 years old,Male,11th grade,1.85,117.94,No
17 years old,Female,12th grade,1.63,58.97,Yes
16 years old,Female,10th grade,1.57,77.11,No
16 years old,Male,9th grade,1.7,52.16,No
16 years old,Female,11th grade,1.63,68.04,Yes
17 years old,Male,12th grade,1.7,66.68,No
17 years old,Female,12th grade,1.68,79.38,No
16 years old,Male,10th grade,1.78,65.77,No
14 years old,Male,9th grade,1.7,69.85,Yes
17 years old,Male,11th grade,1.75,111.13,No
17 years old,Female,12th grade,1.73,62.6,No
16 years old,Male,10th grade,1.75,74.84,No
18 years old or older,Female,12th grade,1.65,68.04,No
17 years old,Male,11th grade,1.88,122.47,No
17 years old,Male,12th grade,1.7,80.29,No
16 years old,Female,10th grade,1.68,45.36,Yes
15 years old,Male,9th grade,1.78,49.44,No
17 years old,Female,11th grade,1.55,48.99,No
17 years old,Male,12th grade,1.78,88.45,Yes
16 years old,Female,10th grade,1.68,64.41,No
14 years old,Male,9th grade,1.68,49.9,No
17 years old,Female,11th grade,1.5,54.43,No
17 years old,Female,12th grade,1.65,50.35,No
17 years old,Male,12th grade,1.75,61.69,No
16 years old,Male,10th grade,1.73,63.05,No
15 years old,Male,9th grade,1.68,67.13,Yes
17 years old,Male,11th grade,1.73,61.24,Yes
16 years old,Male,10th grade,1.73,63.5,No
15 years old,Male,10th grade,1.88,84.37,No
14 years old,Female,9th grade,1.55,53.07,Yes
16 years old,Male,11th grade,1.73,83.92,No
17 years old,Female,12th grade,1.57,58.97,No
16 years old,Female,10th grade,1.75,72.58,Yes
15 years old,Female,9th grade,1.52,49.9,No
17 years old,Male,11th grade,1.75,77.11,No
15 years old,Female,10th grade,1.75,72.58,No
15 years old,Male,9th grade,1.73,47.63,No
16 years old,Female,11th grade,1.73,54.43,No
17 years old,Female,11th grade,1.65,54.43,Yes
16 years old,Male,10th grade,1.75,75.3,No
15 years old,Female,9th grade,1.78,89.36,No
17 years old,Female,11th grade,1.57,52.16,No
15 years old,Male,10th grade,1.7,45.36,Yes
16 years old,Female,10th grade,1.65,52.16,No
14 years old,Male,9th grade,1.7,46.72,No
18 years old or older,Male,12th grade,1.75,61.24,No
15 years old,Female,9th grade,1.7,54.43,No
16 years old,Female,11th grade,1.65,86.18,No
17 years old,Male,11th grade,1.65,61.24,No
16 years old,Male,10th grade,1.78,67.13,No
16 years old,Female,11th grade,1.63,74.84,No
17 years old,Male,12th grade,1.75,78.02,No
15 years old,Male,9th grade,1.8,113.4,No
16 years old,Female,10th grade,1.7,53.52,No
17 years old,Male,12th grade,1.83,63.5,Yes
17 years old,Male,11th grade,1.75,68.04,Yes
16 years old,Female,10th grade,1.63,64.86,Yes
15 years old,Female,10th grade,1.57,46.72,No
16 years old,Male,9th grade,1.85,111.13,No
17 years old,Male,11th grade,1.8,64.41,No
16 years old,Female,10th grade,1.6,54.43,No
17 years old,Female,12th grade,1.75,90.72,No
14 years old,Female,9th grade,1.63,64.86,No
17 years old,Male,11th grade,1.73,71.67,No
14 years old,Male,9th grade,1.65,50.8,No
18 years old or older,Female,11th grade,1.57,69.85,No
15 years old,Male,10th grade,1.83,56.7,No
17 years old,Female,12th grade,1.75,88.45,Yes
15 years old,Male,9th grade,1.75,67.13,No
17 years old,Male,11th grade,1.7,74.84,No
17 years old,Male,10th grade,1.52,87.54,Yes
15 years old,Female,9th grade,1.65,95.26,Yes
17 years old,Male,11th grade,1.83,88.45,No
16 years old,Male,11th grade,1.88,90.72,No
16 years old,Male,10th grade,1.83,99.79,No
18 years old or older,Male,12th grade,1.9,115.67,No
15 years old,Male,9th grade,1.8,77.11,No
17 years old,Male,11th grade,1.83,95.26,No
16 years old,Female,10th grade,1.68,51.26,Yes
18 years old or older,Male,12th grade,1.88,102.06,No
14 years old,Male,9th grade,1.68,76.2,Yes
17 years old,Male,11th grade,1.83,106.6,No
15 years old,Male,9th grade,1.98,160.12,No
16 years old,Male,11th grade,1.63,63.5,No
16 years old,Female,10th grade,1.52,100.25,No
15 years old,Male,9th grade,1.78,95.26,No
17 years old,Male,11th grade,1.78,74.39,No
16 years old,Male,10th grade,1.78,71.67,No
18 years old or older,Male,12th grade,1.93,88.91,Yes
15 years old,Female,9th grade,1.68,63.5,No
16 years old,Male,11th grade,1.83,62.14,No
16 years old,Female,10th grade,1.57,45.81,No
14 years old,Female,9th grade,1.63,49.44,Yes
17 years old,Male,11th grade,1.65,86.18,No
15 years old,Male,10th grade,1.85,83.01,No
15 years old,Male,9th grade,1.57,48.99,No
16 years old,Male,11th grade,1.73,81.65,No
16 years old,Male,10th grade,1.6,81.65,No
18 years old or older,Male,12th grade,1.7,68.04,Yes
18 years old or older,Male,12th grade,1.83,74.84,No
15 years old,Male,9th grade,1.7,70.31,Yes
17 years old,Female,11th grade,1.6,71.67,No
15 years old,Female,10th grade,1.57,68.04,No
15 years old,Male,9th grade,1.68,91.17,Yes
17 years old,Male,11th grade,1.8,113.4,Yes
17 years old,Male,11th grade,1.78,108.86,No
16 years old,Female,10th grade,1.5,40.82,Yes
18 years old or older,Male,12th grade,1.8,72.58,No
17 years old,Male,12th grade,1.85,97.52,No
15 years old,Female,9th grade,1.63,58.51,No
15 years old,Male,10th grade,1.88,61.24,Yes
18 years old or older,Female,12th grade,1.65,54.43,No
14 years old,Male,9th grade,1.63,49.9,No
18 years old or older,Male,11th grade,1.8,110.22,No
15 years old,Female,10th grade,1.55,47.63,No
17 years old,Male,12th grade,1.73,74.84,No
15 years old,Female,9th grade,1.73,73.48,Yes
17 years old,Female,12th grade,1.8,83.92,No
15 years old,Male,9th grade,1.7,68.04,Yes
16 years old,Male,10th grade,1.8,82.56,Yes
16 years old,Male,10th grade,1.85,77.11,No
15 years old,Male,9th grade,1.75,86.18,Yes
16 years old,Female,11th grade,1.65,61.24,No
16 years old,Female,10th grade,1.57,56.7,No
17 years old,Female,10th grade,1.63,62.6,No
16 years old,Male,10th grade,1.6,72.58,No
17 years old,Female,12th grade,1.68,86.18,No
17 years old,Male,12th grade,1.85,141.98,No
18 years old or older,Female,12th grade,1.63,67.59,No
18 years old or older,Female,12th grade,1.65,108.41,Yes
18 years old or older,Female,12th grade,1.7,56.7,No
15 years old,Female,10th grade,1.5,42.18,No
16 years old,Female,11th grade,1.57,61.24,No
15 years old,Male,10th grade,1.78,54.43,No
17 years old,Female,12th grade,1.63,91.17,No
15 years old,Male,10th grade,1.78,104.33,No
17 years old,Female,11th grade,1.6,54.43,No
16 years old,Female,10th grade,1.83,127.01,No
17 years old,Male,12th grade,1.73,79.38,No
18 years old or older,Male,12th grade,1.88,113.4,No
15 years old,Male,10th grade,1.9,61.24,No
18 years old or older,Male,12th grade,1.7,99.79,No
16 years old,Male,10th grade,1.68,61.69,Yes
17 years old,Male,12th grade,1.83,88,No
16 years old,Female,9th grade,1.6,45.36,No
18 years old or older,Male,12th grade,1.83,61.24,No
17 years old,Male,11th grade,1.83,70.31,No
17 years old,Female,10th grade,1.6,68.04,No
18 years old or older,Female,12th grade,1.63,52.16,No
17 years old,Male,11th grade,1.73,81.65,No
18 years old or older,Male,12th grade,1.83,68.04,No
15 years old,Female,10th grade,1.68,84.82,Yes
17 years old,Female,11th grade,1.52,58.06,Yes
15 years old,Female,10th grade,1.65,63.5,Yes
16 years old,Female,11th grade,1.65,95.26,Yes
16 years old,Female,10th grade,1.37,49.9,No
18 years old or older,Female,12th grade,1.63,51.26,No
16 years old,Female,10th grade,1.57,64.41,Yes
18 years old or older,Female,12th grade,1.8,129.28,Yes
15 years old,Female,9th grade,1.45,40.82,Yes
18 years old or older,Male,12th grade,1.85,74.84,No
16 years old,Male,9th grade,1.78,70.31,No
15 years old,Female,9th grade,1.57,63.96,Yes
15 years old,Male,9th grade,1.78,54.43,No
18 years old or older,Female,12th grade,1.63,52.16,No
16 years old,Female,9th grade,1.52,58.97,Yes
16 years old,Female,11th grade,1.75,68.04,No
15 years old,Male,9th grade,1.78,58.97,No
18 years old or older,Female,12th grade,1.6,45.36,No
17 years old,Male,12th grade,1.78,176.45,No
18 years old or older,Female,11th grade,1.73,97.52,No
15 years old,Male,9th grade,1.65,52.16,Yes
17 years old,Male,12th grade,1.75,70.31,No
15 years old,Male,9th grade,1.63,56.7,No
17 years old,Female,11th grade,1.65,52.62,Yes
15 years old,Female,9th grade,1.7,69.85,Yes
16 years old,Female,11th grade,1.65,63.96,No
17 years old,Female,11th grade,1.63,63.5,No
17 years old,Female,12th grade,1.63,54.43,No
18 years old or older,Male,12th grade,1.75,72.58,No
16 years old,Male,10th grade,1.88,84.37,No
17 years old,Female,11th grade,1.68,55.79,No
15 years old,Female,10th grade,1.57,31.3,No
16 years old,Male,10th grade,1.8,83.92,No
15 years old,Female,10th grade,1.55,77.11,No
15 years old,Male,10th grade,1.83,64.86,No
17 years old,Female,11th grade,1.75,84.82,No
16 years old,Female,10th grade,1.6,57.15,No
16 years old,Female,10th grade,1.75,64.86,No
17 years old,Female,12th grade,1.73,74.84,No
16 years old,Male,10th grade,1.78,117.94,No
18 years old or older,Female,12th grade,1.65,68.04,No
17 years old,Female,10th grade,1.65,47.63,Yes
16 years old,Male,10th grade,1.83,74.84,No
17 years old,Female,11th grade,1.57,54.43,Yes
16 years old,Female,10th grade,1.65,65.77,Yes
16 years old,Male,10th grade,1.75,56.7,No
17 years old,Male,11th grade,1.78,72.58,No
16 years old,Male,11th grade,1.8,77.11,No
16 years old,Female,10th grade,1.65,81.65,No
17 years old,Male,11th grade,1.9,79.83,Yes
17 years old,Female,10th grade,1.57,59.88,No
16 years old,Female,9th grade,1.68,76.66,Yes
16 years old,Female,10th grade,1.68,54.43,No
14 years old,Male,9th grade,1.7,89.81,No
16 years old,Male,11th grade,1.7,79.38,No
18 years old or older,Male,12th grade,1.78,81.65,No
14 years old,Female,9th grade,1.7,74.84,Yes
17 years old,Female,11th grade,1.78,67.59,No
16 years old,Female,9th grade,1.6,58.97,No
17 years old,Male,11th grade,1.83,63.5,No
17 years old,Female,12th grade,1.63,81.65,Yes
15 years old,Male,9th grade,1.8,77.11,Yes
16 years old,Male,11th grade,1.78,63.5,No
14 years old,Male,9th grade,1.7,81.19,No
15 years old,Female,9th grade,1.65,63.5,No
16 years old,Female,10th grade,1.65,61.24,No
14 years old,Female,9th grade,1.63,99.79,Yes
17 years old,Female,11th grade,1.65,58.97,No
18 years old or older,Female,12th grade,1.65,98.88,No
17 years old,Female,11th grade,1.73,55.79,No
15 years old,Male,10th grade,1.57,49.9,Yes
15 years old,Female,10th grade,1.7,61.24,No
15 years old,Male,9th grade,1.68,133.36,Yes
17 years old,Male,11th grade,1.73,63.5,No
17 years old,Female,12th grade,1.73,99.79,No
17 years old,Male,11th grade,1.88,104.33,No
15 years old,Female,9th grade,1.63,52.16,No
17 years old,Male,11th grade,1.83,61.24,Yes
18 years old or older,Male,12th grade,1.83,102.06,Yes
17 years old,Male,11th grade,1.88,96.16,Yes
15 years old,Female,9th grade,1.68,69.4,No
17 years old,Male,11th grade,1.73,117.94,No
18 years old or older,Male,12th grade,1.83,75.3,No
17 years old,Male,11th grade,1.78,106.6,Yes
17 years old,Male,11th grade,1.83,121.11,No
18 years old or older,Female,12th grade,1.55,95.26,Yes
16 years old,Male,10th grade,1.8,85.28,No
15 years old,Male,9th grade,1.8,83.92,No
16 years old,Female,11th grade,1.68,74.39,No
18 years old or older,Male,12th grade,1.8,58.97,No
16 years old,Male,10th grade,1.73,68.95,Yes
16 years old,Male,10th grade,1.78,65.77,No
14 years old,Male,9th grade,1.68,68.04,No
16 years old,Male,10th grade,1.83,124.74,No
15 years old,Female,9th grade,1.52,49.9,Yes
16 years old,Male,11th grade,1.7,68.95,No
17 years old,Male,12th grade,1.78,89.81,Yes
16 years old,Female,10th grade,1.65,53.52,No
16 years old,Female,10th grade,1.65,86.18,Yes
17 years old,Female,11th grade,1.57,65.77,No
17 years old,Male,11th grade,1.9,86.18,No
14 years old,Male,9th grade,1.68,61.69,No
15 years old,Male,9th grade,1.68,58.97,Yes
17 years old,Male,11th grade,1.83,133.81,No
16 years old,Female,10th grade,1.6,61.24,No
18 years old or older,Male,12th grade,1.75,65.77,Yes
14 years old,Female,9th grade,1.6,73.94,No
15 years old,Female,10th grade,1.63,95.26,No
15 years old,Male,9th grade,1.88,113.4,Yes
17 years old,Female,11th grade,1.57,44.91,Yes
17 years old,Male,11th grade,1.8,68.04,No
16 years old,Female,11th grade,1.57,46.72,No
17 years old,Female,11th grade,1.65,56.7,No
17 years old,Male,11th grade,1.7,54.43,No
18 years old or older,Male,12th grade,1.7,68.04,No
16 years old,Male,10th grade,1.83,97.52,Yes
15 years old,Male,9th grade,1.78,66.68,No
16 years old,Female,10th grade,1.65,58.51,No
14 years old,Female,9th grade,1.73,127.01,Yes
15 years old,Female,10th grade,1.5,71.22,No
17 years old,Male,11th grade,1.83,63.5,No
14 years old,Male,9th grade,1.73,72.58,No
17 years old,Female,11th grade,1.6,56.25,No
15 years old,Male,9th grade,1.75,62.6,Yes
16 years old,Female,10th grade,1.55,49.9,No
15 years old,Male,9th grade,1.85,61.24,No
16 years old,Female,10th grade,1.63,72.58,No
14 years old,Male,9th grade,1.65,54.89,No
16 years old,Female,9th grade,1.63,104.33,Yes
15 years old,Female,9th grade,1.55,48.08,No
14 years old,Female,9th grade,1.57,44.91,Yes
16 years old,Female,11th grade,1.63,36.29,Yes
15 years old,Female,9th grade,1.63,52.16,No
17 years old,Male,12th grade,1.75,108.86,No
15 years old,Male,9th grade,1.83,80.74,No
18 years old or older,Male,12th grade,1.73,72.58,No
15 years old,Male,9th grade,1.8,63.5,No
18 years old or older,Male,12th grade,1.78,86.18,Yes
18 years old or older,Male,12th grade,1.78,96.62,No
15 years old,Male,9th grade,1.68,65.77,No
18 years old or older,Male,12th grade,2.01,90.72,Yes
15 years old,Female,9th grade,1.6,52.16,No
17 years old,Male,12th grade,1.8,65.77,No
14 years old,Female,9th grade,1.65,53.52,No
16 years old,Male,9th grade,1.78,65.77,No
18 years old or older,Male,12th grade,1.83,90.72,No
18 years old or older,Male,12th grade,1.8,63.5,No
15 years old,Male,9th grade,1.75,54.43,Yes
18 years old or older,Male,12th grade,1.93,107.96,No
15 years old,Female,9th grade,1.5,58.51,No
18 years old or older,Male,12th grade,1.83,83.92,No
18 years old or older,Male,12th grade,1.96,127.01,No
15 years old,Female,9th grade,1.63,58.97,No
17 years old,Male,12th grade,1.85,63.5,Yes
14 years old,Female,9th grade,1.68,49.9,Yes
15 years old,Female,9th grade,1.63,84.37,Yes
14 years old,Male,9th grade,1.85,64.41,No
18 years old or older,Male,12th grade,1.83,145.15,No
14 years old,Female,9th grade,1.63,69.85,No
18 years old or older,Female,12th grade,1.68,113.4,Yes
17 years old,Male,12th grade,1.75,81.65,No
18 years old or older,Male,12th grade,1.83,59.42,No
14 years old,Female,9th grade,1.7,65.77,No
18 years old or older,Male,12th grade,1.68,65.77,No
18 years old or older,Female,12th grade,1.65,63.5,Yes
18 years old or older,Female,12th grade,1.6,90.72,Yes
16 years old,Male,9th grade,1.73,59.42,Yes
18 years old or older,Male,12th grade,1.75,104.33,No
14 years old,Female,9th grade,1.63,60.78,Yes
17 years old,Female,12th grade,1.65,62.6,Yes
18 years old or older,Male,12th grade,1.63,65.77,Yes
16 years old,Male,9th grade,1.75,113.85,Yes
15 years old,Female,9th grade,1.7,77.11,Yes
18 years old or older,Male,12th grade,1.8,66.23,No
15 years old,Female,9th grade,1.52,52.16,No
18 years old or older,Male,12th grade,1.8,73.94,No
15 years old,Male,9th grade,2.01,68.95,No
17 years old,Female,12th grade,1.63,53.52,Yes
14 years old,Female,9th grade,1.57,49.9,Yes
15 years old,Male,9th grade,1.6,50.35,No
15 years old,Male,9th grade,1.8,124.74,No
18 years old or older,Male,12th grade,1.88,81.65,No
14 years old,Female,9th grade,1.65,48.08,Yes
18 years old or older,Male,12th grade,1.78,53.52,Yes
18 years old or older,Male,12th grade,1.8,115.67,Yes
15 years old,Female,9th grade,1.55,45.36,No
18 years old or older,Male,12th grade,1.85,63.5,No
15 years old,Male,9th grade,1.83,70.31,No
18 years old or older,Female,12th grade,1.63,90.72,No
15 years old,Female,9th grade,1.68,51.26,Yes
18 years old or older,Female,12th grade,1.65,56.7,No
15 years old,Male,9th grade,1.83,68.04,No
18 years old or older,Female,12th grade,1.73,61.24,No
14 years old,Female,9th grade,1.65,83.92,No
17 years old,Male,12th grade,1.9,72.58,No
14 years old,Male,9th grade,1.78,99.79,No
18 years old or older,Male,12th grade,1.85,83.92,No
16 years old,Male,10th grade,1.75,58.97,No
18 years old or older,Male,12th grade,1.7,72.58,No
18 years old or older,Female,12th grade,1.52,53.07,No
16 years old,Female,11th grade,1.55,86.18,No
15 years old,Female,10th grade,1.63,45.36,No
16 years old,Male,11th grade,1.78,57.61,No
18 years old or older,Female,12th grade,1.63,52.16,Yes
16 years old,Male,11th grade,1.7,70.31,No
16 years old,Male,10th grade,1.78,68.04,No
17 years old,Male,11th grade,1.83,79.38,No
17 years old,Male,12th grade,1.83,74.84,No
16 years old,Male,11th grade,1.65,55.79,No
16 years old,Male,10th grade,1.8,86.18,No
17 years old,Male,11th grade,1.88,68.04,No
18 years old or older,Female,12th grade,1.55,65.77,No
17 years old,Male,11th grade,1.7,52.62,No
16 years old,Male,10th grade,1.83,90.72,No
17 years old,Male,11th grade,1.85,77.11,No
18 years old or older,Female,12th grade,1.55,42.18,No
17 years old,Male,11th grade,1.68,111.13,Yes
18 years old or older,Male,12th grade,1.8,83.46,No
16 years old,Male,10th grade,1.75,81.65,No
15 years old,Male,10th grade,1.78,70.31,No
17 years old,Female,11th grade,1.65,79.38,Yes
18 years old or older,Female,12th grade,1.65,56.7,Yes
17 years old,Female,11th grade,1.7,81.65,No
17 years old,Female,12th grade,1.63,69.4,Yes
15 years old,Male,10th grade,1.68,66.68,Yes
16 years old,Male,10th grade,1.78,59.42,Yes
17 years old,Male,11th grade,1.68,58.97,No
18 years old or older,Female,12th grade,1.57,53.07,No
17 years old,Male,11th grade,1.83,81.65,No
18 years old or older,Female,12th grade,1.7,56.7,Yes
17 years old,Male,11th grade,1.88,82.1,No
16 years old,Female,10th grade,1.57,57.61,No
16 years old,Female,11th grade,1.52,46.72,No
18 years old or older,Female,12th grade,1.65,79.38,No
17 years old,Male,11th grade,1.88,82.56,No
17 years old,Female,12th grade,1.73,90.72,No
16 years old,Female,10th grade,1.6,65.77,Yes
16 years old,Female,11th grade,1.57,76.2,No
17 years old,Female,12th grade,1.63,62.6,No
17 years old,Female,11th grade,1.63,62.6,No
16 years old,Female,10th grade,1.7,47.63,No
17 years old,Male,11th grade,1.78,63.5,No
18 years old or older,Male,12th grade,1.68,72.58,Yes
17 years old,Female,11th grade,1.65,54.43,Yes
17 years old,Male,12th grade,1.9,68.04,No
16 years old,Male,10th grade,1.88,58.97,No
18 years old or older,Male,11th grade,1.68,68.04,No
17 years old,Female,11th grade,1.5,65.77,Yes
17 years old,Female,11th grade,1.63,45.36,Yes
18 years old or older,Male,12th grade,1.7,81.65,No
15 years old,Female,10th grade,1.65,54.43,Yes
17 years old,Female,11th grade,1.7,72.58,Yes
17 years old,Female,11th grade,1.63,53.52,No
15 years old,Female,10th grade,1.63,51.71,Yes
16 years old,Male,11th grade,1.73,58.97,No
16 years old,Female,11th grade,1.52,56.7,No
18 years old or older,Female,12th grade,1.7,65.77,No
16 years old,Male,10th grade,1.93,81.65,No
16 years old,Male,10th grade,1.6,56.7,Yes
16 years old,Female,11th grade,1.6,79.38,No
17 years old,Female,12th grade,1.63,52.16,No
17 years old,Female,11th grade,1.68,54.43,No
18 years old or older,Male,12th grade,1.7,77.11,No
16 years old,Female,10th grade,1.68,63.05,No
16 years old,Female,10th grade,1.6,52.16,No
16 years old,Female,11th grade,1.6,44.45,Yes
18 years old or older,Female,12th grade,1.65,98.88,No
16 years old,Male,11th grade,1.88,122.93,No
18 years old or older,Male,12th grade,1.75,63.5,Yes
16 years old,Male,10th grade,1.68,55.34,No
18 years old or older,Male,11th grade,1.68,68.04,No
17 years old,Male,12th grade,1.78,68.04,No
17 years old,Female,11th grade,1.63,74.39,No
16 years old,Male,10th grade,1.85,61.24,Yes
16 years old,Male,11th grade,1.73,61.69,No
18 years old or older,Female,12th grade,1.52,79.38,No
18 years old or older,Male,12th grade,1.78,67.13,No
16 years old,Female,10th grade,1.7,59.42,No
18 years old or older,Male,11th grade,1.93,127.01,Yes
17 years old,Female,12th grade,1.63,49.9,No
16 years old,Male,11th grade,1.88,72.58,Yes
18 years old or older,Male,12th grade,1.8,129.28,No
16 years old,Female,10th grade,1.57,47.63,No
16 years old,Male,10th grade,1.83,61.24,No
16 years old,Male,11th grade,1.8,56.7,No
17 years old,Female,12th grade,1.57,61.24,No
16 years old,Male,10th grade,1.83,58.06,No
16 years old,Female,10th grade,1.65,93.44,No
17 years old,Female,12th grade,1.7,47.63,No
15 years old,Male,10th grade,1.75,61.24,No
16 years old,Female,10th grade,1.57,121.56,No
16 years old,Female,11th grade,1.55,42.18,No
18 years old or older,Male,12th grade,1.68,54.43,No
18 years old or older,Male,12th grade,1.85,74.84,No
17 years old,Female,11th grade,1.52,61.24,Yes
16 years old,Male,10th grade,1.75,56.7,No
18 years old or older,Male,12th grade,1.88,151.96,No
17 years old,Male,10th grade,1.7,90.72,No
17 years old,Male,11th grade,1.83,104.33,No
18 years old or older,Female,12th grade,1.57,61.24,No
16 years old,Male,10th grade,1.78,68.04,Yes
18 years old or older,Female,12th grade,1.63,63.5,Yes
15 years old,Female,10th grade,1.65,86.18,Yes
16 years old,Male,10th grade,1.78,63.5,No
18 years old or older,Female,12th grade,1.7,104.33,Yes
18 years old or older,Female,11th grade,1.63,80.29,Yes
18 years old or older,Male,11th grade,1.65,69.4,No
17 years old,Female,11th grade,1.6,58.97,Yes
17 years old,Female,12th grade,1.63,72.58,No
18 years old or older,Male,11th grade,1.93,92.99,No
17 years old,Male,10th grade,1.8,58.97,No
17 years old,Female,10th grade,1.55,50.35,Yes
15 years old,Female,9th grade,1.52,44,No
18 years old or older,Male,12th grade,1.93,111.13,No
18 years old or older,Male,11th grade,1.73,70.31,No
16 years old,Male,10th grade,1.75,58.06,No
18 years old or older,Female,10th grade,1.63,74.84,Yes
16 years old,Female,9th grade,1.7,58.97,Yes
17 years old,Female,11th grade,1.57,68.04,No
17 years old,Male,10th grade,1.8,79.83,No
16 years old,Female,10th grade,1.68,54.43,No
15 years old,Female,9th grade,1.52,49.9,No
18 years old or older,Male,12th grade,1.85,122.47,No
17 years old,Female,11th grade,1.6,58.97,No
17 years old,Male,10th grade,1.73,77.11,No
16 years old,Female,10th grade,1.63,65.77,No
15 years old,Male,9th grade,1.8,79.83,Yes
18 years old or older,Male,12th grade,1.88,180.99,No
17 years old,Female,11th grade,1.65,66.68,No
17 years old,Male,10th grade,1.75,83.92,No
16 years old,Female,10th grade,1.73,60.78,No
15 years old,Male,9th grade,1.73,50.8,No
18 years old or older,Female,12th grade,1.6,61.24,No
17 years old,Female,11th grade,1.73,61.24,Yes
16 years old,Female,10th grade,1.6,58.97,No
16 years old,Male,10th grade,1.73,54.43,Yes
15 years old,Female,9th grade,1.65,49.9,No
18 years old or older,Male,12th grade,2.01,78.02,No
17 years old,Female,11th grade,1.63,47.63,No
16 years old,Male,10th grade,1.83,64.41,No
17 years old,Male,11th grade,1.78,56.7,No
16 years old,Female,10th grade,1.6,56.7,No
17 years old,Female,10th grade,1.6,58.06,No
15 years old,Female,9th grade,1.7,58.97,No
16 years old,Male,11th grade,1.85,81.65,No
14 years old,Female,9th grade,1.63,52.16,Yes
17 years old,Male,11th grade,1.83,63.5,No
16 years old,Male,10th grade,1.73,59.88,No
15 years old,Female,9th grade,1.63,51.71,No
18 years old or older,Female,12th grade,1.65,77.11,No
18 years old or older,Female,11th grade,1.68,56.25,Yes
16 years old,Female,10th grade,1.73,58.06,Yes
17 years old,Male,10th grade,1.85,75.3,No
15 years old,Female,9th grade,1.63,88.91,No
16 years old,Male,11th grade,1.78,62.6,No
16 years old,Male,10th grade,1.85,70.31,No
15 years old,Male,9th grade,1.65,98.43,No
18 years old or older,Male,12th grade,1.83,117.94,No
18 years old or older,Female,11th grade,1.68,78.93,No
16 years old,Male,10th grade,1.73,81.65,No
16 years old,Male,10th grade,1.65,49.9,No
14 years old,Female,9th grade,1.55,65.77,No
17 years old,Female,12th grade,1.6,54.43,No
17 years old,Female,11th grade,1.75,72.58,No
17 years old,Male,10th grade,1.88,131.54,No
15 years old,Female,9th grade,1.52,43.09,No
15 years old,Female,9th grade,1.57,77.11,Yes
18 years old or older,Female,12th grade,1.7,104.33,No
18 years old or older,Male,12th grade,1.98,95.26,No
16 years old,Female,10th grade,1.75,62.14,No
16 years old,Male,10th grade,1.8,56.7,No
16 years old,Male,9th grade,1.65,68.04,No
16 years old,Male,9th grade,1.5,54.43,No
18 years old or older,Male,12th grade,1.8,63.5,No
17 years old,Male,11th grade,1.85,72.58,No
16 years old,Female,9th grade,1.55,74.84,No
17 years old,Male,11th grade,1.83,82.56,No
15 years old,Female,9th grade,1.68,72.58,Yes
17 years old,Male,11th grade,1.8,74.84,No
16 years old,Female,11th grade,1.68,113.4,No
16 years old,Male,9th grade,1.65,55.34,No
17 years old,Female,11th grade,1.55,49.9,No
15 years old,Female,9th grade,1.68,86.18,No
17 years old,Male,11th grade,1.75,77.11,No
16 years old,Female,9th grade,1.57,47.63,No
18 years old or older,Male,12th grade,1.9,74.84,No
18 years old or older,Female,12th grade,1.73,81.65,No
15 years old,Female,9th grade,1.57,40.82,No
17 years old,Female,11th grade,1.7,67.13,Yes
16 years old,Male,10th grade,1.83,49.44,No
15 years old,Female,9th grade,1.73,77.11,Yes
17 years old,Male,11th grade,1.75,180.99,No
15 years old,Female,9th grade,1.63,49.44,No
18 years old or older,Male,12th grade,1.7,104.33,No
18 years old or older,Female,12th grade,1.65,62.6,No
14 years old,Female,9th grade,1.68,74.39,No
18 years old or older,Male,11th grade,1.78,83.92,No
18 years old or older,Male,12th grade,1.73,74.39,No
15 years old,Male,9th grade,1.73,68.04,Yes
18 years old or older,Female,12th grade,1.63,68.04,No
18 years old or older,Male,12th grade,1.73,74.39,No
14 years old,Female,9th grade,1.63,60.33,No
18 years old or older,Male,12th grade,1.83,127.01,No
15 years old,Female,9th grade,1.5,63.5,No
18 years old or older,Male,12th grade,1.8,63.5,No
15 years old,Male,9th grade,1.75,70.31,No
17 years old,Female,11th grade,1.57,61.24,No
14 years old,Female,9th grade,1.63,68.04,No
18 years old or older,Female,11th grade,1.68,104.33,No
15 years old,Female,9th grade,1.7,81.65,Yes
16 years old,Male,9th grade,1.68,84.37,Yes
18 years old or older,Female,12th grade,1.68,50.8,No
17 years old,Female,12th grade,1.6,65.77,No
17 years old,Female,12th grade,1.57,59.88,Yes
18 years old or older,Female,12th grade,1.63,45.36,Yes
18 years old or older,Female,12th grade,1.73,65.77,No
16 years old,Male,9th grade,1.73,61.24,Yes
17 years old,Female,11th grade,1.6,69.85,Yes
15 years old,Male,9th grade,1.78,68.04,No
17 years old,Male,11th grade,1.73,72.58,No
17 years old,Female,11th grade,1.6,94.35,Yes
16 years old,Male,11th grade,1.8,68.04,No
16 years old,Male,10th grade,1.83,72.58,Yes
14 years old,Female,9th grade,1.57,65.77,No
17 years old,Female,11th grade,1.57,56.7,No
15 years old,Female,9th grade,1.7,68.04,Yes
15 years old,Female,9th grade,1.73,106.14,Yes
18 years old or older,Male,11th grade,1.7,67.13,No
15 years old,Female,10th grade,1.7,56.7,No
16 years old,Female,10th grade,1.6,47.63,No
15 years old,Male,10th grade,1.6,104.33,Yes
16 years old,Female,10th grade,1.55,81.65,No
15 years old,Female,9th grade,1.7,63.05,No
16 years old,Male,10th grade,1.83,97.52,No
17 years old,Male,11th grade,1.7,73.94,No
16 years old,Male,10th grade,1.78,56.7,No
15 years old,Male,9th grade,1.78,79.38,Yes
14 years old,Female,9th grade,1.65,57.15,Yes
17 years old,Female,10th grade,1.6,97.52,No
15 years old,Female,9th grade,1.57,87.09,No
15 years old,Female,9th grade,1.68,54.43,No
18 years old or older,Male,12th grade,1.85,61.24,No
14 years old,Female,9th grade,1.63,56.25,No
17 years old,Male,11th grade,1.7,70.31,No
16 years old,Female,11th grade,1.57,72.58,No
15 years old,Female,9th grade,1.75,62.14,Yes
17 years old,Male,11th grade,1.73,86.18,Yes
15 years old,Female,10th grade,1.63,49.9,No
15 years old,Male,10th grade,1.57,52.16,No
15 years old,Male,9th grade,1.83,90.72,No
16 years old,Male,10th grade,1.83,74.84,No
16 years old,Male,10th grade,1.83,79.38,Yes
16 years old,Male,10th grade,1.73,60.33,No
16 years old,Male,10th grade,1.78,131.09,No
17 years old,Female,11th grade,1.57,55.34,Yes
14 years old,Female,9th grade,1.8,48.54,No
15 years old,Male,10th grade,1.7,58.97,Yes
15 years old,Male,9th grade,1.78,115.21,No
15 years old,Male,9th grade,1.8,88.45,No
17 years old,Male,10th grade,1.7,74.84,Yes
16 years old,Male,10th grade,1.85,107.05,No
15 years old,Male,9th grade,1.78,69.85,No
16 years old,Male,10th grade,1.88,90.72,Yes
17 years old,Female,11th grade,1.63,90.72,No
16 years old,Female,10th grade,1.6,61.24,No
18 years old or older,Female,12th grade,1.63,48.08,No
14 years old,Female,9th grade,1.65,80.74,No
18 years old or older,Male,12th grade,1.98,77.11,No
15 years old,Male,10th grade,1.65,47.63,No
15 years old,Male,10th grade,1.65,72.58,No
18 years old or older,Male,12th grade,1.8,95.26,No
16 years old,Male,10th grade,1.83,72.58,No
17 years old,Female,11th grade,1.57,72.12,No
16 years old,Female,11th grade,1.68,92.08,No
15 years old,Male,9th grade,1.8,100.25,No
14 years old,Female,9th grade,1.6,45.36,Yes
15 years old,Male,9th grade,1.83,88.45,No
15 years old,Female,9th grade,1.63,47.17,No
16 years old,Female,11th grade,1.6,52.16,No
14 years old,Female,9th grade,1.68,58.97,Yes
18 years old or older,Female,12th grade,1.52,44.45,Yes
16 years old,Male,10th grade,1.85,77.11,No
15 years old,Male,9th grade,1.78,144.7,No
15 years old,Male,9th grade,1.7,72.58,No
16 years old,Female,10th grade,1.57,68.04,Yes
15 years old,Male,10th grade,1.8,109.77,Yes
18 years old or older,Female,12th grade,1.7,72.58,No
15 years old,Male,9th grade,1.7,74.84,No
14 years old,Female,9th grade,1.68,38.56,No
16 years old,Male,10th grade,1.83,97.98,No
15 years old,Male,9th grade,1.7,54.43,No
15 years old,Female,9th grade,1.65,53.52,Yes
17 years old,Male,11th grade,1.78,73.48,No
18 years old or older,Male,11th grade,1.75,57.15,Yes
14 years old,Female,9th grade,1.65,38.56,No
17 years old,Female,11th grade,1.65,61.24,Yes
15 years old,Female,9th grade,1.65,86.18,Yes
15 years old,Female,10th grade,1.6,54.43,No
15 years old,Male,9th grade,1.8,49.9,No
17 years old,Female,11th grade,1.6,61.24,No
17 years old,Female,11th grade,1.57,81.65,No
17 years old,Male,12th grade,1.63,86.18,No
16 years old,Male,11th grade,1.75,68.04,No
16 years old,Male,10th grade,1.73,58.97,No
16 years old,Female,9th grade,1.57,53.07,Yes
17 years old,Male,10th grade,1.78,77.11,No
17 years old,Male,11th grade,1.7,56.7,No
17 years old,Male,11th grade,1.88,81.65,Yes
18 years old or older,Female,12th grade,1.6,58.06,Yes
16 years old,Male,10th grade,1.8,92.53,No
17 years old,Female,11th grade,1.6,108.86,Yes
16 years old,Female,11th grade,1.7,70.31,No
15 years old,Female,9th grade,1.65,65.77,No
16 years old,Female,10th grade,1.55,49.9,No
16 years old,Male,10th grade,1.68,68.04,Yes
14 years old,Male,9th grade,1.8,59.88,No
18 years old or older,Male,12th grade,1.78,83.46,No
16 years old,Male,10th grade,1.7,89.81,No
14 years old,Male,9th grade,1.88,76.2,No
14 years old,Female,9th grade,1.57,47.63,No
17 years old,Female,10th grade,1.47,49.9,Yes
15 years old,Male,9th grade,1.83,65.77,No
16 years old,Female,10th grade,1.57,54.43,No
16 years old,Female,10th grade,1.6,78.02,No
15 years old,Female,9th grade,1.63,88,No
15 years old,Male,9th grade,1.65,53.98,No
14 years old,Female,9th grade,1.57,44.45,No
15 years old,Female,9th grade,1.63,43.09,Yes
17 years old,Male,11th grade,1.75,77.11,Yes
16 years old,Male,10th grade,1.88,83.92,No
16 years old,Male,10th grade,1.78,68.04,No
15 years old,Female,9th grade,1.65,50.35,No
15 years old,Male,10th grade,1.75,63.5,No
15 years old,Male,9th grade,1.8,54.43,No
16 years old,Female,10th grade,1.65,83.92,No
16 years old,Female,10th grade,1.73,67.59,No
17 years old,Female,11th grade,1.65,74.84,No
17 years old,Female,11th grade,1.68,93.9,No
15 years old,Female,9th grade,1.63,89.81,Yes
16 years old,Male,10th grade,1.75,68.04,No
15 years old,Male,9th grade,1.73,70.76,No
15 years old,Female,10th grade,1.5,54.43,No
16 years old,Male,10th grade,1.8,140.62,No
18 years old or older,Female,12th grade,1.75,50.8,Yes
15 years old,Female,9th grade,1.57,58.97,No
16 years old,Male,11th grade,1.83,52.16,No
17 years old,Female,11th grade,1.52,63.5,No
15 years old,Female,10th grade,1.57,44,No
18 years old or older,Female,12th grade,1.68,72.58,Yes
17 years old,Female,10th grade,1.73,51.26,No
18 years old or older,Female,12th grade,1.68,69.85,No
18 years old or older,Male,12th grade,1.88,131.54,Yes
15 years old,Female,9th grade,1.52,56.7,No
17 years old,Male,11th grade,1.78,79.38,No
18 years old or older,Male,12th grade,1.73,86.18,No
17 years old,Male,12th grade,1.83,68.04,No
16 years old,Male,10th grade,1.83,74.84,No
16 years old,Male,9th grade,1.73,72.58,No
15 years old,Female,9th grade,1.5,53.98,No
17 years old,Male,12th grade,1.88,77.11,No
18 years old or older,Male,11th grade,1.88,73.03,No
18 years old or older,Male,12th grade,1.9,122.47,No
15 years old,Female,9th grade,1.7,90.72,No
17 years old,Male,11th grade,1.68,72.58,No
18 years old or older,Male,12th grade,1.75,81.65,No
16 years old,Female,11th grade,1.55,102.51,No
17 years old,Female,12th grade,1.6,68.04,No
16 years old,Male,11th grade,1.9,83.46,No
16 years old,Female,11th grade,1.63,63.05,No
16 years old,Female,11th grade,1.73,52.16,No
18 years old or older,Female,12th grade,1.68,108.86,No
17 years old,Male,11th grade,1.7,64.41,No
18 years old or older,Male,12th grade,1.75,52.16,No
16 years old,Female,11th grade,1.68,85.28,No
18 years old or older,Male,12th grade,1.78,58.97,No
16 years old,Female,10th grade,1.65,61.24,Yes
16 years old,Female,11th grade,1.65,52.16,No
18 years old or older,Male,12th grade,1.73,73.03,No
16 years old,Female,10th grade,1.68,61.24,No
17 years old,Male,11th grade,1.88,117.94,No
18 years old or older,Female,12th grade,1.65,58.97,Yes
17 years old,Male,11th grade,1.93,83.92,No
18 years old or older,Female,12th grade,1.6,52.16,Yes
15 years old,Male,10th grade,1.7,82.1,No
18 years old or older,Male,11th grade,1.85,65.77,No
18 years old or older,Male,12th grade,2.03,180.99,Yes
17 years old,Male,10th grade,1.65,66.23,No
15 years old,Male,9th grade,1.73,106.6,No
16 years old,Female,11th grade,1.55,44.45,No
18 years old or older,Male,12th grade,1.78,100.7,No
16 years old,Female,10th grade,1.73,92.99,No
16 years old,Female,9th grade,1.6,58.06,No
15 years old,Female,9th grade,1.57,53.07,Yes
17 years old,Female,11th grade,1.68,56.7,No
17 years old,Female,12th grade,1.45,38.56,No
15 years old,Male,9th grade,1.78,70.31,Yes
18 years old or older,Female,12th grade,1.7,63.5,Yes
15 years old,Female,9th grade,1.55,61.24,Yes
18 years old or older,Female,12th grade,1.6,56.7,No
15 years old,Male,9th grade,1.78,65.32,No
15 years old,Male,9th grade,1.8,107.05,No
18 years old or older,Male,12th grade,1.7,76.66,No
16 years old,Male,10th grade,1.83,95.26,Yes
16 years old,Female,11th grade,1.52,79.38,No
18 years old or older,Male,12th grade,1.88,86.18,No
16 years old,Female,10th grade,1.78,75.3,No
15 years old,Female,9th grade,1.7,52.16,No
17 years old,Female,12th grade,1.7,104.33,No
14 years old,Female,9th grade,1.65,81.65,No
15 years old,Male,9th grade,1.7,52.16,No
17 years old,Female,11th grade,1.65,63.5,No
16 years old,Male,9th grade,1.83,73.94,No
17 years old,Female,11th grade,1.55,52.16,No
18 years old or older,Male,12th grade,1.96,127.01,No
14 years old,Female,9th grade,1.73,52.62,No
15 years old,Male,9th grade,1.73,80.74,No
17 years old,Female,11th grade,1.6,63.5,No
18 years old or older,Female,12th grade,1.68,91.63,No
15 years old,Male,9th grade,1.65,104.33,Yes
17 years old,Female,12th grade,1.7,95.26,Yes
17 years old,Male,11th grade,1.78,76.66,No
15 years old,Male,9th grade,1.65,49.9,Yes
14 years old,Male,9th grade,1.78,65.77,No
17 years old,Female,11th grade,1.6,56.7,No
18 years old or older,Female,12th grade,1.63,61.24,No
16 years old,Male,10th grade,1.75,117.94,No
16 years old,Male,9th grade,1.78,61.24,No
15 years old,Male,9th grade,1.78,62.6,No
18 years old or older,Male,12th grade,1.85,117.94,No
16 years old,Male,10th grade,1.63,45.81,No
15 years old,Female,9th grade,1.6,56.7,No
16 years old,Female,11th grade,1.73,108.86,Yes
18 years old or older,Male,12th grade,1.78,80.74,Yes
14 years old,Female,9th grade,1.8,83.92,Yes
14 years old,Female,9th grade,1.57,56.7,No
15 years old,Female,9th grade,1.68,50.8,No
15 years old,Male,9th grade,1.85,86.18,Yes
15 years old,Male,9th grade,1.73,74.84,No
14 years old,Female,9th grade,1.65,95.26,Yes
16 years old,Female,9th grade,1.6,40.82,No
15 years old,Male,9th grade,1.8,71.22,No
15 years old,Male,9th grade,1.75,54.43,No
15 years old,Male,9th grade,1.7,48.54,Yes
16 years old,Female,9th grade,1.73,161.48,Yes
16 years old,Male,9th grade,1.8,63.5,No
17 years old,Female,12th grade,1.57,61.24,No
16 years old,Female,10th grade,1.65,65.77,Yes
18 years old or older,Female,11th grade,1.68,49.9,Yes
18 years old or older,Male,11th grade,1.75,88,Yes
16 years old,Female,11th grade,1.52,45.36,Yes
18 years old or older,Female,12th grade,1.65,61.24,No
17 years old,Female,10th grade,1.65,45.36,Yes
18 years old or older,Male,12th grade,1.88,86.18,No
16 years old,Male,10th grade,1.78,63.5,Yes
17 years old,Female,11th grade,1.63,81.65,Yes
16 years old,Male,9th grade,1.65,63.5,No
17 years old,Male,11th grade,1.83,90.72,No
17 years old,Male,11th grade,1.78,99.79,Yes
16 years old,Female,10th grade,1.52,52.16,Yes
18 years old or older,Male,12th grade,1.75,74.84,No
18 years old or older,Male,12th grade,1.83,81.65,Yes
15 years old,Female,10th grade,1.68,49.9,Yes
15 years old,Female,9th grade,1.6,54.43,No
16 years old,Male,11th grade,1.88,79.38,Yes
16 years old,Male,11th grade,1.83,80.74,Yes
16 years old,Male,10th grade,1.73,59.88,No
18 years old or older,Female,12th grade,1.73,92.99,Yes
17 years old,Male,10th grade,1.83,70.31,No
15 years old,Male,9th grade,1.75,69.4,No
16 years old,Female,11th grade,1.75,73.94,No
17 years old,Female,11th grade,1.57,56.7,No
18 years old or older,Male,12th grade,1.65,89.36,No
17 years old,Female,12th grade,1.57,56.7,No
17 years old,Female,10th grade,1.6,76.2,No
18 years old or older,Male,12th grade,1.9,77.11,No
16 years old,Female,9th grade,1.5,50.35,Yes
17 years old,Female,11th grade,1.35,77.11,No
17 years old,Male,11th grade,1.7,68.04,No
16 years old,Male,10th grade,1.68,58.97,No
18 years old or older,Male,12th grade,1.9,68.04,No
18 years old or older,Male,12th grade,1.88,94.35,No
17 years old,Female,12th grade,1.73,81.65,Yes
17 years old,Female,11th grade,1.73,83.92,Yes
15 years old,Female,9th grade,1.65,57.15,No
16 years old,Female,11th grade,1.68,58.97,No
16 years old,Male,10th grade,1.73,65.77,No
18 years old or older,Female,12th grade,1.75,99.79,Yes
18 years old or older,Female,12th grade,1.73,123.83,No
18 years old or older,Female,12th grade,1.6,50.8,Yes
16 years old,Male,10th grade,1.8,81.65,No
18 years old or older,Male,12th grade,1.88,77.11,No
16 years old,Female,10th grade,1.73,77.11,No
17 years old,Male,12th grade,1.73,84.82,No
15 years old,Female,10th grade,1.6,113.4,Yes
17 years old,Male,12th grade,1.93,122.47,No
17 years old,Male,11th grade,1.73,55.79,No
14 years old,Female,9th grade,1.65,79.38,Yes
17 years old,Male,11th grade,1.75,86.18,Yes
16 years old,Male,9th grade,1.68,50.35,No
16 years old,Male,10th grade,1.73,95.26,No
18 years old or older,Male,12th grade,1.83,61.24,No
18 years old or older,Female,12th grade,1.65,52.16,No
18 years old or older,Male,12th grade,1.83,83.46,No
18 years old or older,Male,12th grade,1.83,83.92,No
15 years old,Female,9th grade,1.63,51.26,Yes
16 years old,Male,11th grade,1.65,40.82,No
16 years old,Female,11th grade,1.6,58.97,No
18 years old or older,Female,12th grade,1.78,75.3,No
16 years old,Male,9th grade,1.83,81.65,No
16 years old,Female,11th grade,1.65,77.11,No
16 years old,Male,11th grade,1.88,104.33,No
18 years old or older,Female,12th grade,1.7,68.04,No
16 years old,Female,11th grade,1.68,54.43,No
15 years old,Male,9th grade,1.83,65.32,Yes
17 years old,Male,11th grade,1.88,140.62,No
17 years old,Female,11th grade,1.73,113.4,No
16 years old,Male,10th grade,1.73,81.65,No
18 years old or older,Female,12th grade,1.55,48.99,No
18 years old or older,Male,12th grade,1.73,99.79,No
18 years old or older,Female,11th grade,1.68,99.79,No
15 years old,Male,9th grade,1.88,77.11,No
17 years old,Female,11th grade,1.6,56.7,Yes
16 years old,Female,10th grade,1.6,54.43,Yes
18 years old or older,Female,12th grade,1.63,54.43,No
17 years old,Female,11th grade,1.42,47.63,No
15 years old,Male,9th grade,1.75,58.97,No
17 years old,Male,11th grade,1.73,82.56,No
15 years old,Female,10th grade,1.7,72.58,Yes
18 years old or older,Male,12th grade,1.8,76.2,No
17 years old,Male,11th grade,1.75,67.13,No
15 years old,Female,9th grade,1.73,72.58,No
16 years old,Female,10th grade,1.65,58.97,No
18 years old or older,Male,12th grade,1.83,81.65,No
15 years old,Female,9th grade,1.55,58.97,No
16 years old,Male,11th grade,1.83,61.24,No
17 years old,Male,11th grade,1.65,106.6,No
17 years old,Female,12th grade,1.73,122.47,Yes
18 years old or older,Female,12th grade,1.63,68.04,Yes
15 years old,Male,9th grade,1.85,81.65,No
18 years old or older,Female,11th grade,1.52,72.58,No
17 years old,Female,10th grade,1.65,67.13,Yes
17 years old,Female,12th grade,1.73,63.5,No
17 years old,Female,12th grade,1.6,49.9,Yes
17 years old,Male,11th grade,1.75,58.97,No
17 years old,Female,11th grade,1.65,70.31,Yes
15 years old,Male,9th grade,1.75,54.43,No
15 years old,Female,9th grade,1.68,85.28,Yes
15 years old,Female,9th grade,1.63,45.36,No
15 years old,Male,9th grade,1.73,65.77,No
15 years old,Male,9th grade,1.63,63.5,Yes
14 years old,Female,9th grade,1.68,53.98,Yes
14 years old,Female,9th grade,1.6,45.36,Yes
15 years old,Female,9th grade,1.75,61.24,No
15 years old,Female,9th grade,1.68,56.7,Yes
14 years old,Female,9th grade,1.63,54.43,No
15 years old,Male,9th grade,1.5,62.6,Yes
15 years old,Male,9th grade,1.55,45.36,No
15 years old,Female,9th grade,1.6,54.43,No
15 years old,Female,9th grade,1.57,51.71,No
14 years old,Male,9th grade,1.75,87.54,Yes
14 years old,Male,9th grade,1.68,56.25,No
14 years old,Female,9th grade,1.6,74.84,No
15 years old,Male,9th grade,1.73,58.97,No
15 years old,Male,9th grade,1.83,76.2,No
15 years old,Female,9th grade,1.63,72.58,Yes
14 years old,Male,9th grade,1.85,106.6,Yes
17 years old,Male,9th grade,1.73,92.08,No
16 years old,Female,11th grade,1.7,98.88,Yes
17 years old,Female,12th grade,1.7,52.16,No
17 years old,Female,11th grade,1.65,76.66,No
16 years old,Male,11th grade,1.75,56.7,No
17 years old,Female,12th grade,1.65,61.24,No
16 years old,Female,11th grade,1.65,109.77,No
16 years old,Male,10th grade,1.57,43.09,Yes
16 years old,Male,10th grade,1.73,65.77,No
16 years old,Male,11th grade,1.9,63.5,No
17 years old,Female,11th grade,1.63,83.92,Yes
15 years old,Female,10th grade,1.6,52.16,No
18 years old or older,Female,12th grade,1.65,65.77,No
15 years old,Male,10th grade,1.73,56.7,No
17 years old,Female,11th grade,1.57,40.82,No
15 years old,Male,10th grade,1.7,96.62,Yes
16 years old,Female,11th grade,1.6,47.63,No
18 years old or older,Female,12th grade,1.52,56.7,No
16 years old,Female,10th grade,1.63,69.4,No
16 years old,Female,11th grade,1.7,63.5,No
17 years old,Female,12th grade,1.63,67.13,No
16 years old,Male,10th grade,1.8,108.41,Yes
17 years old,Male,11th grade,1.78,104.33,No
16 years old,Female,10th grade,1.52,56.7,No
16 years old,Male,11th grade,1.68,52.16,No
17 years old,Female,12th grade,1.68,68.04,Yes
15 years old,Female,10th grade,1.78,68.04,No
17 years old,Female,11th grade,1.55,55.79,No
16 years old,Male,10th grade,1.73,83.92,No
16 years old,Female,11th grade,1.63,65.77,Yes
15 years old,Female,10th grade,1.5,50.35,Yes
17 years old,Female,11th grade,1.65,49.9,Yes
16 years old,Male,10th grade,1.85,72.58,No
16 years old,Female,11th grade,1.68,45.36,No
17 years old,Female,12th grade,1.68,52.16,No
17 years old,Female,11th grade,1.7,113.4,No
15 years old,Male,10th grade,1.78,78.47,No
17 years old,Female,11th grade,1.55,71.22,No
18 years old or older,Female,12th grade,1.52,63.5,No
16 years old,Male,10th grade,1.83,111.59,No
17 years old,Female,11th grade,1.68,72.58,Yes
17 years old,Male,12th grade,1.8,68.04,No
16 years old,Male,10th grade,1.83,79.38,No
16 years old,Female,11th grade,1.7,117.94,No
16 years old,Female,10th grade,1.7,55.34,No
17 years old,Female,11th grade,1.57,63.5,No
15 years old,Male,10th grade,1.83,61.24,No
18 years old or older,Male,12th grade,1.83,88.45,No
18 years old or older,Male,12th grade,1.63,92.99,No
16 years old,Female,10th grade,1.78,54.43,No
17 years old,Male,11th grade,1.73,102.06,No
18 years old or older,Male,12th grade,1.65,68.04,Yes
16 years old,Male,10th grade,1.7,61.24,No
18 years old or older,Male,12th grade,1.68,133.81,Yes
17 years old,Male,11th grade,1.85,72.58,Yes
18 years old or older,Male,12th grade,1.78,63.5,No
17 years old,Female,10th grade,1.63,86.18,No
17 years old,Male,12th grade,1.85,88.45,No
17 years old,Male,11th grade,1.88,92.99,No
16 years old,Male,10th grade,1.7,83.01,No
16 years old,Male,11th grade,1.73,63.5,No
17 years old,Female,12th grade,1.7,99.79,No
18 years old or older,Female,12th grade,1.57,56.7,No
16 years old,Male,11th grade,1.78,93.44,No
16 years old,Male,10th grade,1.6,54.43,No
16 years old,Male,11th grade,1.8,72.12,No
17 years old,Male,12th grade,1.78,86.18,No
16 years old,Male,10th grade,1.68,68.04,No
18 years old or older,Female,12th grade,1.57,83.46,No
17 years old,Female,11th grade,1.57,68.04,No
16 years old,Male,10th grade,1.7,56.7,No
17 years old,Female,11th grade,1.6,63.5,No
15 years old,Male,10th grade,1.8,112.95,No
18 years old or older,Female,12th grade,1.6,48.08,No
17 years old,Male,11th grade,1.78,74.84,No
16 years old,Male,10th grade,1.88,111.13,No
17 years old,Male,12th grade,1.83,117.48,Yes
18 years old or older,Male,12th grade,1.83,58.97,No
17 years old,Female,11th grade,1.63,54.43,Yes
16 years old,Female,10th grade,1.6,68.04,No
17 years old,Male,11th grade,1.8,86.18,No
17 years old,Female,12th grade,1.63,97.52,No
18 years old or older,Male,12th grade,1.83,127.01,Yes
16 years old,Male,11th grade,1.85,70.31,No
16 years old,Male,10th grade,1.7,63.5,No
17 years old,Male,11th grade,1.68,56.7,No
16 years old,Male,10th grade,1.68,58.51,Yes
18 years old or older,Male,12th grade,1.9,63.5,Yes
17 years old,Female,11th grade,1.7,81.65,No
18 years old or older,Male,12th grade,1.75,63.5,Yes
16 years old,Female,10th grade,1.73,49.9,No
17 years old,Female,11th grade,1.57,56.7,No
16 years old,Female,10th grade,1.68,68.95,No
17 years old,Female,11th grade,1.65,65.77,No
16 years old,Male,10th grade,1.73,63.5,Yes
18 years old or older,Male,12th grade,1.85,90.72,No
17 years old,Female,11th grade,1.57,44.45,No
17 years old,Female,12th grade,1.68,62.14,No
15 years old,Female,10th grade,1.63,50.8,No
17 years old,Female,12th grade,1.57,47.63,No
16 years old,Female,10th grade,1.6,53.52,Yes
17 years old,Female,12th grade,1.55,60.78,No
17 years old,Female,11th grade,1.57,61.24,No
17 years old,Male,11th grade,1.85,90.72,No
18 years old or older,Male,12th grade,1.78,86.18,No
16 years old,Female,10th grade,1.65,58.97,No
18 years old or older,Male,12th grade,1.73,56.7,No
17 years old,Male,11th grade,1.7,69.85,No
16 years old,Female,10th grade,1.57,49.9,No
18 years old or older,Male,12th grade,1.78,74.84,No
18 years old or older,Female,12th grade,1.63,65.77,No
17 years old,Female,12th grade,1.57,45.81,No
16 years old,Female,11th grade,1.6,80.74,No
17 years old,Male,11th grade,1.68,81.65,No
16 years old,Male,11th grade,1.85,63.96,Yes
17 years old,Female,11th grade,1.68,56.25,No
17 years old,Male,11th grade,1.83,70.31,No
17 years old,Male,11th grade,1.7,65.32,No
16 years old,Male,11th grade,1.8,136.08,No
18 years old or older,Male,11th grade,1.8,88.45,No
16 years old,Male,11th grade,1.9,72.58,No
18 years old or older,Female,11th grade,1.75,90.72,Yes
17 years old,Male,11th grade,1.78,70.31,No
17 years old,Female,11th grade,1.73,112.95,Yes
17 years old,Male,11th grade,1.85,97.52,Yes
15 years old,Female,9th grade,1.57,54.43,No
15 years old,Female,9th grade,1.7,68.04,No
15 years old,Male,9th grade,1.83,69.85,No
16 years old,Female,10th grade,1.75,108.86,Yes
16 years old,Male,10th grade,1.8,102.06,No
16 years old,Female,10th grade,1.63,49.9,No
16 years old,Male,9th grade,1.68,70.31,No
17 years old,Male,10th grade,1.75,113.4,No
15 years old,Female,9th grade,1.57,50.35,No
15 years old,Female,10th grade,1.6,49.9,No
15 years old,Female,10th grade,1.65,44.91,Yes
16 years old,Female,10th grade,1.57,63.5,Yes
15 years old,Female,9th grade,1.63,48.99,No
16 years old,Female,10th grade,1.57,52.16,Yes
14 years old,Female,9th grade,1.55,43.09,Yes
17 years old,Male,10th grade,1.8,90.72,No
17 years old,Male,11th grade,1.88,111.13,No
16 years old,Female,10th grade,1.73,61.24,No
14 years old,Female,9th grade,1.73,63.5,Yes
17 years old,Female,10th grade,1.68,54.43,Yes
15 years old,Female,9th grade,1.68,49.9,Yes
16 years old,Male,10th grade,1.63,47.63,No
15 years old,Female,9th grade,1.6,73.48,No
16 years old,Female,10th grade,1.6,44,Yes
15 years old,Female,9th grade,1.75,52.16,Yes
16 years old,Female,10th grade,1.63,55.34,No
14 years old,Male,9th grade,1.7,91.63,No
17 years old,Female,10th grade,1.65,63.5,Yes
14 years old,Male,9th grade,1.83,106.6,Yes
16 years old,Female,10th grade,1.63,49.9,No
16 years old,Female,10th grade,1.63,78.47,No
17 years old,Female,10th grade,1.6,88.45,Yes
18 years old or older,Male,12th grade,1.9,99.79,No
17 years old,Male,11th grade,1.75,86.18,No
18 years old or older,Female,11th grade,1.6,90.72,Yes
16 years old,Female,11th grade,1.68,58.97,No
17 years old,Male,11th grade,1.9,65.77,No
16 years old,Female,10th grade,1.6,52.62,No
18 years old or older,Male,12th grade,1.7,74.84,No
16 years old,Male,10th grade,1.6,104.33,Yes
18 years old or older,Female,12th grade,1.7,72.58,No
15 years old,Female,10th grade,1.6,49.9,No
18 years old or older,Male,11th grade,1.73,88.91,No
16 years old,Female,10th grade,1.75,86.18,No
18 years old or older,Female,12th grade,1.6,89.81,Yes
17 years old,Female,10th grade,1.78,106.6,Yes
17 years old,Female,11th grade,1.57,58.97,No
18 years old or older,Female,12th grade,1.68,61.69,No
18 years old or older,Female,11th grade,1.55,56.7,No
16 years old,Female,10th grade,1.57,56.7,No
17 years old,Female,11th grade,1.57,54.43,No
16 years old,Male,10th grade,1.75,68.04,No
17 years old,Female,11th grade,1.57,61.24,No
16 years old,Male,10th grade,1.65,68.04,Yes
16 years old,Female,10th grade,1.63,47.63,Yes
18 years old or older,Female,12th grade,1.6,48.99,No
17 years old,Male,11th grade,1.63,56.7,No
17 years old,Male,10th grade,1.7,86.18,No
15 years old,Female,10th grade,1.57,49.9,No
16 years old,Female,10th grade,1.55,49.9,Yes
18 years old or older,Male,12th grade,1.85,99.79,No
16 years old,Female,10th grade,1.55,56.7,No
16 years old,Female,11th grade,1.57,51.26,No
16 years old,Male,10th grade,1.83,68.04,Yes
18 years old or older,Male,12th grade,1.85,79.38,No
16 years old,Male,10th grade,1.68,54.43,No
16 years old,Male,10th grade,1.78,79.38,No
16 years old,Female,9th grade,1.75,54.89,Yes
17 years old,Female,11th grade,1.7,67.13,No
17 years old,Female,11th grade,1.78,85.28,No
17 years old,Female,11th grade,1.55,48.99,No
17 years old,Female,11th grade,1.6,81.65,No
15 years old,Female,10th grade,1.65,68.04,No
16 years old,Female,10th grade,1.6,51.71,No
15 years old,Male,9th grade,1.75,72.58,No
16 years old,Female,11th grade,1.63,60.78,Yes
17 years old,Female,12th grade,1.57,74.84,Yes
14 years old,Female,9th grade,1.6,65.77,Yes
17 years old,Female,11th grade,1.68,97.52,No
16 years old,Male,10th grade,1.9,94.35,Yes
17 years old,Male,10th grade,1.75,74.84,No
15 years old,Male,9th grade,1.8,67.13,No
16 years old,Female,11th grade,1.73,55.34,Yes
18 years old or older,Male,12th grade,1.78,65.77,No
18 years old or older,Female,12th grade,1.68,61.24,No
15 years old,Female,9th grade,1.65,52.16,No
17 years old,Female,11th grade,1.57,54.89,No
15 years old,Male,10th grade,1.75,61.24,No
14 years old,Female,9th grade,1.63,56.7,Yes
18 years old or older,Male,12th grade,1.7,67.13,Yes
17 years old,Male,12th grade,1.88,68.04,No
15 years old,Female,9th grade,1.6,63.5,No
17 years old,Male,11th grade,2.01,129.28,No
16 years old,Male,10th grade,1.8,72.58,No
16 years old,Male,10th grade,1.78,77.11,Yes
15 years old,Female,9th grade,1.63,56.7,No
18 years old or older,Female,12th grade,1.6,56.7,No
15 years old,Female,9th grade,1.57,48.08,No
17 years old,Female,11th grade,1.63,99.79,No
16 years old,Female,10th grade,1.7,60.78,No
16 years old,Female,10th grade,1.73,68.04,No
15 years old,Female,9th grade,1.63,51.71,Yes
16 years old,Female,11th grade,1.68,66.23,No
18 years old or older,Female,12th grade,1.78,68.04,No
15 years old,Male,9th grade,1.78,65.77,No
17 years old,Female,11th grade,1.7,117.03,Yes
15 years old,Female,10th grade,1.55,72.58,No
17 years old,Male,11th grade,1.8,86.18,No
18 years old or older,Male,12th grade,1.88,117.94,No
14 years old,Female,9th grade,1.7,52.16,No
17 years old,Female,11th grade,1.65,52.16,Yes
16 years old,Female,10th grade,1.6,47.63,Yes
16 years old,Male,10th grade,1.7,68.04,Yes
15 years old,Female,9th grade,1.63,54.43,No
17 years old,Male,11th grade,1.83,135.63,Yes
18 years old or older,Female,12th grade,1.63,115.67,No
18 years old or older,Male,12th grade,1.75,54.43,No
17 years old,Female,11th grade,1.78,86.18,Yes
16 years old,Female,10th grade,1.55,56.7,Yes
16 years old,Male,10th grade,1.83,74.84,No
14 years old,Male,9th grade,1.78,56.7,No
17 years old,Male,11th grade,1.78,77.11,No
17 years old,Female,12th grade,1.68,69.4,No
18 years old or older,Male,12th grade,1.78,84.37,No
15 years old,Male,9th grade,1.9,94.8,No
17 years old,Male,11th grade,1.96,81.65,No
15 years old,Male,10th grade,1.9,86.18,No
15 years old,Female,10th grade,1.68,74.84,No
15 years old,Male,9th grade,1.65,61.24,No
18 years old or older,Female,12th grade,1.6,49.9,No
18 years old or older,Male,12th grade,1.83,71.67,No
15 years old,Female,9th grade,1.52,78.02,No
16 years old,Female,10th grade,1.7,59.42,No
14 years old,Female,9th grade,1.6,44,No
15 years old,Female,10th grade,1.75,53.98,No
15 years old,Female,9th grade,1.52,106.6,Yes
18 years old or older,Female,11th grade,1.78,154.22,Yes
18 years old or older,Male,12th grade,1.88,87.54,No
15 years old,Female,9th grade,1.65,70.76,No
17 years old,Female,11th grade,1.68,58.97,No
16 years old,Female,10th grade,1.57,43.09,No
16 years old,Male,10th grade,1.68,49.9,Yes
15 years old,Male,9th grade,1.63,72.58,No
16 years old,Male,11th grade,1.83,70.31,No
15 years old,Female,9th grade,1.63,54.43,No
18 years old or older,Female,11th grade,1.55,49.44,No
16 years old,Female,10th grade,1.57,47.63,No
15 years old,Female,10th grade,1.7,77.11,No
15 years old,Male,9th grade,1.68,58.06,No
17 years old,Male,12th grade,1.68,72.58,No
18 years old or older,Male,12th grade,1.8,95.26,No
15 years old,Female,9th grade,1.63,58.97,No
16 years old,Female,10th grade,1.52,47.63,No
17 years old,Female,10th grade,1.57,72.58,Yes
16 years old,Female,9th grade,1.5,57.15,No
17 years old,Male,11th grade,1.68,103.42,Yes
16 years old,Female,11th grade,1.7,58.97,Yes
15 years old,Female,10th grade,1.6,49.9,No
17 years old,Male,11th grade,1.83,75.75,No
18 years old or older,Male,12th grade,1.68,63.5,No
17 years old,Male,12th grade,1.9,61.24,No
15 years old,Male,9th grade,1.7,74.84,No
17 years old,Male,11th grade,1.85,92.99,No
16 years old,Female,10th grade,1.63,65.32,No
16 years old,Female,10th grade,1.75,81.65,Yes
14 years old,Female,9th grade,1.52,54.43,Yes
17 years old,Female,11th grade,1.55,61.24,No
17 years old,Male,12th grade,1.6,90.72,No
15 years old,Female,9th grade,1.6,49.9,Yes
17 years old,Female,11th grade,1.57,57.61,No
16 years old,Female,10th grade,1.6,61.24,Yes
16 years old,Male,10th grade,1.85,65.77,No
15 years old,Male,10th grade,1.7,72.58,No
17 years old,Female,11th grade,1.63,54.43,No
18 years old or older,Female,12th grade,1.73,130.64,No
18 years old or older,Female,12th grade,1.57,76.66,No
15 years old,Female,9th grade,1.63,60.33,No
17 years old,Male,11th grade,1.8,56.7,No
15 years old,Female,10th grade,1.68,81.19,Yes
16 years old,Female,10th grade,1.6,57.61,No
15 years old,Male,9th grade,1.75,69.4,No
18 years old or older,Male,11th grade,1.85,106.14,No
17 years old,Male,12th grade,1.73,74.84,No
18 years old or older,Male,12th grade,1.73,120.2,No
16 years old,Female,11th grade,1.73,61.24,No
15 years old,Female,10th grade,1.63,49.9,Yes
15 years old,Female,10th grade,1.73,54.89,Yes
15 years old,Female,9th grade,1.57,60.78,Yes
17 years old,Male,11th grade,1.8,83.92,No
18 years old or older,Female,12th grade,1.63,68.04,No
18 years old or older,Female,12th grade,1.63,54.89,No
14 years old,Female,9th grade,1.6,58.97,No
17 years old,Male,11th grade,1.73,76.2,No
16 years old,Female,10th grade,1.65,47.63,Yes
17 years old,Male,11th grade,1.8,77.11,No
15 years old,Female,9th grade,1.63,95.26,Yes
16 years old,Male,11th grade,1.83,76.66,Yes
18 years old or older,Female,12th grade,1.4,46.72,No
18 years old or older,Male,12th grade,1.75,97.52,No
14 years old,Male,9th grade,1.75,49.9,No
16 years old,Male,11th grade,1.88,81.65,No
15 years old,Female,10th grade,1.63,65.77,No
15 years old,Female,10th grade,1.63,54.43,No
15 years old,Male,9th grade,1.85,87.54,Yes
15 years old,Male,9th grade,1.57,40.82,Yes
16 years old,Male,11th grade,1.7,62.6,No
15 years old,Female,10th grade,1.63,59.88,No
15 years old,Female,10th grade,1.73,58.97,No
15 years old,Male,9th grade,1.65,61.24,No
17 years old,Male,11th grade,2.03,114.31,No
17 years old,Male,12th grade,1.73,90.72,No
17 years old,Male,12th grade,1.83,74.84,No
16 years old,Male,10th grade,1.75,79.38,Yes
16 years old,Male,11th grade,1.78,78.47,No
17 years old,Male,12th grade,1.85,81.65,No
17 years old,Male,11th grade,1.83,106.6,No
18 years old or older,Female,12th grade,1.6,49.9,No
18 years old or older,Male,12th grade,1.83,104.33,No
18 years old or older,Male,11th grade,1.8,66.68,No
18 years old or older,Male,12th grade,1.75,70.31,No
18 years old or older,Female,12th grade,1.73,63.5,No
16 years old,Female,11th grade,1.6,54.43,No
17 years old,Male,12th grade,1.85,67.13,No
18 years old or older,Female,12th grade,1.55,93.9,No
17 years old,Male,11th grade,1.88,68.04,No
17 years old,Female,12th grade,1.73,86.18,No
18 years old or older,Male,11th grade,1.8,104.33,No
17 years old,Male,12th grade,1.83,70.31,No
17 years old,Female,12th grade,1.63,65.77,No
17 years old,Male,12th grade,1.83,70.31,No
17 years old,Male,11th grade,1.8,139.71,Yes
18 years old or older,Male,12th grade,1.85,79.38,No
18 years old or older,Female,12th grade,1.55,38.56,Yes
17 years old,Female,11th grade,1.65,81.65,No
18 years old or older,Male,12th grade,1.8,79.38,No
17 years old,Male,12th grade,1.83,74.84,No
16 years old,Male,11th grade,1.78,65.77,No
18 years old or older,Female,12th grade,1.65,54.43,No
18 years old or older,Male,12th grade,1.78,67.13,No
17 years old,Female,11th grade,1.57,58.97,No
17 years old,Female,12th grade,1.65,127.01,No
16 years old,Male,11th grade,1.78,82.1,No
18 years old or older,Male,12th grade,1.9,76.2,No
16 years old,Male,11th grade,1.65,70.31,No
18 years old or older,Female,12th grade,1.63,92.99,No
17 years old,Male,11th grade,1.88,81.65,No
18 years old or older,Female,12th grade,1.6,52.16,No
17 years old,Male,12th grade,1.6,54.43,No
17 years old,Male,12th grade,1.83,86.18,No
18 years old or older,Male,12th grade,1.9,103.87,No
17 years old,Female,12th grade,1.63,65.77,No
18 years old or older,Female,12th grade,1.57,58.06,Yes
18 years old or older,Male,12th grade,1.78,71.22,No
17 years old,Male,12th grade,1.88,122.02,No
16 years old,Female,10th grade,1.63,45.36,No
16 years old,Female,11th grade,1.63,70.31,No
15 years old,Male,10th grade,1.85,72.58,No
15 years old,Male,10th grade,1.7,56.7,No
15 years old,Male,10th grade,1.7,53.52,No
17 years old,Male,11th grade,1.9,97.52,No
15 years old,Female,10th grade,1.7,55.79,Yes
17 years old,Female,11th grade,1.7,75.75,No
16 years old,Male,10th grade,1.78,72.58,No
16 years old,Male,10th grade,1.83,71.67,No
16 years old,Male,10th grade,1.9,113.4,No
17 years old,Male,11th grade,1.75,63.5,No
17 years old,Male,11th grade,1.78,88.45,No
18 years old or older,Female,11th grade,1.65,54.43,No
17 years old,Female,10th grade,1.6,70.76,Yes
14 years old,Male,9th grade,1.73,79.38,Yes
17 years old,Male,10th grade,1.83,83.01,No
15 years old,Female,10th grade,1.57,99.79,No
15 years old,Female,9th grade,1.55,58.06,Yes
18 years old or older,Male,11th grade,1.78,58.97,No
15 years old,Male,10th grade,1.78,61.24,No
14 years old,Female,9th grade,1.52,56.7,No
16 years old,Female,10th grade,1.55,54.43,No
17 years old,Female,10th grade,1.65,76.2,No
15 years old,Female,9th grade,1.75,56.7,Yes
17 years old,Male,11th grade,1.78,65.77,No
15 years old,Female,10th grade,1.75,77.11,No
15 years old,Female,9th grade,1.68,90.72,No
17 years old,Female,11th grade,1.57,44.45,No
16 years old,Female,10th grade,1.57,58.51,No
18 years old or older,Male,11th grade,1.65,61.24,No
15 years old,Male,10th grade,1.96,105.69,No
15 years old,Female,10th grade,1.6,68.04,Yes
15 years old,Female,10th grade,1.6,58.97,No
16 years old,Female,11th grade,1.6,52.16,No
16 years old,Female,10th grade,1.52,62.6,No
14 years old,Female,9th grade,1.7,68.04,Yes
17 years old,Female,10th grade,1.5,40.82,No
17 years old,Male,11th grade,1.8,92.99,No
16 years old,Female,10th grade,1.52,61.24,No
16 years old,Female,10th grade,1.6,58.97,No
16 years old,Female,10th grade,1.65,81.65,Yes
15 years old,Male,9th grade,1.83,85.28,No
15 years old,Male,9th grade,1.83,74.84,No
15 years old,Female,9th grade,1.7,63.5,No
15 years old,Female,9th grade,1.52,45.36,No
14 years old,Male,9th grade,1.65,40.82,No
15 years old,Male,9th grade,1.65,68.04,No
15 years old,Male,9th grade,1.83,52.16,No
16 years old,Male,9th grade,1.68,58.06,No
14 years old,Female,9th grade,1.6,56.7,No
15 years old,Male,9th grade,1.78,61.24,Yes
15 years old,Male,9th grade,1.73,67.13,No
15 years old,Male,9th grade,1.7,45.36,No
15 years old,Female,9th grade,1.65,60.78,No
15 years old,Female,9th grade,1.6,54.43,No
16 years old,Male,9th grade,1.75,79.38,No
16 years old,Female,9th grade,1.63,44.45,No
15 years old,Male,9th grade,1.63,43.09,No
14 years old,Female,9th grade,1.63,63.5,No
18 years old or older,Female,11th grade,1.6,81.65,No
17 years old,Male,11th grade,1.75,59.88,No
17 years old,Female,11th grade,1.6,61.24,No
17 years old,Female,11th grade,1.73,95.26,Yes
15 years old,Male,9th grade,1.6,72.58,No
17 years old,Male,11th grade,1.78,87.09,No
15 years old,Male,9th grade,1.75,55.79,No
17 years old,Female,11th grade,1.63,68.04,Yes
17 years old,Male,11th grade,1.63,78.02,No
16 years old,Female,10th grade,1.65,63.5,No
14 years old,Female,9th grade,1.65,62.6,No
16 years old,Male,11th grade,1.73,74.84,No
18 years old or older,Male,11th grade,1.8,71.22,No
16 years old,Male,10th grade,1.8,106.6,No
16 years old,Male,9th grade,1.8,109.77,No
18 years old or older,Female,11th grade,1.83,83.92,No
17 years old,Male,10th grade,1.7,90.72,Yes
15 years old,Male,9th grade,1.7,58.97,Yes
16 years old,Male,10th grade,1.93,89.81,Yes
15 years old,Female,9th grade,1.63,62.6,Yes
15 years old,Female,9th grade,1.55,46.27,Yes
16 years old,Male,10th grade,1.83,145.15,No
15 years old,Male,9th grade,1.8,63.5,Yes
16 years old,Male,9th grade,1.78,69.4,No
16 years old,Male,10th grade,1.9,95.26,No
16 years old,Female,10th grade,1.63,65.77,Yes
14 years old,Male,9th grade,1.57,36.29,Yes
16 years old,Female,9th grade,1.63,78.47,No
16 years old,Female,11th grade,1.63,50.8,No
16 years old,Male,10th grade,1.78,65.77,No
15 years old,Female,9th grade,1.68,65.32,No
17 years old,Male,11th grade,1.83,84.82,No
15 years old,Female,9th grade,1.68,44.45,No
16 years old,Male,11th grade,1.88,81.65,No
15 years old,Female,9th grade,1.88,81.65,Yes
18 years old or older,Female,11th grade,1.63,68.04,Yes
17 years old,Male,11th grade,1.85,68.04,No
15 years old,Female,9th grade,1.7,63.5,Yes
16 years old,Male,11th grade,1.8,65.77,Yes
15 years old,Male,9th grade,1.68,56.7,No
15 years old,Female,9th grade,1.55,43.09,No
17 years old,Male,11th grade,1.8,82.56,No
16 years old,Male,9th grade,1.8,63.5,No
17 years old,Male,11th grade,1.7,69.85,No
15 years old,Female,9th grade,1.78,68.04,Yes
16 years old,Female,11th grade,1.55,54.43,No
15 years old,Female,10th grade,1.63,68.04,Yes
15 years old,Female,9th grade,1.57,50.35,No
17 years old,Male,11th grade,1.78,70.31,Yes
16 years old,Male,10th grade,1.78,104.33,No
17 years old,Female,11th grade,1.52,46.72,No
17 years old,Female,11th grade,1.52,72.12,No
16 years old,Male,10th grade,1.88,81.65,No
14 years old,Female,9th grade,1.57,46.27,Yes
17 years old,Male,11th grade,1.9,136.08,Yes
14 years old,Female,9th grade,1.65,54.43,Yes
16 years old,Male,11th grade,1.75,59.88,No
16 years old,Female,11th grade,1.7,65.77,Yes
17 years old,Female,10th grade,1.75,68.95,No
14 years old,Female,9th grade,1.57,43.09,No
15 years old,Male,10th grade,1.78,74.84,No
14 years old,Female,9th grade,1.65,56.7,Yes
17 years old,Female,11th grade,1.57,54.43,No
15 years old,Male,9th grade,1.78,63.5,No
15 years old,Male,9th grade,1.78,65.77,No
14 years old,Male,9th grade,1.75,119.3,No
16 years old,Male,11th grade,1.93,95.26,No
17 years old,Female,11th grade,1.57,47.17,Yes
15 years old,Female,9th grade,1.52,70.31,Yes
14 years old,Female,9th grade,1.7,69.4,No
16 years old,Male,9th grade,1.85,110.22,Yes
14 years old,Male,9th grade,1.8,72.58,No
17 years old,Female,12th grade,1.73,113.4,No
18 years old or older,Male,12th grade,1.75,104.33,No
17 years old,Male,12th grade,1.98,119.3,No
15 years old,Male,10th grade,1.73,83.92,Yes
15 years old,Female,10th grade,1.6,68.95,Yes
17 years old,Male,12th grade,1.73,83.92,No
18 years old or older,Female,12th grade,1.65,81.65,No
17 years old,Male,12th grade,1.8,96.62,No
16 years old,Male,10th grade,1.73,83.92,No
18 years old or older,Female,12th grade,1.63,97.52,No
15 years old,Female,10th grade,1.65,54.89,No
15 years old,Male,10th grade,1.68,52.16,Yes
15 years old,Male,10th grade,1.78,77.57,Yes
18 years old or older,Male,12th grade,1.78,63.5,No
18 years old or older,Male,12th grade,1.8,104.33,No
16 years old,Male,10th grade,1.57,61.24,No
17 years old,Male,12th grade,1.88,90.72,No
15 years old,Male,10th grade,1.78,55.34,No
18 years old or older,Male,12th grade,1.73,90.72,No
18 years old or older,Male,12th grade,1.75,72.58,No
16 years old,Male,10th grade,1.9,83.01,No
18 years old or older,Male,12th grade,1.9,79.83,No
16 years old,Male,10th grade,1.9,92.99,No
18 years old or older,Female,12th grade,1.65,83.92,Yes
15 years old,Male,10th grade,1.83,86.18,No
18 years old or older,Female,12th grade,1.65,88,Yes
17 years old,Male,12th grade,1.83,122.47,No
17 years old,Male,12th grade,1.78,61.24,No
18 years old or older,Female,12th grade,1.7,67.13,Yes
16 years old,Male,10th grade,1.83,88.45,No
18 years old or older,Female,12th grade,1.63,108.86,No
18 years old or older,Female,12th grade,1.57,72.58,No
16 years old,Female,10th grade,1.57,61.24,No
17 years old,Male,12th grade,1.73,79.83,No
16 years old,Male,10th grade,1.83,67.13,No
18 years old or older,Male,12th grade,1.8,72.58,No
18 years old or older,Male,12th grade,1.85,102.06,Yes
16 years old,Female,10th grade,1.65,81.65,No
16 years old,Male,10th grade,1.98,88.45,No
14 years old,Female,9th grade,1.63,54.43,No
16 years old,Male,11th grade,1.93,74.39,No
14 years old,Male,9th grade,1.65,61.24,Yes
16 years old,Male,10th grade,1.7,56.7,No
15 years old,Male,9th grade,1.83,65.77,No
18 years old or older,Female,12th grade,1.65,104.33,No
16 years old,Male,10th grade,1.9,72.58,No
18 years old or older,Male,12th grade,1.9,74.84,No
16 years old,Male,10th grade,1.75,82.56,No
15 years old,Female,9th grade,1.57,61.24,No
17 years old,Male,12th grade,1.8,70.31,No
18 years old or older,Male,11th grade,1.73,83.92,No
16 years old,Female,10th grade,1.55,43.09,Yes
18 years old or older,Male,12th grade,1.6,63.5,No
16 years old,Female,10th grade,1.5,54.43,No
17 years old,Male,12th grade,1.68,94.8,No
14 years old,Male,9th grade,1.65,90.72,No
18 years old or older,Female,12th grade,1.55,45.36,No
18 years old or older,Male,12th grade,1.75,63.05,No
17 years old,Male,11th grade,1.85,63.5,No
17 years old,Female,11th grade,1.68,50.8,Yes
18 years old or older,Male,12th grade,1.8,86.18,No
17 years old,Male,11th grade,1.8,68.04,No
15 years old,Male,10th grade,1.65,88.45,No
15 years old,Female,9th grade,1.78,81.65,No
17 years old,Male,12th grade,1.73,55.34,No
17 years old,Male,12th grade,1.78,70.76,No
15 years old,Male,10th grade,1.83,81.65,No
17 years old,Female,12th grade,1.55,63.5,No
17 years old,Male,11th grade,1.68,60.78,No
15 years old,Male,9th grade,1.78,68.04,No
17 years old,Female,12th grade,1.57,52.16,No
17 years old,Male,11th grade,1.88,97.52,No
15 years old,Male,9th grade,1.78,69.85,No
18 years old or older,Female,12th grade,1.63,54.43,Yes
16 years old,Female,11th grade,1.63,54.43,No
15 years old,Male,10th grade,1.83,90.72,No
18 years old or older,Male,12th grade,1.8,49.9,No
17 years old,Male,11th grade,1.75,54.43,No
16 years old,Male,10th grade,1.78,61.24,No
17 years old,Female,12th grade,1.57,53.98,No
17 years old,Female,11th grade,1.6,43.09,No
15 years old,Male,10th grade,1.85,72.58,No
18 years old or older,Female,12th grade,1.6,53.98,Yes
17 years old,Male,11th grade,1.75,77.11,No
15 years old,Male,10th grade,1.7,61.24,No
15 years old,Male,9th grade,1.7,86.18,No
18 years old or older,Male,12th grade,1.73,81.65,No
17 years old,Male,11th grade,1.83,106.6,No
16 years old,Female,10th grade,1.55,65.77,No
14 years old,Male,9th grade,1.6,68.04,Yes
15 years old,Male,10th grade,1.75,68.04,No
14 years old,Male,9th grade,1.75,102.06,No
14 years old,Male,9th grade,1.75,102.06,No
17 years old,Female,12th grade,1.57,63.5,No
17 years old,Male,11th grade,1.7,81.65,Yes
15 years old,Female,10th grade,1.5,44,No
15 years old,Male,9th grade,1.65,70.31,No
17 years old,Female,12th grade,1.73,58.97,No
16 years old,Male,11th grade,1.78,88.45,No
16 years old,Male,10th grade,1.78,61.24,No
17 years old,Male,12th grade,1.78,90.72,No
17 years old,Male,11th grade,1.68,86.18,Yes
16 years old,Female,10th grade,1.83,83.92,No
14 years old,Male,9th grade,1.78,119.3,No
17 years old,Male,11th grade,1.83,90.72,No
17 years old,Male,12th grade,1.85,122.47,No
17 years old,Male,11th grade,1.93,90.72,Yes
16 years old,Female,11th grade,1.6,58.97,No
18 years old or older,Male,12th grade,1.8,72.58,No
16 years old,Female,11th grade,1.73,58.97,Yes
18 years old or older,Male,12th grade,1.83,95.26,No
16 years old,Female,11th grade,1.68,65.77,Yes
15 years old,Female,9th grade,1.55,54.43,No
18 years old or older,Female,12th grade,1.63,49.9,No
15 years old,Male,9th grade,1.9,113.4,Yes
17 years old,Female,12th grade,1.47,46.72,No
15 years old,Male,10th grade,1.78,80.74,No
17 years old,Male,11th grade,1.78,68.04,No
14 years old,Male,9th grade,1.63,58.97,Yes
17 years old,Male,12th grade,1.85,68.04,No
15 years old,Female,10th grade,1.63,56.7,Yes
16 years old,Male,11th grade,1.8,63.5,No
14 years old,Female,9th grade,1.6,53.98,No
16 years old,Male,10th grade,1.88,81.65,No
17 years old,Male,11th grade,1.75,67.13,Yes
14 years old,Male,9th grade,1.9,131.09,No
17 years old,Female,12th grade,1.68,56.7,No
16 years old,Male,10th grade,1.83,63.5,Yes
17 years old,Male,11th grade,1.8,104.33,Yes
17 years old,Female,12th grade,1.6,54.43,Yes
15 years old,Male,10th grade,1.75,56.7,No
16 years old,Female,11th grade,1.68,68.04,No
16 years old,Male,10th grade,1.75,71.67,No
18 years old or older,Female,12th grade,1.6,49.9,No
16 years old,Male,10th grade,1.9,79.38,No
17 years old,Female,11th grade,1.6,52.16,No
15 years old,Female,9th grade,1.65,86.18,Yes
18 years old or older,Male,12th grade,1.7,68.04,No
16 years old,Male,11th grade,1.8,73.48,No
15 years old,Male,9th grade,1.68,55.79,No
14 years old,Male,9th grade,1.78,63.5,No
18 years old or older,Male,12th grade,1.85,70.31,No
17 years old,Female,12th grade,1.52,49.9,Yes
17 years old,Male,11th grade,1.83,100.7,No
17 years old,Male,11th grade,1.83,88.91,No
15 years old,Male,10th grade,1.63,47.63,No
17 years old,Male,11th grade,1.7,66.68,No
16 years old,Female,9th grade,1.7,59.88,No
18 years old or older,Female,12th grade,1.75,63.5,Yes
16 years old,Female,10th grade,1.47,35.38,Yes
16 years old,Female,11th grade,1.73,52.62,No
15 years old,Female,9th grade,1.45,41.73,No
17 years old,Female,12th grade,1.57,52.16,No
15 years old,Female,10th grade,1.65,55.34,No
16 years old,Male,11th grade,1.83,102.06,No
15 years old,Female,9th grade,1.65,95.26,Yes
17 years old,Male,12th grade,1.83,58.97,Yes
17 years old,Male,12th grade,1.73,77.11,No
18 years old or older,Male,12th grade,1.83,79.38,No
17 years old,Male,12th grade,1.75,49.9,No
16 years old,Female,10th grade,1.7,81.65,Yes
17 years old,Male,11th grade,1.68,73.94,No
15 years old,Male,9th grade,1.68,52.16,No
17 years old,Female,12th grade,1.68,54.43,No
17 years old,Female,12th grade,1.68,63.5,No
16 years old,Female,10th grade,1.55,35.38,No
16 years old,Female,11th grade,1.65,63.5,No
15 years old,Male,9th grade,1.63,53.07,No
18 years old or older,Female,12th grade,1.5,47.63,No
15 years old,Male,10th grade,1.6,47.63,Yes
16 years old,Female,11th grade,1.55,52.16,No
15 years old,Male,9th grade,1.68,75.75,Yes
15 years old,Male,9th grade,1.68,94.35,No
18 years old or older,Female,12th grade,1.63,58.97,No
16 years old,Male,10th grade,1.85,72.58,No
16 years old,Male,11th grade,1.8,52.16,No
18 years old or older,Female,12th grade,1.55,63.5,No
16 years old,Male,10th grade,1.73,45.36,No
17 years old,Male,11th grade,1.8,92.99,No
15 years old,Male,9th grade,1.83,103.42,No
18 years old or older,Male,11th grade,1.7,58.06,No
16 years old,Male,11th grade,1.85,86.18,No
14 years old,Male,9th grade,1.7,71.22,No
17 years old,Male,12th grade,1.78,61.24,No
18 years old or older,Female,12th grade,1.52,58.97,No
15 years old,Male,9th grade,1.78,77.11,No
17 years old,Female,12th grade,1.63,58.97,No
17 years old,Female,12th grade,1.45,44.45,No
17 years old,Female,11th grade,1.6,63.96,No
16 years old,Female,9th grade,1.63,83.46,No
15 years old,Female,9th grade,1.5,64.86,No
18 years old or older,Male,12th grade,1.8,72.58,No
17 years old,Male,11th grade,1.7,68.04,No
17 years old,Female,12th grade,1.73,98.88,No
16 years old,Female,11th grade,1.57,46.27,No
16 years old,Male,9th grade,1.73,72.58,No
15 years old,Female,9th grade,1.57,70.31,No
15 years old,Male,10th grade,1.8,78.47,No
18 years old or older,Female,12th grade,1.73,81.65,No
16 years old,Female,11th grade,1.6,81.65,No
16 years old,Male,10th grade,1.88,81.65,No
14 years old,Female,9th grade,1.35,56.7,No
15 years old,Male,10th grade,1.65,58.97,No
18 years old or older,Male,12th grade,1.88,75.3,No
16 years old,Female,11th grade,1.6,87.09,No
18 years old or older,Male,12th grade,1.73,63.5,No
17 years old,Male,11th grade,1.78,102.06,No
15 years old,Male,9th grade,1.73,99.79,No
14 years old,Male,9th grade,1.83,97.98,No
16 years old,Female,10th grade,1.5,62.6,No
18 years old or older,Male,12th grade,1.8,63.5,No
17 years old,Female,11th grade,1.63,68.04,No
17 years old,Male,12th grade,1.73,72.12,No
16 years old,Male,11th grade,1.85,63.5,Yes
15 years old,Female,9th grade,1.63,61.24,No
15 years old,Male,9th grade,1.78,81.65,No
17 years old,Female,10th grade,1.6,103.87,Yes
17 years old,Male,11th grade,1.75,95.26,No
16 years old,Female,11th grade,1.73,113.4,No
18 years old or older,Male,12th grade,1.8,128.37,No
16 years old,Male,11th grade,1.68,90.72,No
15 years old,Male,9th grade,1.7,74.84,No
15 years old,Female,9th grade,1.63,68.04,No
15 years old,Female,10th grade,1.57,79.38,No
17 years old,Female,12th grade,1.55,65.77,No
17 years old,Male,12th grade,1.73,53.07,No
16 years old,Female,11th grade,1.57,63.5,No
14 years old,Female,9th grade,1.75,58.97,No
16 years old,Female,10th grade,1.63,52.62,No
18 years old or older,Male,12th grade,1.9,89.81,No
18 years old or older,Female,12th grade,1.6,81.65,Yes
15 years old,Male,9th grade,1.75,99.79,No
15 years old,Female,9th grade,1.75,64.86,No
15 years old,Female,10th grade,1.45,53.07,No
15 years old,Male,10th grade,1.73,76.2,No
18 years old or older,Male,12th grade,1.7,58.97,No
17 years old,Female,12th grade,1.68,63.5,No
14 years old,Female,9th grade,1.6,68.04,No
15 years old,Male,9th grade,1.73,52.16,No
16 years old,Male,10th grade,1.6,52.16,Yes
17 years old,Female,11th grade,1.63,80.74,No
16 years old,Female,11th grade,1.83,83.92,No
15 years old,Female,9th grade,1.52,54.43,No
15 years old,Male,9th grade,1.63,52.16,No
14 years old,Male,9th grade,1.52,46.72,No
15 years old,Male,9th grade,1.75,56.7,No
16 years old,Male,10th grade,1.7,79.38,No
17 years old,Male,12th grade,1.7,65.77,No
16 years old,Male,11th grade,1.7,70.31,No
17 years old,Female,12th grade,1.6,81.65,No
17 years old,Male,11th grade,1.85,65.77,No
15 years old,Male,9th grade,1.63,92.08,No
14 years old,Male,9th grade,1.68,90.72,No
15 years old,Male,10th grade,1.68,64.41,No
15 years old,Male,10th grade,1.7,74.84,No
17 years old,Male,12th grade,1.85,90.72,No
15 years old,Female,9th grade,1.65,51.26,No
15 years old,Male,9th grade,1.73,96.16,No
17 years old,Male,11th grade,1.83,145.15,No
15 years old,Female,10th grade,1.73,70.76,No
17 years old,Female,12th grade,1.68,63.05,Yes
17 years old,Female,12th grade,1.6,80.29,No
14 years old,Female,9th grade,1.7,81.65,No
15 years old,Male,10th grade,1.68,64.86,No
17 years old,Male,12th grade,1.78,84.37,No
17 years old,Female,11th grade,1.6,86.18,No
17 years old,Female,12th grade,1.68,77.11,No
15 years old,Female,9th grade,1.63,78.47,No
14 years old,Male,9th grade,1.73,55.34,No
18 years old or older,Male,12th grade,1.8,61.24,No
16 years old,Male,11th grade,1.8,77.11,No
17 years old,Male,11th grade,1.78,65.77,No
15 years old,Male,9th grade,1.88,106.6,No
14 years old,Female,9th grade,1.57,43.55,Yes
15 years old,Female,10th grade,1.7,54.43,Yes
14 years old,Female,9th grade,1.6,58.97,No
16 years old,Female,10th grade,1.68,71.67,No
15 years old,Female,10th grade,1.75,86.18,No
17 years old,Female,12th grade,1.6,68.95,No
18 years old or older,Male,11th grade,1.83,113.4,No
17 years old,Male,11th grade,1.63,78.02,No
14 years old,Male,9th grade,1.65,52.16,No
15 years old,Male,9th grade,1.78,89.81,No
18 years old or older,Female,12th grade,1.57,52.16,No
17 years old,Female,11th grade,1.6,89.81,Yes
17 years old,Male,12th grade,1.73,63.5,No
15 years old,Female,10th grade,1.5,43.09,No
18 years old or older,Male,12th grade,1.83,81.65,No
17 years old,Male,11th grade,1.83,70.31,No
17 years old,Male,12th grade,1.8,81.65,No
16 years old,Female,10th grade,1.55,70.76,Yes
17 years old,Female,11th grade,1.63,63.5,No
18 years old or older,Female,12th grade,1.57,81.65,No
16 years old,Female,11th grade,1.63,65.77,No
15 years old,Male,9th grade,1.7,79.38,No
14 years old,Female,9th grade,1.65,63.5,No
15 years old,Female,9th grade,1.7,65.77,No
14 years old,Female,9th grade,1.7,103.87,Yes
15 years old,Female,9th grade,1.6,42.64,Yes
15 years old,Female,10th grade,1.65,106.6,Yes
16 years old,Male,11th grade,1.73,63.5,No
17 years old,Male,11th grade,1.73,84.82,No
14 years old,Male,9th grade,1.78,73.48,No
16 years old,Male,9th grade,1.83,75.75,No
15 years old,Male,10th grade,1.75,59.88,No
17 years old,Female,12th grade,1.73,47.63,Yes
16 years old,Male,11th grade,1.68,59.42,No
16 years old,Male,11th grade,1.83,65.77,No
14 years old,Female,9th grade,1.7,51.26,No
14 years old,Female,9th grade,1.68,63.5,No
16 years old,Male,10th grade,1.75,83.92,No
17 years old,Male,11th grade,1.73,61.24,No
16 years old,Female,11th grade,1.5,54.43,No
16 years old,Male,11th grade,1.73,68.04,No
18 years old or older,Male,12th grade,1.83,72.58,Yes
15 years old,Male,9th grade,1.68,64.41,No
15 years old,Male,9th grade,1.75,56.7,No
15 years old,Female,10th grade,1.57,127.01,No
17 years old,Male,12th grade,1.68,108.86,No
14 years old,Male,9th grade,1.83,79.38,Yes
18 years old or older,Male,12th grade,1.75,66.23,No
16 years old,Female,10th grade,1.65,61.69,No
17 years old,Female,11th grade,1.5,41.28,Yes
16 years old,Male,11th grade,1.88,77.11,No
17 years old,Male,11th grade,1.73,92.99,No
15 years old,Female,9th grade,1.7,79.38,Yes
15 years old,Female,9th grade,1.6,49.9,No
16 years old,Male,10th grade,1.8,47.17,No
16 years old,Male,9th grade,1.73,112.04,Yes
16 years old,Female,11th grade,1.63,47.63,No
17 years old,Female,12th grade,1.65,83.92,No
17 years old,Female,11th grade,1.65,56.7,Yes
17 years old,Male,11th grade,1.83,86.18,No
14 years old,Female,9th grade,1.65,74.84,No
15 years old,Male,9th grade,1.6,38.56,No
16 years old,Female,10th grade,1.65,101.61,No
15 years old,Male,10th grade,1.75,53.98,No
17 years old,Male,11th grade,1.78,72.12,No
14 years old,Female,9th grade,1.6,61.24,No
14 years old,Male,9th grade,1.78,58.97,No
16 years old,Female,10th grade,1.63,63.5,No
16 years old,Male,10th grade,1.75,72.58,No
16 years old,Female,11th grade,1.68,58.51,No
14 years old,Female,9th grade,1.63,74.84,No
15 years old,Female,9th grade,1.63,70.31,No
16 years old,Female,10th grade,1.65,61.69,No
17 years old,Male,12th grade,1.9,77.11,No
18 years old or older,Male,12th grade,1.83,79.38,No
15 years old,Female,10th grade,1.63,83.92,No
15 years old,Female,9th grade,1.6,44.45,No
15 years old,Female,9th grade,1.68,80.29,Yes
16 years old,Female,10th grade,1.6,63.5,No
16 years old,Female,11th grade,1.57,104.33,No
17 years old,Female,10th grade,1.7,74.84,No
14 years old,Female,9th grade,1.6,70.76,No
15 years old,Male,9th grade,1.63,95.26,No
15 years old,Female,10th grade,1.73,45.36,Yes
17 years old,Male,11th grade,1.63,58.97,No
16 years old,Male,11th grade,1.8,74.84,No
16 years old,Male,12th grade,1.85,92.08,Yes
14 years old,Female,9th grade,1.65,63.5,No
15 years old,Female,9th grade,1.5,68.04,Yes
17 years old,Male,11th grade,1.83,78.93,No
15 years old,Male,9th grade,1.68,52.16,No
17 years old,Male,11th grade,1.78,61.24,No
14 years old,Female,9th grade,1.7,63.5,No
14 years old,Female,9th grade,1.7,58.97,No
18 years old or older,Male,12th grade,1.63,56.7,No
17 years old,Female,11th grade,1.6,86.18,No
18 years old or older,Male,12th grade,1.8,63.5,No
17 years old,Female,11th grade,1.8,116.12,No
18 years old or older,Male,12th grade,1.88,70.31,No
18 years old or older,Female,12th grade,1.63,49.9,Yes
17 years old,Female,11th grade,1.6,61.24,No
18 years old or older,Female,12th grade,1.63,63.5,No
18 years old or older,Male,12th grade,1.7,78.02,No
18 years old or older,Male,12th grade,1.83,56.7,No
18 years old or older,Male,12th grade,1.83,76.66,No
17 years old,Female,12th grade,1.78,63.5,No
18 years old or older,Male,12th grade,1.9,124.74,No
18 years old or older,Male,12th grade,1.8,72.58,Yes
18 years old or older,Female,12th grade,1.6,55.79,No
17 years old,Female,11th grade,1.57,54.43,Yes
18 years old or older,Female,12th grade,1.63,122.47,No
18 years old or older,Male,12th grade,1.8,90.72,No
18 years old or older,Female,11th grade,1.6,55.34,Yes
18 years old or older,Female,12th grade,1.6,68.04,Yes
18 years old or older,Male,12th grade,1.78,56.7,No
17 years old,Female,11th grade,1.63,69.85,No
17 years old,Male,12th grade,1.73,63.5,No
17 years old,Male,12th grade,1.68,72.58,No
18 years old or older,Male,12th grade,1.85,63.5,No
16 years old,Male,11th grade,1.73,99.79,No
18 years old or older,Female,12th grade,1.7,68.04,No
18 years old or older,Male,12th grade,1.9,90.72,No
16 years old,Female,11th grade,1.75,63.5,No
15 years old,Male,9th grade,1.8,95.26,No
17 years old,Male,11th grade,1.96,95.26,No
16 years old,Male,9th grade,1.7,58.97,No
15 years old,Female,9th grade,1.57,35.38,Yes
16 years old,Female,10th grade,1.6,50.8,No
15 years old,Male,9th grade,1.85,56.7,Yes
17 years old,Male,12th grade,1.83,120.2,No
16 years old,Male,9th grade,1.65,52.16,No
16 years old,Male,10th grade,1.68,61.24,No
17 years old,Male,10th grade,1.85,79.38,No
15 years old,Male,9th grade,1.57,117.94,Yes
15 years old,Female,9th grade,1.7,70.31,No
17 years old,Male,10th grade,1.8,94.35,No
15 years old,Male,9th grade,1.75,83.92,No
17 years old,Male,11th grade,1.88,68.04,No
15 years old,Male,9th grade,1.65,72.58,No
15 years old,Female,9th grade,1.68,48.54,No
17 years old,Male,11th grade,1.73,65.77,No
14 years old,Male,9th grade,1.78,88.45,No
15 years old,Female,10th grade,1.6,48.54,No
16 years old,Male,11th grade,1.88,63.5,Yes
14 years old,Female,9th grade,1.7,90.72,No
17 years old,Male,11th grade,1.73,74.84,No
15 years old,Male,9th grade,1.8,65.77,No
15 years old,Male,9th grade,1.78,55.79,Yes
15 years old,Male,9th grade,1.73,58.97,No
16 years old,Male,10th grade,1.73,49.9,No
16 years old,Female,10th grade,1.52,50.8,Yes
15 years old,Male,9th grade,1.83,86.64,No
17 years old,Male,10th grade,1.8,61.24,Yes
16 years old,Male,10th grade,1.83,65.77,No
14 years old,Female,9th grade,1.65,52.16,Yes
15 years old,Male,9th grade,1.78,72.58,No
15 years old,Female,9th grade,1.68,76.2,Yes
16 years old,Male,10th grade,1.78,63.5,No
16 years old,Male,10th grade,1.63,57.15,Yes
15 years old,Male,9th grade,1.73,58.97,No
15 years old,Male,9th grade,1.65,46.72,No
17 years old,Female,11th grade,1.63,136.08,No
15 years old,Male,9th grade,1.78,58.97,No
17 years old,Female,11th grade,1.63,52.16,No
17 years old,Male,11th grade,1.73,68.04,No
14 years old,Male,9th grade,1.6,47.63,No
16 years old,Female,9th grade,1.6,50.8,No
17 years old,Male,11th grade,1.8,122.47,No
15 years old,Female,9th grade,1.65,56.7,Yes
16 years old,Male,10th grade,1.7,106.6,No
16 years old,Male,10th grade,1.83,70.31,No
15 years old,Female,9th grade,1.63,54.43,No
15 years old,Female,10th grade,1.57,74.84,Yes
17 years old,Female,11th grade,1.65,66.23,No
17 years old,Female,11th grade,1.65,81.65,No
15 years old,Female,9th grade,1.7,52.16,Yes
16 years old,Male,10th grade,1.73,68.04,No
16 years old,Female,10th grade,1.65,53.52,Yes
16 years old,Female,9th grade,1.65,61.24,No
17 years old,Male,11th grade,1.83,97.52,No
15 years old,Male,9th grade,1.78,90.72,Yes
17 years old,Male,11th grade,1.83,61.24,No
15 years old,Female,9th grade,1.68,61.24,No
17 years old,Female,11th grade,1.52,49.9,No
15 years old,Male,9th grade,1.83,72.58,No
16 years old,Male,10th grade,1.85,81.65,No
15 years old,Female,10th grade,1.75,79.38,Yes
16 years old,Female,10th grade,1.68,60.33,Yes
16 years old,Male,10th grade,1.9,63.5,No
16 years old,Female,10th grade,1.68,52.16,No
16 years old,Female,10th grade,1.6,56.7,Yes
15 years old,Male,9th grade,1.52,43.09,No
17 years old,Male,10th grade,1.83,88,No
16 years old,Female,10th grade,1.68,86.18,No
16 years old,Male,9th grade,1.8,111.59,No
16 years old,Male,10th grade,1.83,65.77,No
16 years old,Female,10th grade,1.6,61.24,No
15 years old,Female,9th grade,1.68,58.97,No
15 years old,Male,9th grade,1.63,45.36,No
16 years old,Male,10th grade,1.7,85.73,Yes
16 years old,Female,10th grade,1.75,56.7,No
15 years old,Male,9th grade,1.83,61.24,Yes
16 years old,Female,10th grade,1.57,61.69,No
16 years old,Female,10th grade,1.57,77.11,Yes
16 years old,Male,10th grade,1.75,58.97,Yes
18 years old or older,Female,12th grade,1.65,58.06,No
18 years old or older,Male,12th grade,1.7,69.4,No
18 years old or older,Male,12th grade,1.73,111.13,No
18 years old or older,Female,12th grade,1.68,65.77,No
18 years old or older,Female,12th grade,1.68,53.98,No
18 years old or older,Female,12th grade,1.6,60.78,No
18 years old or older,Male,12th grade,1.73,81.65,No
17 years old,Male,12th grade,1.78,116.12,No
18 years old or older,Female,12th grade,1.68,49.9,No
18 years old or older,Female,12th grade,1.55,48.99,Yes
18 years old or older,Female,12th grade,1.8,62.6,No
15 years old,Male,9th grade,1.73,84.37,No
15 years old,Male,9th grade,1.73,56.7,No
15 years old,Male,9th grade,1.85,72.58,Yes
16 years old,Female,10th grade,1.55,50.35,No
16 years old,Male,11th grade,1.78,79.38,No
17 years old,Male,12th grade,1.83,79.38,No
16 years old,Male,11th grade,1.83,90.72,No
18 years old or older,Male,12th grade,1.83,88.45,No
16 years old,Female,10th grade,1.65,72.58,No
15 years old,Male,10th grade,1.68,56.7,No
17 years old,Female,11th grade,1.63,88.45,No
18 years old or older,Male,12th grade,1.88,92.99,No
16 years old,Male,10th grade,1.73,113.4,No
15 years old,Female,9th grade,1.78,145.15,Yes
16 years old,Female,10th grade,1.52,58.51,No
17 years old,Male,12th grade,1.73,63.5,No
18 years old or older,Male,11th grade,1.88,77.11,No
17 years old,Female,12th grade,1.65,63.5,Yes
16 years old,Female,11th grade,1.78,65.77,No
15 years old,Male,9th grade,1.78,58.97,No
14 years old,Male,9th grade,1.73,102.06,No
16 years old,Male,10th grade,1.7,65.77,No
16 years old,Female,11th grade,1.68,58.97,No
17 years old,Male,12th grade,1.83,72.58,Yes
14 years old,Female,9th grade,1.52,49.9,No
15 years old,Male,9th grade,1.78,90.72,No
15 years old,Male,10th grade,1.7,54.89,No
17 years old,Female,11th grade,1.52,44.91,No
17 years old,Male,12th grade,1.65,61.24,Yes
16 years old,Male,11th grade,1.83,68.04,No
18 years old or older,Female,12th grade,1.68,58.97,No
16 years old,Male,10th grade,1.65,61.24,No
16 years old,Male,10th grade,1.68,63.5,No
15 years old,Male,9th grade,1.7,49.9,No
16 years old,Male,10th grade,1.7,113.4,No
16 years old,Female,11th grade,1.7,74.84,No
17 years old,Male,12th grade,1.7,104.33,No
16 years old,Female,10th grade,1.73,90.72,No
18 years old or older,Female,12th grade,1.73,74.84,No
15 years old,Female,10th grade,1.57,49.9,No
15 years old,Male,9th grade,1.85,101.15,No
14 years old,Male,9th grade,1.8,95.26,No
16 years old,Male,10th grade,1.75,58.97,No
16 years old,Male,11th grade,1.83,83.92,No
17 years old,Female,11th grade,1.75,61.24,No
17 years old,Female,12th grade,1.65,56.7,No
15 years old,Male,10th grade,1.7,53.07,No
16 years old,Female,9th grade,1.55,96.62,Yes
15 years old,Female,9th grade,1.7,52.16,Yes
18 years old or older,Male,12th grade,1.68,61.24,No
16 years old,Male,11th grade,1.8,72.58,No
17 years old,Female,10th grade,1.73,90.72,No
14 years old,Male,9th grade,1.85,95.26,No
16 years old,Male,10th grade,1.57,47.63,Yes
17 years old,Male,11th grade,1.78,111.13,Yes
17 years old,Female,12th grade,1.55,56.7,Yes
17 years old,Female,11th grade,1.52,44.45,No
18 years old or older,Female,12th grade,1.57,113.4,No
16 years old,Female,10th grade,1.8,70.31,No
15 years old,Male,9th grade,1.9,86.18,Yes
15 years old,Female,9th grade,1.6,58.97,Yes
16 years old,Female,10th grade,1.6,56.7,Yes
18 years old or older,Male,12th grade,1.7,68.95,No
17 years old,Male,12th grade,1.65,92.99,No
16 years old,Female,10th grade,1.63,57.15,No
15 years old,Male,9th grade,1.6,52.16,No
15 years old,Male,9th grade,1.8,63.5,No
16 years old,Male,10th grade,1.85,90.72,No
17 years old,Male,11th grade,1.88,92.99,No
17 years old,Female,12th grade,1.68,56.7,No
16 years old,Male,11th grade,1.73,49.9,No
18 years old or older,Male,12th grade,1.68,129.28,Yes
16 years old,Male,10th grade,1.73,68.04,Yes
14 years old,Female,9th grade,1.63,67.13,No
14 years old,Male,9th grade,1.78,53.52,No
16 years old,Male,10th grade,1.8,86.18,Yes
16 years old,Female,11th grade,1.63,55.34,No
17 years old,Female,12th grade,1.73,77.11,No
17 years old,Female,11th grade,1.65,81.65,Yes
17 years old,Male,12th grade,1.85,110.22,No
16 years old,Male,10th grade,1.85,83.92,No
14 years old,Female,9th grade,1.7,58.97,No
14 years old,Male,9th grade,1.83,61.24,No
18 years old or older,Male,12th grade,1.7,65.77,No
17 years old,Male,12th grade,1.83,83.92,No
17 years old,Female,12th grade,1.6,59.88,Yes
15 years old,Female,10th grade,1.65,58.97,Yes
15 years old,Male,9th grade,1.8,86.18,No
17 years old,Male,12th grade,1.63,63.5,No
17 years old,Female,11th grade,1.68,79.38,No
17 years old,Female,12th grade,1.68,65.77,No
15 years old,Female,10th grade,1.63,54.43,No
15 years old,Female,9th grade,1.5,40.82,No
17 years old,Male,12th grade,1.88,54.43,No
16 years old,Female,11th grade,1.65,49.9,No
18 years old or older,Male,12th grade,1.78,158.76,No
15 years old,Female,10th grade,1.57,49.9,No
16 years old,Female,10th grade,1.57,54.43,No
15 years old,Male,10th grade,1.78,70.31,No
16 years old,Female,11th grade,1.57,48.99,No
16 years old,Female,11th grade,1.6,63.5,No
17 years old,Female,12th grade,1.68,63.5,No
16 years old,Male,10th grade,1.73,67.13,No
14 years old,Male,9th grade,1.78,65.77,No
15 years old,Female,10th grade,1.63,51.71,No
16 years old,Male,11th grade,1.96,72.58,No
18 years old or older,Male,12th grade,1.78,68.04,No
16 years old,Male,11th grade,1.9,124.74,No
18 years old or older,Male,12th grade,1.88,71.67,No
16 years old,Male,10th grade,1.75,63.05,No
15 years old,Male,9th grade,1.6,51.71,No
16 years old,Male,10th grade,1.83,81.65,No
17 years old,Male,11th grade,1.73,61.24,No
18 years old or older,Male,12th grade,1.6,43.09,No
17 years old,Male,11th grade,1.8,68.04,No
18 years old or older,Male,12th grade,1.8,90.72,Yes
16 years old,Male,10th grade,1.8,86.18,No
15 years old,Male,9th grade,1.9,77.11,Yes
15 years old,Male,9th grade,1.68,68.04,No
16 years old,Female,10th grade,1.65,68.04,No
17 years old,Female,11th grade,1.57,60.78,No
17 years old,Female,12th grade,1.55,58.06,Yes
18 years old or older,Male,12th grade,1.83,86.18,No
16 years old,Male,10th grade,1.7,56.7,Yes
14 years old,Male,9th grade,1.73,68.04,Yes
16 years old,Male,10th grade,1.63,45.36,No
17 years old,Female,11th grade,1.63,63.5,No
18 years old or older,Female,12th grade,1.55,47.17,No
17 years old,Male,11th grade,1.65,55.79,No
18 years old or older,Male,12th grade,1.83,99.79,Yes
16 years old,Female,10th grade,1.6,72.58,No
15 years old,Male,9th grade,1.75,113.4,No
15 years old,Female,9th grade,1.45,37.65,No
15 years old,Female,10th grade,1.55,58.97,No
17 years old,Female,11th grade,1.65,61.24,No
17 years old,Male,11th grade,1.85,65.77,No
18 years old or older,Female,12th grade,1.5,44.45,No
14 years old,Female,9th grade,1.68,52.16,No
15 years old,Male,9th grade,1.8,95.26,No
15 years old,Female,10th grade,1.65,68.04,No
16 years old,Male,11th grade,1.8,72.58,No
16 years old,Female,11th grade,1.65,52.16,No
18 years old or older,Male,12th grade,1.85,85.73,No
14 years old,Male,9th grade,1.83,65.77,No
15 years old,Female,9th grade,1.73,45.36,No
15 years old,Female,9th grade,1.63,45.36,Yes
15 years old,Female,10th grade,1.57,50.35,No
17 years old,Male,11th grade,1.73,158.76,No
16 years old,Female,11th grade,1.65,77.11,No
17 years old,Female,12th grade,1.7,58.97,No
16 years old,Female,10th grade,1.68,63.5,No
14 years old,Male,10th grade,1.78,72.58,No
15 years old,Male,9th grade,1.63,58.97,Yes
15 years old,Female,10th grade,1.68,49.9,No
17 years old,Male,12th grade,1.78,53.52,No
17 years old,Female,12th grade,1.73,97.52,No
17 years old,Male,11th grade,1.63,52.16,No
18 years old or older,Female,12th grade,1.68,53.52,No
15 years old,Male,10th grade,1.78,68.95,No
15 years old,Male,9th grade,1.78,60.78,Yes
15 years old,Male,10th grade,1.75,61.24,No
16 years old,Male,11th grade,1.78,70.31,No
17 years old,Male,12th grade,1.83,72.58,No
17 years old,Male,12th grade,1.63,76.2,No
17 years old,Female,10th grade,1.55,52.62,No
14 years old,Male,9th grade,1.65,71.22,No
15 years old,Female,9th grade,1.83,83.01,No
17 years old,Male,11th grade,1.8,83.92,No
17 years old,Male,11th grade,1.75,64.86,No
16 years old,Female,11th grade,1.68,54.43,No
17 years old,Female,11th grade,1.7,58.97,No
17 years old,Female,11th grade,1.55,52.16,Yes
16 years old,Female,11th grade,1.63,52.16,No
17 years old,Female,11th grade,1.63,52.16,No
17 years old,Male,11th grade,1.83,61.69,No
17 years old,Female,11th grade,1.68,58.97,No
17 years old,Female,11th grade,1.6,56.7,Yes
17 years old,Female,11th grade,1.63,61.24,No
16 years old,Female,11th grade,1.63,68.04,Yes
18 years old or older,Male,12th grade,1.73,81.65,No
18 years old or older,Female,12th grade,1.47,46.72,No
17 years old,Female,12th grade,1.65,99.79,No
18 years old or older,Male,12th grade,1.73,88.45,No
17 years old,Male,12th grade,1.73,62.6,Yes
16 years old,Female,10th grade,1.57,52.62,No
15 years old,Male,9th grade,1.68,72.58,No
15 years old,Male,9th grade,1.85,63.5,Yes
14 years old,Female,9th grade,1.7,81.65,No
14 years old,Male,9th grade,1.68,56.7,Yes
15 years old,Female,9th grade,1.65,58.06,No
16 years old,Male,10th grade,1.9,90.72,No
16 years old,Male,11th grade,1.73,68.04,No
18 years old or older,Male,12th grade,1.75,61.24,No
17 years old,Male,12th grade,1.83,95.26,No
15 years old,Male,9th grade,1.65,53.52,Yes
14 years old,Male,9th grade,1.65,81.65,No
16 years old,Male,10th grade,1.73,56.7,No
16 years old,Male,11th grade,1.78,90.72,No
17 years old,Male,12th grade,1.83,72.58,Yes
18 years old or older,Female,12th grade,1.65,61.24,Yes
16 years old,Male,10th grade,1.8,68.04,No
14 years old,Female,9th grade,1.5,44,Yes
17 years old,Female,11th grade,1.55,48.99,No
17 years old,Female,12th grade,1.63,104.33,No
17 years old,Female,12th grade,1.65,67.13,No
16 years old,Female,10th grade,1.52,63.5,No
15 years old,Female,9th grade,1.57,53.52,No
14 years old,Female,9th grade,1.57,63.5,No
16 years old,Male,10th grade,1.83,52.62,Yes
17 years old,Female,11th grade,1.7,81.65,Yes
16 years old,Male,11th grade,1.75,70.31,No
18 years old or older,Female,12th grade,1.63,47.63,Yes
17 years old,Female,12th grade,1.57,68.04,No
16 years old,Male,10th grade,1.8,68.04,No
15 years old,Female,9th grade,1.6,52.62,Yes
15 years old,Female,9th grade,1.6,58.97,No
16 years old,Male,10th grade,1.8,88.45,Yes
16 years old,Male,11th grade,1.88,86.18,No
16 years old,Female,11th grade,1.57,81.65,No
17 years old,Female,12th grade,1.6,72.58,No
17 years old,Male,12th grade,1.88,97.52,No
15 years old,Male,10th grade,1.83,101.15,No
14 years old,Female,9th grade,1.65,79.38,No
16 years old,Male,10th grade,1.65,66.68,No
16 years old,Female,11th grade,1.7,68.04,No
16 years old,Male,11th grade,1.88,104.33,No
18 years old or older,Male,12th grade,1.8,68.04,No
18 years old or older,Female,12th grade,1.6,54.89,No
16 years old,Female,10th grade,1.68,63.5,Yes
16 years old,Male,10th grade,1.85,83.92,No
16 years old,Male,11th grade,1.75,59.88,No
18 years old or older,Male,12th grade,1.98,54.43,No
18 years old or older,Male,12th grade,1.85,61.24,No
14 years old,Female,9th grade,1.65,52.16,No
15 years old,Male,10th grade,1.9,74.84,No
17 years old,Male,11th grade,1.8,63.96,No
16 years old,Male,11th grade,1.78,58.97,Yes
18 years old or older,Male,12th grade,1.83,95.26,No
16 years old,Female,10th grade,1.55,54.43,No
15 years old,Female,9th grade,1.65,44.45,Yes
17 years old,Female,11th grade,1.65,55.79,Yes
18 years old or older,Female,12th grade,1.57,50.8,No
18 years old or older,Male,12th grade,1.9,102.06,No
15 years old,Female,10th grade,1.73,81.65,Yes
15 years old,Male,9th grade,1.52,78.02,No
17 years old,Female,11th grade,1.68,60.33,No
16 years old,Female,11th grade,1.7,69.4,Yes
18 years old or older,Male,12th grade,1.85,81.65,No
18 years old or older,Male,12th grade,1.78,81.65,No
16 years old,Female,10th grade,1.65,70.31,No
15 years old,Male,9th grade,1.83,65.77,No
15 years old,Female,10th grade,1.6,52.62,Yes
17 years old,Male,11th grade,1.78,94.8,No
18 years old or older,Male,12th grade,1.8,104.33,No
17 years old,Female,12th grade,1.6,48.54,Yes
15 years old,Female,10th grade,1.7,59.88,No
14 years old,Female,9th grade,1.65,57.15,Yes
16 years old,Male,10th grade,1.75,108.86,Yes
17 years old,Male,11th grade,1.75,68.95,No
16 years old,Male,11th grade,1.75,77.11,No
17 years old,Male,12th grade,1.7,63.5,No
18 years old or older,Female,12th grade,1.57,65.77,No
15 years old,Female,10th grade,1.68,65.77,Yes
14 years old,Male,9th grade,1.85,97.52,No
15 years old,Male,10th grade,1.7,86.18,No
17 years old,Male,11th grade,1.83,58.06,No
18 years old or older,Male,12th grade,1.68,81.65,No
18 years old or older,Male,12th grade,1.8,68.04,Yes
15 years old,Male,10th grade,1.65,58.51,No
14 years old,Female,9th grade,1.65,47.63,No
15 years old,Female,10th grade,1.7,58.97,No
14 years old,Female,9th grade,1.63,59.88,Yes
16 years old,Female,9th grade,1.78,60.33,No
15 years old,Female,9th grade,1.78,60.33,No
17 years old,Male,11th grade,1.8,65.77,No
17 years old,Male,11th grade,1.88,95.26,No
18 years old or older,Female,12th grade,1.55,46.72,Yes
18 years old or older,Female,12th grade,1.63,53.98,No
16 years old,Male,10th grade,1.78,49.44,No
14 years old,Male,9th grade,1.7,58.97,No
14 years old,Male,9th grade,1.7,54.43,No
15 years old,Male,10th grade,1.83,72.58,No
16 years old,Male,11th grade,1.8,138.35,Yes
18 years old or older,Female,11th grade,1.57,61.24,No
17 years old,Male,12th grade,1.8,74.84,No
18 years old or older,Male,12th grade,1.88,77.11,Yes
16 years old,Male,10th grade,1.8,72.58,No
15 years old,Female,9th grade,1.6,49.9,No
14 years old,Male,9th grade,1.83,76.66,No
15 years old,Female,10th grade,1.73,56.7,No
16 years old,Female,11th grade,1.63,61.24,No
18 years old or older,Male,12th grade,1.8,74.84,Yes
15 years old,Male,10th grade,1.75,82.56,No
14 years old,Male,9th grade,1.68,86.18,No
15 years old,Male,9th grade,1.78,64.86,Yes
17 years old,Female,11th grade,1.78,83.92,Yes
17 years old,Male,11th grade,1.88,68.04,Yes
17 years old,Male,12th grade,1.75,72.58,No
16 years old,Male,10th grade,1.75,81.65,No
15 years old,Female,9th grade,1.7,52.16,No
14 years old,Male,9th grade,1.63,61.24,No
16 years old,Male,10th grade,1.75,52.16,No
17 years old,Male,11th grade,1.8,65.77,No
17 years old,Female,11th grade,1.6,58.97,Yes
17 years old,Male,12th grade,1.8,65.77,No
17 years old,Male,12th grade,1.9,70.31,No
15 years old,Female,10th grade,1.68,65.77,No
16 years old,Female,10th grade,1.63,63.5,Yes
14 years old,Male,9th grade,1.68,88.91,Yes
15 years old,Female,10th grade,1.73,62.6,No
17 years old,Male,11th grade,1.8,58.97,No
18 years old or older,Female,12th grade,1.68,68.04,No
17 years old,Male,12th grade,1.78,68.04,No
17 years old,Female,12th grade,1.7,54.89,Yes
15 years old,Male,10th grade,1.78,68.04,No
16 years old,Male,10th grade,1.75,68.04,No
15 years old,Female,10th grade,1.57,54.43,No
16 years old,Male,10th grade,1.83,74.84,No
17 years old,Female,11th grade,1.63,80.74,No
17 years old,Male,11th grade,1.88,121.56,No
17 years old,Male,12th grade,1.78,70.31,No
16 years old,Female,10th grade,1.73,71.67,Yes
14 years old,Female,9th grade,1.4,34.02,No
15 years old,Male,9th grade,1.63,63.5,No
16 years old,Male,10th grade,1.73,63.5,No
17 years old,Male,11th grade,1.75,127.01,Yes
18 years old or older,Male,12th grade,1.8,65.77,No
18 years old or older,Male,12th grade,1.8,108.86,No
16 years old,Male,10th grade,1.73,56.7,No
14 years old,Male,9th grade,1.65,53.07,No
15 years old,Male,9th grade,1.75,61.24,No
16 years old,Male,10th grade,1.8,84.37,No
16 years old,Male,11th grade,1.85,84.82,No
17 years old,Male,11th grade,1.73,54.43,No
18 years old or older,Male,12th grade,1.9,95.26,No
15 years old,Male,10th grade,1.63,72.58,No
14 years old,Female,9th grade,1.6,47.63,No
15 years old,Female,9th grade,1.45,38.56,No
16 years old,Male,10th grade,1.73,81.65,No
16 years old,Male,11th grade,1.73,70.31,No
16 years old,Female,11th grade,1.55,57.61,No
17 years old,Male,12th grade,1.88,83.92,No
18 years old or older,Female,12th grade,1.57,63.5,Yes
16 years old,Female,10th grade,1.57,45.36,No
15 years old,Male,9th grade,1.8,52.16,No
17 years old,Male,11th grade,1.63,43.55,No
17 years old,Male,11th grade,1.7,72.58,No
17 years old,Male,11th grade,1.7,54.43,Yes
17 years old,Male,11th grade,1.96,95.26,No
18 years old or older,Male,11th grade,1.83,65.77,No
15 years old,Male,9th grade,1.7,97.52,No
16 years old,Male,11th grade,1.78,48.54,Yes
17 years old,Male,12th grade,1.7,68.49,No
15 years old,Male,9th grade,1.83,117.94,No
17 years old,Female,12th grade,1.7,61.24,No
15 years old,Male,9th grade,1.75,68.04,Yes
16 years old,Female,11th grade,1.55,59.88,No
17 years old,Male,12th grade,1.8,77.11,No
15 years old,Male,9th grade,1.65,45.36,No
17 years old,Female,11th grade,1.52,44,No
16 years old,Male,11th grade,1.6,58.97,No
18 years old or older,Male,12th grade,1.96,88.45,No
16 years old,Male,11th grade,1.6,74.84,No
17 years old,Female,11th grade,1.52,49.9,No
18 years old or older,Male,12th grade,1.88,99.79,No
14 years old,Male,9th grade,1.8,90.27,No
18 years old or older,Male,12th grade,1.7,61.69,No
16 years old,Male,11th grade,1.78,59.88,No
18 years old or older,Male,12th grade,1.96,82.1,Yes
17 years old,Male,12th grade,1.73,88.45,No
14 years old,Female,9th grade,1.6,61.24,No
16 years old,Male,11th grade,1.7,63.96,No
16 years old,Male,11th grade,1.75,86.18,Yes
18 years old or older,Female,12th grade,1.52,65.77,No
17 years old,Female,11th grade,1.52,43.09,No
18 years old or older,Male,12th grade,1.68,62.6,No
15 years old,Female,9th grade,1.63,88,No
17 years old,Female,11th grade,1.63,87.54,Yes
16 years old,Female,11th grade,1.6,54.43,No
15 years old,Female,10th grade,1.63,54.43,No
16 years old,Female,10th grade,1.68,54.43,No
16 years old,Female,10th grade,1.6,79.38,No
16 years old,Female,11th grade,1.6,49.9,No
15 years old,Female,10th grade,1.6,45.36,Yes
16 years old,Female,10th grade,1.63,58.06,Yes
17 years old,Male,12th grade,1.7,82.56,No
15 years old,Male,9th grade,1.63,58.97,No
16 years old,Male,10th grade,1.65,70.76,No
14 years old,Female,9th grade,1.65,68.04,No
16 years old,Female,11th grade,1.55,53.07,No
16 years old,Female,10th grade,1.55,47.63,No
17 years old,Male,11th grade,1.85,97.52,No
16 years old,Male,10th grade,1.7,90.72,No
16 years old,Female,10th grade,1.68,65.77,Yes
14 years old,Male,9th grade,1.68,88,Yes
15 years old,Male,10th grade,1.8,92.99,No
15 years old,Male,9th grade,1.85,84.37,No
15 years old,Female,9th grade,1.78,73.94,Yes
16 years old,Female,11th grade,1.63,52.16,No
16 years old,Male,11th grade,1.96,149.69,No
15 years old,Male,9th grade,1.73,57.15,No
17 years old,Female,11th grade,1.5,44.45,No
15 years old,Female,9th grade,1.5,37.65,No
17 years old,Female,11th grade,1.63,65.77,Yes
15 years old,Female,9th grade,1.63,59.88,No
16 years old,Male,10th grade,1.73,65.77,No
15 years old,Male,9th grade,1.9,140.62,No
14 years old,Female,9th grade,1.57,55.34,No
17 years old,Female,11th grade,1.65,72.58,Yes
14 years old,Male,9th grade,1.93,90.72,Yes
15 years old,Male,10th grade,1.68,56.7,No
14 years old,Female,9th grade,1.52,54.43,No
14 years old,Male,9th grade,1.8,88.45,No
17 years old,Male,11th grade,1.88,88.91,Yes
15 years old,Female,9th grade,1.55,55.34,No
16 years old,Female,11th grade,1.55,61.24,Yes
17 years old,Female,11th grade,1.4,61.24,Yes
15 years old,Male,9th grade,1.65,54.43,No
15 years old,Male,10th grade,1.73,107.96,No
14 years old,Male,9th grade,1.78,59.88,Yes
14 years old,Female,9th grade,1.52,54.43,Yes
16 years old,Male,11th grade,1.8,96.16,No
17 years old,Female,11th grade,1.52,49.9,No
15 years old,Female,9th grade,1.75,124.74,Yes
15 years old,Female,10th grade,1.63,58.51,No
14 years old,Male,9th grade,1.83,73.48,No
15 years old,Female,9th grade,1.68,65.77,Yes
17 years old,Male,11th grade,1.7,61.69,No
16 years old,Male,11th grade,1.63,49.9,No
15 years old,Male,9th grade,1.63,63.5,Yes
15 years old,Female,10th grade,1.68,54.43,Yes
15 years old,Female,9th grade,1.7,72.58,No
15 years old,Male,9th grade,1.83,73.94,No
17 years old,Female,11th grade,1.7,106.6,Yes
16 years old,Male,11th grade,1.73,61.24,No
15 years old,Male,9th grade,1.65,61.24,Yes
16 years old,Male,10th grade,1.73,106.6,No
15 years old,Male,9th grade,1.65,61.24,No
14 years old,Female,9th grade,1.75,74.84,No
16 years old,Male,11th grade,1.8,65.77,Yes
17 years old,Female,11th grade,1.83,68.04,No
14 years old,Female,9th grade,1.63,80.74,No
15 years old,Male,10th grade,1.7,70.31,Yes
15 years old,Female,9th grade,1.63,46.27,Yes
15 years old,Female,9th grade,1.63,51.26,No
16 years old,Male,11th grade,1.73,67.13,No
15 years old,Female,9th grade,1.57,43.09,Yes
16 years old,Male,10th grade,1.83,106.6,No
14 years old,Female,9th grade,1.63,56.7,No
15 years old,Male,9th grade,1.8,54.89,No
16 years old,Female,10th grade,1.6,57.15,Yes
14 years old,Male,9th grade,1.57,39.46,No
15 years old,Male,9th grade,1.6,52.62,No
16 years old,Female,11th grade,1.6,58.97,No
14 years old,Male,9th grade,1.68,64.41,No
15 years old,Female,10th grade,1.57,49.44,No
15 years old,Female,9th grade,1.57,63.5,No
17 years old,Female,11th grade,1.7,63.96,Yes
17 years old,Male,11th grade,1.88,68.95,No
14 years old,Male,9th grade,1.6,61.24,No
17 years old,Female,11th grade,1.52,104.33,No
17 years old,Female,11th grade,1.65,74.84,Yes
15 years old,Female,9th grade,1.73,59.42,No
16 years old,Male,10th grade,1.88,77.11,Yes
14 years old,Female,9th grade,1.57,45.36,No
15 years old,Male,9th grade,1.88,108.86,No
16 years old,Male,11th grade,1.85,65.77,No
14 years old,Male,9th grade,1.73,83.01,Yes
15 years old,Male,9th grade,1.8,104.33,No
17 years old,Female,11th grade,1.65,80.74,No
15 years old,Female,9th grade,1.57,74.84,No
15 years old,Male,10th grade,1.68,86.18,Yes
14 years old,Female,9th grade,1.75,125.65,No
15 years old,Male,9th grade,1.75,58.97,No
17 years old,Male,11th grade,1.7,83.92,No
14 years old,Male,9th grade,1.63,83.01,No
15 years old,Female,10th grade,1.6,52.16,Yes
14 years old,Male,9th grade,1.68,55.34,No
15 years old,Male,9th grade,1.8,63.5,Yes
16 years old,Female,11th grade,1.5,61.24,No
15 years old,Male,9th grade,1.6,47.63,Yes
15 years old,Male,9th grade,1.73,79.38,No
15 years old,Male,9th grade,1.7,108.86,No
18 years old or older,Male,12th grade,1.85,68.04,No
17 years old,Male,12th grade,1.83,68.04,No
17 years old,Male,12th grade,1.75,74.39,No
16 years old,Female,10th grade,1.63,73.03,Yes
17 years old,Male,12th grade,1.75,77.11,No
16 years old,Male,10th grade,1.85,77.11,No
17 years old,Male,12th grade,1.78,83.92,No
17 years old,Male,12th grade,1.83,92.99,No
16 years old,Male,10th grade,1.75,61.24,No
17 years old,Male,12th grade,1.88,90.72,No
18 years old or older,Female,12th grade,1.6,58.06,Yes
16 years old,Male,10th grade,1.73,71.67,No
16 years old,Female,10th grade,1.63,77.11,Yes
18 years old or older,Male,12th grade,1.83,74.84,No
17 years old,Male,12th grade,1.8,54.43,Yes
17 years old,Male,12th grade,1.78,88.45,No
16 years old,Male,10th grade,1.75,69.4,No
18 years old or older,Female,12th grade,1.68,92.08,No
18 years old or older,Male,12th grade,1.68,52.16,No
18 years old or older,Female,12th grade,1.52,70.31,Yes
15 years old,Female,10th grade,1.52,71.67,Yes
18 years old or older,Female,12th grade,1.75,79.38,No
15 years old,Female,10th grade,1.63,63.5,Yes
17 years old,Female,12th grade,1.6,50.8,Yes
16 years old,Female,10th grade,1.55,66.68,Yes
18 years old or older,Female,12th grade,1.7,63.5,No
18 years old or older,Male,12th grade,1.73,63.5,No
18 years old or older,Male,12th grade,1.85,75.75,No
15 years old,Male,10th grade,1.75,70.31,No
15 years old,Female,10th grade,1.65,77.11,No
18 years old or older,Female,12th grade,1.63,97.52,No
17 years old,Female,12th grade,1.7,71.22,No
18 years old or older,Female,12th grade,1.7,63.5,Yes
16 years old,Female,10th grade,1.65,56.7,Yes
18 years old or older,Male,12th grade,1.8,79.38,No
16 years old,Male,10th grade,1.73,52.62,Yes
16 years old,Female,10th grade,1.65,104.33,No
18 years old or older,Female,12th grade,1.57,58.97,No
18 years old or older,Male,12th grade,1.88,86.64,Yes
18 years old or older,Female,12th grade,1.6,68.04,Yes
16 years old,Female,10th grade,1.63,68.04,Yes
17 years old,Female,12th grade,1.57,97.52,No
18 years old or older,Male,12th grade,1.93,63.5,No
18 years old or older,Female,12th grade,1.63,58.97,No
17 years old,Female,12th grade,1.6,63.5,No
17 years old,Male,12th grade,1.73,72.58,No
17 years old,Male,12th grade,1.83,63.05,No
18 years old or older,Female,12th grade,1.5,53.07,No
18 years old or older,Female,12th grade,1.68,58.97,No
18 years old or older,Male,12th grade,1.75,90.72,No
15 years old,Male,10th grade,1.7,63.5,Yes
17 years old,Female,12th grade,1.7,64.41,Yes
18 years old or older,Male,12th grade,1.83,72.12,No
18 years old or older,Male,12th grade,1.75,60.33,Yes
16 years old,Male,10th grade,1.73,65.77,No
18 years old or older,Male,12th grade,1.83,97.52,No
16 years old,Male,10th grade,1.8,122.47,Yes
15 years old,Female,9th grade,1.52,36.74,Yes
16 years old,Female,11th grade,1.6,68.04,No
15 years old,Female,9th grade,1.65,61.24,No
16 years old,Female,11th grade,1.55,49.9,No
15 years old,Female,9th grade,1.6,76.2,Yes
15 years old,Male,9th grade,1.85,73.48,No
17 years old,Male,11th grade,1.83,113.4,No
16 years old,Male,9th grade,1.88,89.36,Yes
17 years old,Male,11th grade,1.93,83.92,No
14 years old,Female,9th grade,1.75,65.77,Yes
17 years old,Female,11th grade,1.75,68.04,No
14 years old,Female,9th grade,1.68,67.13,Yes
16 years old,Female,11th grade,1.7,63.5,No
14 years old,Male,9th grade,1.7,56.7,No
16 years old,Male,11th grade,1.68,63.5,No
14 years old,Female,9th grade,1.63,54.89,Yes
16 years old,Female,11th grade,1.73,61.24,No
14 years old,Female,9th grade,1.68,52.16,Yes
15 years old,Female,9th grade,1.75,56.7,Yes
16 years old,Male,11th grade,1.8,61.69,Yes
14 years old,Male,9th grade,1.85,95.26,Yes
17 years old,Male,11th grade,1.88,73.48,Yes
15 years old,Female,9th grade,1.8,72.58,No
16 years old,Female,11th grade,1.65,56.7,No
17 years old,Female,12th grade,1.65,70.31,No
15 years old,Male,9th grade,1.6,52.16,No
14 years old,Female,9th grade,1.75,81.65,Yes
17 years old,Female,12th grade,1.68,68.04,No
18 years old or older,Male,12th grade,1.83,117.94,No
15 years old,Female,10th grade,1.6,55.34,No
17 years old,Female,12th grade,1.68,56.7,No
15 years old,Female,10th grade,1.63,58.06,Yes
18 years old or older,Female,12th grade,1.6,58.97,No
16 years old,Female,10th grade,1.6,45.36,Yes
16 years old,Male,10th grade,1.8,77.11,No
18 years old or older,Female,12th grade,1.6,77.11,No
16 years old,Female,10th grade,1.65,68.04,No
16 years old,Male,10th grade,1.78,72.58,No
15 years old,Female,10th grade,1.75,54.43,No
16 years old,Female,10th grade,1.63,56.7,No
18 years old or older,Male,12th grade,1.98,142.88,No
15 years old,Male,10th grade,1.75,72.58,No
18 years old or older,Female,12th grade,1.73,108.86,No
15 years old,Male,10th grade,1.75,113.4,Yes
17 years old,Female,12th grade,1.75,61.24,No
15 years old,Male,10th grade,1.83,79.83,No
17 years old,Male,12th grade,1.83,62.14,No
16 years old,Female,10th grade,1.68,65.77,No
15 years old,Female,10th grade,1.57,49.9,No
15 years old,Female,10th grade,1.5,77.11,Yes
17 years old,Male,12th grade,1.9,83.92,No
15 years old,Female,10th grade,1.55,58.97,Yes
17 years old,Male,12th grade,1.96,92.99,No
15 years old,Male,10th grade,1.78,65.77,No
18 years old or older,Male,12th grade,1.78,77.11,No
16 years old,Female,10th grade,1.63,65.77,No
17 years old,Female,12th grade,1.63,52.16,No
16 years old,Female,10th grade,1.6,61.24,No
15 years old,Male,10th grade,1.65,65.77,No
16 years old,Female,10th grade,1.57,58.97,Yes
17 years old,Female,12th grade,1.7,61.24,No
14 years old,Female,9th grade,1.65,54.43,No
17 years old,Male,11th grade,1.9,81.65,No
15 years old,Male,9th grade,1.83,145.15,Yes
17 years old,Male,11th grade,1.88,79.38,No
15 years old,Female,9th grade,1.68,63.5,Yes
17 years old,Female,11th grade,1.42,40.82,No
17 years old,Female,11th grade,1.52,40.82,No
16 years old,Female,9th grade,1.7,86.18,Yes
15 years old,Male,9th grade,1.88,65.77,No
16 years old,Male,11th grade,1.75,65.77,No
14 years old,Male,9th grade,1.7,68.04,No
15 years old,Male,9th grade,1.63,52.16,No
17 years old,Male,11th grade,1.85,140.62,No
17 years old,Male,11th grade,1.75,58.51,No
14 years old,Male,9th grade,1.63,50.35,No
17 years old,Male,11th grade,1.8,68.95,No
15 years old,Female,10th grade,1.63,70.31,No
14 years old,Male,9th grade,1.65,63.5,No
17 years old,Female,11th grade,1.73,82.56,Yes
16 years old,Male,11th grade,1.83,104.33,No
15 years old,Male,10th grade,1.8,106.6,No
17 years old,Male,11th grade,1.65,58.97,No
16 years old,Female,10th grade,1.52,56.7,No
15 years old,Male,9th grade,1.83,72.58,No
16 years old,Male,11th grade,1.68,87.54,No
17 years old,Male,11th grade,1.68,63.5,No
15 years old,Male,10th grade,1.68,63.5,No
15 years old,Male,9th grade,1.68,58.97,Yes
16 years old,Male,11th grade,1.78,111.13,No
17 years old,Male,10th grade,1.8,72.58,No
14 years old,Male,9th grade,1.73,67.13,No
17 years old,Male,11th grade,1.6,58.51,No
18 years old or older,Female,12th grade,1.52,101.61,No
14 years old,Female,9th grade,1.52,51.26,No
17 years old,Female,11th grade,1.52,62.6,Yes
15 years old,Male,10th grade,1.75,104.33,No
15 years old,Female,9th grade,1.57,54.43,No
16 years old,Male,11th grade,1.78,72.58,No
18 years old or older,Female,11th grade,1.6,72.58,No
15 years old,Female,10th grade,1.55,50.8,No
17 years old,Male,11th grade,1.63,54.43,No
16 years old,Female,10th grade,1.57,48.99,No
15 years old,Female,9th grade,1.57,83.92,Yes
16 years old,Male,11th grade,1.98,133.81,No
16 years old,Male,10th grade,1.7,61.24,No
14 years old,Female,9th grade,1.6,72.58,No
15 years old,Female,9th grade,1.52,46.72,No
15 years old,Female,9th grade,1.52,50.8,Yes
15 years old,Male,9th grade,1.88,88,No
15 years old,Female,9th grade,1.57,48.99,No
15 years old,Female,9th grade,1.6,39.01,Yes
15 years old,Male,9th grade,1.7,86.18,Yes
15 years old,Male,9th grade,1.65,49.9,No
14 years old,Female,9th grade,1.5,58.97,Yes
15 years old,Male,9th grade,1.8,77.11,Yes
15 years old,Male,10th grade,1.8,73.94,No
15 years old,Female,10th grade,1.65,65.32,No
16 years old,Female,10th grade,1.6,72.58,Yes
16 years old,Male,10th grade,1.8,61.24,No
15 years old,Male,10th grade,1.75,72.58,No
15 years old,Male,9th grade,1.73,65.77,No
14 years old,Female,9th grade,1.57,52.16,No
16 years old,Male,10th grade,1.78,56.25,No
16 years old,Female,10th grade,1.65,56.7,Yes
16 years old,Male,10th grade,1.78,99.79,No
16 years old,Male,10th grade,1.78,63.5,No
16 years old,Female,10th grade,1.8,61.24,No
16 years old,Male,10th grade,1.83,73.94,No
16 years old,Female,10th grade,1.65,58.97,No
14 years old,Female,9th grade,1.7,63.5,Yes
16 years old,Male,10th grade,1.83,65.77,No
15 years old,Male,10th grade,1.78,63.5,No
14 years old,Female,9th grade,1.57,52.16,No
14 years old,Male,9th grade,1.75,65.77,No
15 years old,Male,9th grade,1.73,83.92,Yes
15 years old,Female,10th grade,1.55,53.52,No
14 years old,Male,9th grade,1.75,61.24,No
16 years old,Female,10th grade,1.68,63.5,No
16 years old,Male,10th grade,1.75,71.22,No
15 years old,Male,9th grade,1.68,58.97,No
15 years old,Male,9th grade,1.7,90.72,No
16 years old,Female,10th grade,1.68,59.88,No
16 years old,Female,10th grade,1.57,54.43,No
15 years old,Female,10th grade,1.6,61.24,No
14 years old,Male,9th grade,1.68,72.58,No
16 years old,Male,10th grade,1.85,78.02,Yes
14 years old,Male,9th grade,1.57,36.29,Yes
16 years old,Male,10th grade,1.55,48.08,No
14 years old,Male,9th grade,1.73,61.24,No
16 years old,Female,10th grade,1.63,47.63,No
15 years old,Female,9th grade,1.55,43.55,No
16 years old,Female,10th grade,1.55,52.16,No
14 years old,Female,9th grade,1.6,55.79,Yes
15 years old,Male,9th grade,1.8,86.18,No
16 years old,Male,10th grade,1.85,86.18,No
14 years old,Male,9th grade,1.63,52.16,No
16 years old,Male,10th grade,1.9,86.18,No
16 years old,Female,10th grade,1.6,55.79,No
14 years old,Female,9th grade,1.55,45.81,No
14 years old,Female,9th grade,1.63,49.44,Yes
15 years old,Female,9th grade,1.68,55.79,No
16 years old,Female,10th grade,1.75,63.5,No
16 years old,Male,10th grade,1.83,65.77,No
14 years old,Female,9th grade,1.6,52.16,Yes
17 years old,Male,11th grade,1.65,50.8,No
17 years old,Male,11th grade,1.75,80.74,No
17 years old,Male,11th grade,1.73,74.84,No
17 years old,Female,12th grade,1.57,44.45,No
17 years old,Male,11th grade,1.85,81.65,No
16 years old,Male,11th grade,1.83,74.84,No
18 years old or older,Female,12th grade,1.73,89.81,No
18 years old or older,Male,12th grade,1.78,79.38,No
17 years old,Male,12th grade,1.68,54.43,Yes
17 years old,Female,11th grade,1.63,70.31,No
17 years old,Male,12th grade,1.73,58.97,No
16 years old,Female,11th grade,1.6,49.9,No
18 years old or older,Male,12th grade,1.83,63.5,Yes
17 years old,Female,12th grade,1.68,63.5,No
18 years old or older,Male,12th grade,1.68,49.9,Yes
18 years old or older,Male,12th grade,1.88,131.54,No
18 years old or older,Female,12th grade,1.65,74.84,No
17 years old,Female,11th grade,1.63,61.24,No
17 years old,Male,11th grade,1.98,81.65,Yes
18 years old or older,Female,12th grade,1.68,54.43,No
17 years old,Male,12th grade,1.78,61.24,Yes
18 years old or older,Male,12th grade,1.78,59.88,No
16 years old,Female,10th grade,1.6,54.43,Yes
17 years old,Female,11th grade,1.78,71.67,No
17 years old,Male,12th grade,1.65,63.05,No
18 years old or older,Female,12th grade,1.65,59.88,No
17 years old,Male,11th grade,1.73,70.31,No
16 years old,Male,11th grade,1.78,70.31,No
17 years old,Female,11th grade,1.6,52.16,Yes
17 years old,Female,11th grade,1.65,58.97,No
16 years old,Female,11th grade,1.73,63.5,No
17 years old,Male,11th grade,1.8,95.26,Yes
18 years old or older,Male,12th grade,1.85,79.38,No
18 years old or older,Female,11th grade,1.6,64.41,No
17 years old,Male,11th grade,1.73,71.67,Yes
18 years old or older,Male,12th grade,1.75,74.84,No
17 years old,Male,11th grade,1.75,63.5,No
18 years old or older,Female,12th grade,1.65,90.72,No
16 years old,Female,11th grade,1.65,53.52,No
18 years old or older,Male,12th grade,1.7,77.11,No
17 years old,Male,11th grade,1.78,79.38,No
17 years old,Female,12th grade,1.63,54.43,No
17 years old,Male,12th grade,1.75,61.24,No
16 years old,Male,11th grade,1.7,65.77,Yes
17 years old,Male,12th grade,1.8,72.12,No
16 years old,Female,11th grade,1.68,90.72,Yes
16 years old,Female,11th grade,1.52,42.18,No
16 years old,Female,10th grade,1.63,63.5,No
16 years old,Female,11th grade,1.6,62.6,No
16 years old,Female,11th grade,1.75,74.84,No
16 years old,Female,11th grade,1.6,48.99,Yes
15 years old,Male,9th grade,1.83,108.86,No
15 years old,Male,9th grade,1.57,48.99,No
15 years old,Female,9th grade,1.65,53.52,No
14 years old,Female,9th grade,1.52,44,No
14 years old,Female,9th grade,1.68,56.7,Yes
16 years old,Female,11th grade,1.6,49.9,No
14 years old,Female,9th grade,1.55,58.97,No
14 years old,Female,9th grade,1.63,58.97,Yes
15 years old,Female,9th grade,1.63,70.76,No
14 years old,Male,9th grade,1.7,61.24,No
14 years old,Male,9th grade,1.78,54.43,Yes
15 years old,Male,9th grade,1.83,86.64,No
15 years old,Male,9th grade,1.75,70.31,Yes
15 years old,Female,9th grade,1.73,58.97,No
15 years old,Male,9th grade,1.93,74.84,No
15 years old,Male,9th grade,1.68,58.97,No
16 years old,Male,10th grade,1.78,95.26,No
16 years old,Male,10th grade,1.93,125.19,No
16 years old,Male,10th grade,1.75,74.84,No
15 years old,Female,10th grade,1.63,63.5,Yes
15 years old,Male,10th grade,1.85,77.57,No
16 years old,Male,10th grade,1.73,68.04,No
16 years old,Male,10th grade,1.83,73.94,No
16 years old,Male,10th grade,1.6,52.16,Yes
16 years old,Male,10th grade,1.78,65.77,No
15 years old,Male,10th grade,1.75,81.65,Yes
16 years old,Female,10th grade,1.8,68.04,No
15 years old,Male,10th grade,1.75,68.04,No
16 years old,Male,10th grade,1.85,151.96,Yes
15 years old,Male,10th grade,1.7,60.33,No
16 years old,Female,10th grade,1.63,45.36,No
16 years old,Female,10th grade,1.7,58.97,No
18 years old or older,Male,12th grade,1.63,61.24,Yes
17 years old,Female,12th grade,1.65,55.34,No
16 years old,Male,10th grade,1.83,71.22,No
14 years old,Female,9th grade,1.55,53.07,No
15 years old,Female,9th grade,1.52,63.5,Yes
15 years old,Female,9th grade,1.65,58.97,No
15 years old,Female,9th grade,1.65,45.36,No
15 years old,Female,9th grade,1.55,51.26,No
14 years old,Female,9th grade,1.65,46.72,Yes
15 years old,Male,9th grade,1.75,61.24,No
14 years old,Female,9th grade,1.68,52.16,Yes
15 years old,Female,9th grade,1.68,62.14,Yes
14 years old,Female,9th grade,1.55,68.95,No
15 years old,Female,9th grade,1.65,54.89,No
14 years old,Female,9th grade,1.5,48.99,No
14 years old,Female,9th grade,1.4,40.82,No
15 years old,Male,9th grade,1.78,103.42,No
15 years old,Male,9th grade,1.8,74.84,No
16 years old,Male,10th grade,1.73,74.84,No
15 years old,Male,9th grade,1.63,74.84,No
16 years old,Female,10th grade,1.75,104.33,No
15 years old,Female,9th grade,1.57,49.9,No
14 years old,Male,9th grade,1.68,52.16,No
15 years old,Female,9th grade,1.6,53.52,Yes
16 years old,Male,10th grade,1.75,65.77,No
14 years old,Male,9th grade,1.75,43.09,No
16 years old,Female,10th grade,1.55,61.24,No
15 years old,Female,10th grade,1.8,63.5,No
17 years old,Female,11th grade,1.75,74.84,Yes
15 years old,Female,9th grade,1.6,47.63,Yes
17 years old,Female,11th grade,1.78,65.77,No
15 years old,Female,10th grade,1.6,88.91,No
16 years old,Female,10th grade,1.6,47.63,No
16 years old,Male,10th grade,1.8,77.57,No
15 years old,Female,9th grade,1.68,106.6,No
16 years old,Male,11th grade,1.8,65.77,No
15 years old,Female,9th grade,1.63,65.77,No
14 years old,Female,9th grade,1.73,100.7,No
16 years old,Male,10th grade,1.7,74.84,Yes
15 years old,Female,10th grade,1.52,55.34,No
15 years old,Male,9th grade,1.88,88.45,No
14 years old,Female,9th grade,1.52,54.89,Yes
15 years old,Male,9th grade,1.78,63.5,Yes
14 years old,Female,9th grade,1.63,58.06,Yes
14 years old,Female,9th grade,1.57,67.13,No
15 years old,Female,10th grade,1.73,63.5,No
14 years old,Female,9th grade,1.57,44,No
18 years old or older,Female,12th grade,1.6,111.13,Yes
15 years old,Male,9th grade,1.68,70.31,No
17 years old,Male,11th grade,1.73,93.44,No
14 years old,Male,9th grade,1.57,73.94,No
14 years old,Male,9th grade,1.73,62.14,No
16 years old,Male,11th grade,1.68,63.96,No
15 years old,Female,9th grade,1.6,47.63,No
16 years old,Female,11th grade,1.6,74.39,Yes
12 years old or younger,Female,11th grade,1.52,65.77,No
15 years old,Male,10th grade,1.85,66.23,No
15 years old,Male,10th grade,1.68,80.74,No
14 years old,Male,9th grade,1.52,41.73,No
15 years old,Female,10th grade,1.5,52.16,No
15 years old,Male,9th grade,1.8,104.33,Yes
14 years old,Male,9th grade,1.88,86.18,No
15 years old,Male,9th grade,1.63,65.77,No
15 years old,Male,9th grade,1.78,90.72,No
15 years old,Female,10th grade,1.57,52.16,No
16 years old,Female,10th grade,1.63,49.9,No
16 years old,Female,10th grade,1.55,52.16,No
15 years old,Female,10th grade,1.8,56.7,No
15 years old,Male,10th grade,1.78,61.24,No
15 years old,Female,10th grade,1.63,68.04,Yes
16 years old,Female,10th grade,1.5,56.7,No
15 years old,Female,10th grade,1.63,65.77,No
16 years old,Female,10th grade,1.73,63.5,No
15 years old,Male,10th grade,1.8,70.31,No
14 years old,Male,9th grade,1.57,51.26,Yes
16 years old,Male,10th grade,1.63,54.43,Yes
16 years old,Female,10th grade,1.73,63.05,No
16 years old,Female,10th grade,1.68,64.41,No
16 years old,Male,10th grade,1.8,58.97,No
16 years old,Female,10th grade,1.68,50.35,No
18 years old or older,Female,12th grade,1.75,65.77,No
16 years old,Male,10th grade,1.75,71.22,No
15 years old,Female,10th grade,1.55,51.26,No
14 years old,Male,9th grade,1.7,77.11,No
14 years old,Male,9th grade,1.63,52.62,No
18 years old or older,Male,12th grade,1.73,99.79,No
14 years old,Female,9th grade,1.6,82.1,No
16 years old,Female,10th grade,1.57,49.9,No
16 years old,Male,10th grade,1.8,78.02,No
17 years old,Female,11th grade,1.6,45.36,No
14 years old,Male,9th grade,1.7,68.04,No
16 years old,Female,10th grade,1.85,84.82,Yes
15 years old,Female,9th grade,1.6,68.04,Yes
16 years old,Female,11th grade,1.5,54.43,No
15 years old,Female,10th grade,1.6,68.04,No
16 years old,Male,11th grade,1.78,63.5,No
16 years old,Male,11th grade,1.78,51.26,No
17 years old,Female,11th grade,1.65,74.84,Yes
16 years old,Female,10th grade,1.57,71.67,No
16 years old,Male,11th grade,1.75,92.08,No
17 years old,Male,11th grade,1.83,74.84,No
16 years old,Male,10th grade,1.75,52.16,No
15 years old,Female,10th grade,1.63,61.24,Yes
16 years old,Female,11th grade,1.73,76.66,No
17 years old,Male,11th grade,1.9,98.88,No
17 years old,Male,11th grade,1.85,78.93,No
14 years old,Female,9th grade,1.57,57.61,No
15 years old,Male,9th grade,1.8,67.13,Yes
16 years old,Female,11th grade,1.73,79.38,No
14 years old,Female,9th grade,1.57,89.81,No
17 years old,Male,11th grade,1.83,74.84,No
14 years old,Female,9th grade,1.68,45.36,No
16 years old,Male,10th grade,1.68,90.72,No
15 years old,Female,9th grade,1.73,54.43,No
15 years old,Female,10th grade,1.7,97.52,No
15 years old,Male,9th grade,1.75,64.86,No
15 years old,Male,9th grade,1.63,46.27,No
16 years old,Female,11th grade,1.57,52.16,No
17 years old,Female,11th grade,1.65,58.97,No
16 years old,Female,11th grade,1.63,55.79,Yes
14 years old,Male,9th grade,1.7,49.9,No
15 years old,Female,9th grade,1.68,45.81,Yes
15 years old,Male,9th grade,1.7,63.5,No
15 years old,Male,9th grade,1.78,72.58,No
16 years old,Female,10th grade,1.52,44.45,Yes
16 years old,Male,11th grade,1.83,83.92,No
15 years old,Male,10th grade,1.78,68.04,Yes
18 years old or older,Male,12th grade,1.68,64.41,Yes
17 years old,Female,11th grade,1.83,88.45,No
15 years old,Male,10th grade,1.73,75.3,No
16 years old,Male,10th grade,1.65,46.27,No
16 years old,Male,11th grade,1.65,49.9,No
16 years old,Male,11th grade,1.78,55.34,No
16 years old,Female,11th grade,1.63,56.7,No
14 years old,Male,9th grade,1.78,67.13,No
15 years old,Female,9th grade,1.68,57.61,No
15 years old,Female,10th grade,1.7,63.5,Yes
16 years old,Female,10th grade,1.73,54.43,Yes
15 years old,Female,10th grade,1.63,49.9,Yes
16 years old,Female,10th grade,1.68,57.61,No
16 years old,Male,11th grade,1.8,68.95,No
15 years old,Male,9th grade,1.78,54.43,No
17 years old,Male,12th grade,1.85,99.79,No
18 years old or older,Male,12th grade,1.83,68.95,No
15 years old,Female,10th grade,1.68,62.6,No
15 years old,Female,9th grade,1.63,48.99,No
18 years old or older,Male,12th grade,1.85,77.11,No
18 years old or older,Female,12th grade,1.68,58.97,No
18 years old or older,Female,12th grade,1.78,77.11,No
18 years old or older,Female,12th grade,1.63,56.7,Yes
18 years old or older,Female,12th grade,1.73,52.16,No
15 years old,Male,9th grade,1.73,51.26,No
14 years old,Male,9th grade,1.78,61.24,No
18 years old or older,Female,12th grade,1.6,67.59,No
15 years old,Female,9th grade,1.6,76.66,Yes
15 years old,Male,9th grade,1.73,97.52,No
15 years old,Male,9th grade,1.75,72.58,No
16 years old,Female,10th grade,1.68,73.48,No
15 years old,Male,9th grade,1.85,78.02,No
15 years old,Female,9th grade,1.75,71.22,No
15 years old,Male,10th grade,1.73,56.7,No
16 years old,Female,10th grade,1.6,113.4,Yes
14 years old,Female,9th grade,1.7,68.95,No
14 years old,Male,9th grade,1.83,69.4,No
15 years old,Female,9th grade,1.63,55.34,No
14 years old,Male,9th grade,1.7,55.34,No
14 years old,Female,9th grade,1.55,66.68,Yes
15 years old,Male,10th grade,1.75,90.72,Yes
16 years old,Female,10th grade,1.6,63.5,No
16 years old,Male,10th grade,1.73,58.97,No
16 years old,Male,10th grade,1.83,117.48,No
16 years old,Male,10th grade,1.78,117.94,Yes
15 years old,Male,10th grade,1.75,59.42,No
17 years old,Female,11th grade,1.6,47.63,No
15 years old,Female,10th grade,1.57,53.07,Yes
17 years old,Female,11th grade,1.45,83.92,No
16 years old,Female,11th grade,1.73,68.04,No
17 years old,Female,11th grade,1.55,44.45,No
15 years old,Male,10th grade,1.85,78.93,No
17 years old,Male,11th grade,1.83,56.25,No
16 years old,Female,11th grade,1.68,65.77,No
16 years old,Male,11th grade,1.78,79.38,No
17 years old,Female,11th grade,1.63,54.43,No
17 years old,Female,11th grade,1.65,65.77,No
16 years old,Female,11th grade,1.63,54.43,No
17 years old,Male,12th grade,1.78,86.18,No
15 years old,Male,10th grade,1.68,49.9,No
16 years old,Male,11th grade,1.5,121.56,No
15 years old,Male,10th grade,1.78,110.22,No
15 years old,Female,10th grade,1.75,60.78,No
15 years old,Male,10th grade,1.65,70.31,Yes
14 years old,Female,9th grade,1.52,59.88,Yes
15 years old,Female,9th grade,1.6,65.77,No
16 years old,Female,10th grade,1.68,45.81,No
16 years old,Female,10th grade,1.63,70.31,No
15 years old,Female,9th grade,1.63,53.52,Yes
15 years old,Female,10th grade,1.6,57.61,No
15 years old,Female,9th grade,1.63,62.14,Yes
15 years old,Male,10th grade,1.7,58.97,No
15 years old,Female,9th grade,1.57,62.14,No
16 years old,Female,10th grade,1.52,40.37,No
16 years old,Male,11th grade,1.83,71.22,No
16 years old,Female,10th grade,1.6,66.68,No
14 years old,Female,9th grade,1.7,68.04,Yes
14 years old,Female,9th grade,1.63,54.43,No
15 years old,Female,9th grade,1.63,58.97,No
14 years old,Male,9th grade,1.83,81.65,No
14 years old,Male,9th grade,1.6,56.7,No
14 years old,Female,9th grade,1.57,49.9,No
14 years old,Female,9th grade,1.7,47.63,No
14 years old,Male,9th grade,1.68,99.79,No
17 years old,Male,11th grade,1.8,85.28,No
16 years old,Male,10th grade,1.73,58.97,No
15 years old,Female,10th grade,1.78,80.74,No
16 years old,Male,11th grade,1.75,55.79,No
18 years old or older,Female,12th grade,1.65,68.04,No
18 years old or older,Female,12th grade,1.6,95.26,No
17 years old,Male,12th grade,1.65,65.77,No
18 years old or older,Male,12th grade,1.88,73.94,Yes
17 years old,Female,12th grade,1.65,58.97,No
16 years old,Female,11th grade,1.65,56.7,No
17 years old,Female,12th grade,1.65,54.43,No
17 years old,Female,12th grade,1.75,81.65,No
17 years old,Male,12th grade,1.8,113.4,Yes
15 years old,Female,10th grade,1.63,58.97,Yes
16 years old,Female,10th grade,1.78,63.5,No
16 years old,Female,10th grade,1.8,65.77,No
16 years old,Male,10th grade,1.93,83.92,No
16 years old,Male,11th grade,1.75,74.84,No
16 years old,Female,10th grade,1.73,69.4,No
15 years old,Female,10th grade,1.65,49.9,No
15 years old,Female,9th grade,1.63,57.15,Yes
15 years old,Female,9th grade,1.57,68.04,No
15 years old,Female,9th grade,1.78,74.84,Yes
15 years old,Male,9th grade,1.7,65.77,No
15 years old,Female,9th grade,1.75,58.97,Yes
15 years old,Male,9th grade,1.7,77.11,No
14 years old,Female,9th grade,1.68,58.97,No
18 years old or older,Female,12th grade,1.6,57.15,No
17 years old,Female,12th grade,1.63,58.97,No
17 years old,Male,12th grade,1.8,97.98,No
18 years old or older,Male,12th grade,1.83,72.58,No
17 years old,Male,12th grade,1.7,52.16,No
17 years old,Male,12th grade,1.8,67.13,No
18 years old or older,Male,12th grade,1.85,70.31,Yes
18 years old or older,Male,12th grade,1.8,72.58,No
17 years old,Male,12th grade,1.7,62.6,No
17 years old,Female,12th grade,1.7,85.73,Yes
18 years old or older,Male,12th grade,1.57,58.97,No
17 years old,Male,12th grade,1.78,82.1,No
18 years old or older,Male,12th grade,1.8,65.77,No
18 years old or older,Male,12th grade,1.85,86.18,No
17 years old,Female,12th grade,1.63,61.24,No
15 years old,Female,9th grade,1.57,49.9,No
15 years old,Male,9th grade,1.85,76.66,No
14 years old,Female,9th grade,1.63,43.55,No
14 years old,Female,9th grade,1.6,44.45,No
15 years old,Male,9th grade,1.78,54.89,Yes
15 years old,Female,9th grade,1.57,54.43,No
15 years old,Male,9th grade,1.55,48.99,Yes
15 years old,Male,9th grade,1.9,81.65,No
15 years old,Female,9th grade,1.63,54.43,No
14 years old,Male,9th grade,1.88,81.65,No
15 years old,Male,9th grade,1.85,65.32,No
18 years old or older,Male,12th grade,1.7,70.76,No
18 years old or older,Male,12th grade,1.88,72.58,No
18 years old or older,Female,11th grade,1.57,44.91,Yes
18 years old or older,Female,12th grade,1.63,65.32,No
18 years old or older,Male,12th grade,1.65,65.77,No
18 years old or older,Male,12th grade,1.85,81.65,No
18 years old or older,Female,12th grade,1.57,59.88,Yes
18 years old or older,Male,12th grade,1.78,100.7,No
15 years old,Female,10th grade,1.68,55.79,No
16 years old,Female,10th grade,1.52,47.63,No
16 years old,Male,10th grade,1.73,79.38,Yes
15 years old,Male,10th grade,1.9,75.75,No
16 years old,Female,10th grade,1.83,95.26,No
16 years old,Male,10th grade,1.85,86.18,No
16 years old,Female,10th grade,1.52,64.86,No
14 years old,Male,9th grade,1.78,56.7,Yes
14 years old,Male,9th grade,1.88,64.41,No
15 years old,Male,9th grade,1.73,53.52,Yes
15 years old,Male,9th grade,1.83,68.04,Yes
18 years old or older,Male,12th grade,1.88,96.62,No
18 years old or older,Female,12th grade,1.65,63.5,Yes
17 years old,Male,12th grade,1.8,66.68,No
18 years old or older,Male,12th grade,1.83,106.6,Yes
17 years old,Female,12th grade,1.55,58.97,No
18 years old or older,Female,12th grade,1.57,54.43,No
17 years old,Female,12th grade,1.63,56.7,No
18 years old or older,Female,12th grade,1.68,68.04,No
16 years old,Female,10th grade,1.68,70.31,No
16 years old,Male,10th grade,1.73,58.97,No
16 years old,Male,10th grade,1.85,83.92,No
15 years old,Female,10th grade,1.63,52.16,No
16 years old,Female,10th grade,1.63,55.79,No
16 years old,Male,10th grade,1.8,74.84,No
15 years old,Female,10th grade,1.7,52.16,No
16 years old,Male,10th grade,1.73,77.11,No
15 years old,Male,10th grade,1.88,83.92,No
16 years old,Female,11th grade,1.68,61.24,No
16 years old,Male,11th grade,1.93,147.42,No
16 years old,Female,10th grade,1.6,45.36,Yes
16 years old,Male,10th grade,1.73,72.58,No
16 years old,Male,10th grade,1.65,49.9,No
16 years old,Female,10th grade,1.68,62.6,No
15 years old,Female,10th grade,1.7,67.13,No
16 years old,Male,10th grade,1.78,64.86,No
15 years old,Male,10th grade,1.8,70.31,No
17 years old,Female,11th grade,1.63,77.11,No
15 years old,Male,10th grade,1.8,54.43,Yes
17 years old,Female,11th grade,1.63,56.7,Yes
17 years old,Female,11th grade,1.68,160.57,No
17 years old,Male,11th grade,1.75,61.24,No
16 years old,Female,11th grade,1.6,53.07,No
17 years old,Male,11th grade,1.78,65.77,Yes
17 years old,Female,11th grade,1.75,68.04,No
16 years old,Female,11th grade,1.63,53.07,No
16 years old,Male,11th grade,1.8,95.26,No
16 years old,Male,11th grade,1.75,90.72,No
17 years old,Male,11th grade,1.75,65.32,No
16 years old,Male,11th grade,1.78,89.81,No
16 years old,Female,11th grade,1.57,52.16,No
17 years old,Female,11th grade,1.68,68.04,No
17 years old,Male,11th grade,1.78,106.6,No
17 years old,Female,11th grade,1.5,79.38,No
17 years old,Male,11th grade,1.78,90.72,No
16 years old,Male,11th grade,1.83,68.04,Yes
16 years old,Male,11th grade,1.88,69.4,No
17 years old,Female,11th grade,1.65,54.43,No
16 years old,Male,11th grade,1.83,77.11,No
17 years old,Female,11th grade,1.68,55.79,Yes
17 years old,Female,11th grade,1.55,81.65,No
12 years old or younger,Female,9th grade,1.7,65.77,Yes
16 years old,Female,11th grade,1.68,61.24,No
16 years old,Female,11th grade,1.73,82.56,No
16 years old,Female,11th grade,1.6,54.43,No
17 years old,Male,12th grade,1.7,70.31,No
17 years old,Female,12th grade,1.7,79.38,No
17 years old,Female,12th grade,1.68,63.5,No
18 years old or older,Male,12th grade,1.83,68.04,No
18 years old or older,Female,12th grade,1.73,61.24,No
18 years old or older,Male,12th grade,1.83,77.11,No
18 years old or older,Male,12th grade,1.78,74.84,No
15 years old,Female,10th grade,1.7,58.97,No
16 years old,Female,10th grade,1.63,49.44,No
15 years old,Female,10th grade,1.6,65.77,No
15 years old,Female,10th grade,1.68,56.7,No
16 years old,Female,10th grade,1.6,70.31,No
16 years old,Male,10th grade,1.83,77.11,No
15 years old,Male,10th grade,1.78,99.79,No
15 years old,Female,9th grade,1.68,56.7,No
15 years old,Male,9th grade,1.83,80.29,No
15 years old,Male,9th grade,1.7,74.84,No
15 years old,Male,9th grade,1.85,66.23,No
14 years old,Female,9th grade,1.57,51.26,No
15 years old,Male,9th grade,1.78,73.94,No
14 years old,Female,9th grade,1.52,56.7,No
15 years old,Female,9th grade,1.65,60.33,Yes
15 years old,Female,9th grade,1.6,67.13,Yes
15 years old,Female,9th grade,1.65,66.68,Yes
14 years old,Female,9th grade,1.65,52.16,Yes
17 years old,Male,11th grade,1.7,62.14,No
15 years old,Female,9th grade,1.65,68.49,No
14 years old,Female,9th grade,1.55,79.38,Yes
14 years old,Male,9th grade,1.8,63.5,No
14 years old,Female,9th grade,1.63,58.97,No
14 years old,Male,9th grade,1.73,59.88,No
16 years old,Female,10th grade,1.5,46.27,No
16 years old,Male,11th grade,1.83,83.92,No
14 years old,Female,9th grade,1.73,81.65,Yes
15 years old,Male,10th grade,1.8,68.04,No
15 years old,Male,10th grade,1.8,63.5,Yes
15 years old,Female,9th grade,1.52,54.43,No
15 years old,Female,10th grade,1.83,75.75,No
16 years old,Male,10th grade,1.75,77.11,No
16 years old,Female,10th grade,1.4,84.82,No
15 years old,Female,9th grade,1.68,86.18,No
15 years old,Male,10th grade,1.8,56.25,Yes
16 years old,Male,10th grade,1.88,126.55,No
15 years old,Female,9th grade,1.68,46.72,Yes
15 years old,Female,9th grade,1.73,65.77,Yes
15 years old,Male,10th grade,1.73,72.58,Yes
16 years old,Female,11th grade,1.73,74.84,No
16 years old,Male,11th grade,1.78,56.25,No
14 years old,Male,9th grade,1.88,70.31,No
14 years old,Male,9th grade,1.78,68.04,No
15 years old,Female,9th grade,1.6,65.77,No
14 years old,Female,9th grade,1.63,58.06,No
14 years old,Female,9th grade,1.6,70.31,No
14 years old,Female,9th grade,1.68,55.79,No
15 years old,Female,9th grade,1.63,58.97,No
14 years old,Female,9th grade,1.65,53.98,Yes
15 years old,Female,9th grade,1.63,63.5,No
15 years old,Male,9th grade,1.65,61.24,No
14 years old,Female,9th grade,1.65,49.44,No
15 years old,Female,9th grade,1.57,50.8,No
16 years old,Female,10th grade,1.68,73.94,No
15 years old,Female,10th grade,1.83,72.58,No
16 years old,Female,10th grade,1.6,42.64,Yes
14 years old,Female,9th grade,1.7,93.9,Yes
15 years old,Male,9th grade,1.75,81.65,Yes
14 years old,Female,9th grade,1.65,54.43,No
15 years old,Male,9th grade,1.88,86.18,Yes
14 years old,Female,9th grade,1.6,65.77,Yes
16 years old,Female,10th grade,1.6,77.11,No
14 years old,Male,9th grade,1.65,65.77,No
16 years old,Male,11th grade,1.85,69.85,Yes
15 years old,Female,10th grade,1.55,54.43,No
16 years old,Female,10th grade,1.7,53.07,No
14 years old,Male,9th grade,1.85,78.02,No
14 years old,Female,9th grade,1.63,55.79,No
16 years old,Male,11th grade,1.9,90.72,Yes
14 years old,Female,9th grade,1.7,52.16,No
15 years old,Female,9th grade,1.57,58.97,No
15 years old,Male,9th grade,1.73,58.06,Yes
14 years old,Female,9th grade,1.65,58.97,No
14 years old,Female,9th grade,1.55,56.7,Yes
17 years old,Male,12th grade,1.8,85.73,No
16 years old,Male,10th grade,1.83,74.84,No
15 years old,Male,10th grade,1.63,53.98,No
16 years old,Male,10th grade,1.75,65.32,No
15 years old,Male,10th grade,1.7,79.38,No
16 years old,Male,11th grade,1.78,117.48,No
16 years old,Male,11th grade,1.8,93.44,Yes
17 years old,Female,12th grade,1.63,52.16,Yes
17 years old,Female,12th grade,1.63,54.43,No
18 years old or older,Male,12th grade,1.83,97.52,No
18 years old or older,Female,12th grade,1.6,43.09,Yes
17 years old,Male,12th grade,1.8,74.84,No
18 years old or older,Male,12th grade,1.83,73.03,No
18 years old or older,Female,12th grade,1.65,68.04,No
15 years old,Male,10th grade,1.83,72.58,No
15 years old,Female,10th grade,1.63,53.07,No
15 years old,Male,10th grade,1.83,107.05,No
15 years old,Male,10th grade,1.73,58.97,No
16 years old,Female,10th grade,1.57,49.9,No
15 years old,Male,10th grade,1.83,63.96,No
16 years old,Female,10th grade,1.55,49.9,Yes
16 years old,Male,10th grade,1.88,79.38,No
15 years old,Male,10th grade,1.73,59.42,No
15 years old,Male,10th grade,1.7,58.97,Yes
16 years old,Male,11th grade,1.83,73.94,No
16 years old,Male,11th grade,1.7,68.04,No
15 years old,Male,10th grade,1.75,61.24,Yes
15 years old,Female,10th grade,1.7,49.9,No
15 years old,Female,10th grade,1.73,67.13,Yes
16 years old,Male,10th grade,1.68,78.02,No
17 years old,Female,11th grade,1.6,54.43,No
15 years old,Female,10th grade,1.78,79.38,No
16 years old,Female,11th grade,1.45,49.9,No
15 years old,Male,9th grade,1.7,61.24,No
16 years old,Female,11th grade,1.7,98.43,No
14 years old,Female,9th grade,1.57,67.13,Yes
15 years old,Female,9th grade,1.65,49.9,Yes
16 years old,Female,10th grade,1.7,58.97,No
18 years old or older,Female,12th grade,1.65,48.08,Yes
14 years old,Female,9th grade,1.75,63.96,No
18 years old or older,Male,12th grade,1.8,74.84,No
16 years old,Female,11th grade,1.52,42.18,No
18 years old or older,Male,12th grade,1.83,90.72,No
17 years old,Female,12th grade,1.73,133.36,Yes
16 years old,Female,10th grade,1.68,68.95,Yes
17 years old,Female,11th grade,1.63,47.17,No
17 years old,Male,11th grade,1.7,77.11,No
16 years old,Female,11th grade,1.68,58.97,No
16 years old,Male,10th grade,1.65,68.04,No
17 years old,Female,11th grade,1.65,72.58,No
16 years old,Female,10th grade,1.75,77.11,No
14 years old,Male,9th grade,1.65,55.34,No
16 years old,Female,11th grade,1.57,45.36,No
14 years old,Male,9th grade,1.65,54.43,No
17 years old,Female,12th grade,1.63,61.24,No
17 years old,Female,12th grade,1.63,56.25,No
18 years old or older,Female,12th grade,1.7,58.51,No
17 years old,Female,12th grade,1.7,53.52,No
18 years old or older,Female,12th grade,1.68,79.38,No
17 years old,Female,11th grade,1.63,65.77,No
17 years old,Female,11th grade,1.6,55.34,No
17 years old,Female,11th grade,1.75,110.22,No
16 years old,Female,11th grade,1.55,51.71,No
16 years old,Female,11th grade,1.55,52.16,No
17 years old,Male,11th grade,1.73,73.48,No
17 years old,Male,11th grade,1.75,53.52,No
17 years old,Female,11th grade,1.57,53.07,Yes
17 years old,Female,11th grade,1.5,54.43,No
14 years old,Male,9th grade,1.75,59.88,No
15 years old,Male,9th grade,1.68,65.77,No
14 years old,Female,9th grade,1.55,72.12,No
15 years old,Female,9th grade,1.6,52.16,Yes
16 years old,Female,11th grade,1.75,108.86,Yes
16 years old,Male,10th grade,1.75,81.65,Yes
17 years old,Male,11th grade,1.7,59.42,No
15 years old,Female,10th grade,1.68,68.95,Yes
16 years old,Male,10th grade,1.73,52.16,Yes
16 years old,Male,10th grade,1.75,72.58,No
14 years old,Male,9th grade,1.78,67.59,No
14 years old,Male,9th grade,1.73,61.69,No
17 years old,Female,11th grade,1.57,63.5,Yes
16 years old,Male,11th grade,1.75,90.72,Yes
15 years old,Male,10th grade,1.75,59.88,No
16 years old,Female,10th grade,1.57,52.16,No
15 years old,Male,10th grade,1.57,57.15,No
15 years old,Female,10th grade,1.68,53.07,Yes
15 years old,Female,10th grade,1.55,53.07,Yes
15 years old,Female,10th grade,1.55,49.9,No
15 years old,Male,10th grade,1.8,131.54,No
15 years old,Male,10th grade,1.6,52.16,Yes
15 years old,Female,10th grade,1.55,43.09,No
16 years old,Male,10th grade,1.83,66.23,No
18 years old or older,Male,12th grade,1.9,97.52,No
15 years old,Female,10th grade,1.6,54.43,No
18 years old or older,Male,12th grade,1.63,90.72,Yes
16 years old,Male,11th grade,1.7,65.77,No
15 years old,Male,9th grade,1.83,105.69,No
14 years old,Male,9th grade,1.88,90.72,No
15 years old,Female,9th grade,1.63,53.52,Yes
14 years old,Female,9th grade,1.65,52.16,No
15 years old,Female,9th grade,1.6,61.24,No
14 years old,Male,9th grade,1.75,72.12,Yes
15 years old,Female,9th grade,1.7,63.5,No
15 years old,Male,9th grade,1.78,62.6,No
14 years old,Female,9th grade,1.68,63.5,No
15 years old,Female,9th grade,1.85,83.92,Yes
14 years old,Female,9th grade,1.68,97.52,No
14 years old,Female,9th grade,1.7,58.06,No
15 years old,Male,9th grade,1.75,63.5,No
15 years old,Female,9th grade,1.65,56.7,No
17 years old,Male,11th grade,1.9,72.58,No
16 years old,Female,10th grade,1.57,58.97,Yes
15 years old,Female,10th grade,1.68,54.43,No
16 years old,Male,10th grade,1.83,97.52,No
15 years old,Male,10th grade,1.8,66.23,No
16 years old,Female,10th grade,1.73,66.23,No
15 years old,Male,10th grade,1.75,52.16,No
15 years old,Male,10th grade,1.83,72.58,Yes
16 years old,Female,10th grade,1.6,88.91,No
14 years old,Male,9th grade,1.78,62.6,No
15 years old,Female,9th grade,1.57,46.27,No
14 years old,Female,9th grade,1.55,44.45,No
15 years old,Male,9th grade,1.8,73.48,No
15 years old,Male,9th grade,1.75,63.5,No
15 years old,Female,9th grade,1.57,54.43,Yes
15 years old,Male,9th grade,1.78,68.49,No
14 years old,Female,9th grade,1.57,74.84,Yes
15 years old,Female,9th grade,1.6,52.16,No
15 years old,Female,10th grade,1.65,63.5,No
14 years old,Female,9th grade,1.6,51.26,No
16 years old,Female,10th grade,1.63,56.7,Yes
15 years old,Female,10th grade,1.57,51.71,No
16 years old,Female,11th grade,1.75,63.5,No
15 years old,Female,10th grade,1.78,63.5,No
15 years old,Male,10th grade,1.75,58.06,Yes
17 years old,Male,11th grade,1.93,97.52,No
15 years old,Male,10th grade,1.8,68.95,No
16 years old,Female,11th grade,1.68,67.13,Yes
17 years old,Female,11th grade,1.57,44.45,No
16 years old,Female,10th grade,1.6,54.43,No
18 years old or older,Male,12th grade,1.8,58.97,No
17 years old,Male,12th grade,1.78,63.5,No
15 years old,Male,10th grade,1.8,55.34,No
14 years old,Male,9th grade,1.68,52.16,No
15 years old,Male,10th grade,1.7,58.06,No
18 years old or older,Male,12th grade,1.8,62.6,No
17 years old,Male,12th grade,1.8,92.08,No
16 years old,Male,10th grade,1.83,69.4,No
18 years old or older,Male,12th grade,1.78,79.83,Yes
17 years old,Male,12th grade,1.73,74.84,No
17 years old,Male,12th grade,1.68,76.2,Yes
14 years old,Female,9th grade,1.68,59.88,No
15 years old,Male,10th grade,1.7,62.14,No
16 years old,Male,10th grade,1.73,66.23,No
14 years old,Male,9th grade,1.78,63.5,No
15 years old,Female,10th grade,1.5,73.03,No
15 years old,Male,9th grade,1.75,63.5,No
17 years old,Female,11th grade,1.6,63.5,No
14 years old,Female,9th grade,1.63,54.43,No
15 years old,Female,10th grade,1.63,68.95,Yes
15 years old,Female,9th grade,1.65,55.79,No
14 years old,Male,9th grade,1.65,56.7,Yes
15 years old,Female,9th grade,1.65,54.43,Yes
17 years old,Female,11th grade,1.68,58.97,No
15 years old,Female,9th grade,1.57,67.13,No
17 years old,Female,11th grade,1.63,83.01,No
14 years old,Female,9th grade,1.7,63.5,Yes
16 years old,Female,10th grade,1.57,63.5,No
17 years old,Female,11th grade,1.63,76.2,No
18 years old or older,Male,12th grade,1.9,92.99,No
16 years old,Female,11th grade,1.6,62.14,No
15 years old,Male,9th grade,1.83,72.58,No
14 years old,Male,9th grade,1.7,85.73,No
14 years old,Male,9th grade,1.6,50.35,No
14 years old,Male,9th grade,1.57,58.97,No
15 years old,Female,9th grade,1.57,54.43,Yes
15 years old,Female,9th grade,1.6,54.43,No
15 years old,Female,9th grade,1.7,63.05,No
14 years old,Male,9th grade,1.7,61.24,No
14 years old,Female,9th grade,1.85,71.67,No
14 years old,Male,9th grade,1.68,56.7,No
15 years old,Female,9th grade,1.7,96.16,Yes
16 years old,Male,11th grade,1.73,56.7,No
15 years old,Male,9th grade,1.78,58.97,No
15 years old,Female,9th grade,1.6,55.34,No
15 years old,Male,9th grade,1.75,86.64,No
14 years old,Female,9th grade,1.6,54.43,No
14 years old,Male,9th grade,1.73,54.43,Yes
15 years old,Female,10th grade,1.73,60.33,No
16 years old,Male,10th grade,1.68,59.42,No
16 years old,Female,10th grade,1.57,52.16,No
17 years old,Male,11th grade,1.7,59.42,No
17 years old,Female,11th grade,1.7,90.72,Yes
17 years old,Male,11th grade,1.83,88.45,No
16 years old,Female,9th grade,1.65,57.15,No
15 years old,Female,9th grade,1.75,78.02,No
14 years old,Male,9th grade,1.78,95.26,Yes
14 years old,Female,9th grade,1.73,81.65,Yes
15 years old,Female,9th grade,1.7,65.77,No
15 years old,Male,9th grade,1.73,57.61,No
15 years old,Male,9th grade,1.75,75.75,No
14 years old,Male,9th grade,1.73,61.69,Yes
15 years old,Male,9th grade,1.7,69.85,No
14 years old,Male,9th grade,1.75,68.04,No
14 years old,Female,9th grade,1.55,57.61,No
14 years old,Female,9th grade,1.73,67.59,No
17 years old,Female,11th grade,1.5,47.63,Yes
18 years old or older,Male,12th grade,1.68,61.24,No
17 years old,Female,12th grade,1.63,54.43,No
18 years old or older,Female,12th grade,1.8,61.24,Yes
18 years old or older,Female,12th grade,1.68,55.34,No
17 years old,Female,12th grade,1.7,113.4,No
16 years old,Male,11th grade,1.75,70.31,No
17 years old,Male,11th grade,1.83,86.18,No
17 years old,Male,12th grade,1.7,61.24,No
18 years old or older,Male,12th grade,1.75,77.11,No
15 years old,Female,10th grade,1.78,69.4,No
15 years old,Male,10th grade,1.83,68.95,No
15 years old,Male,11th grade,1.88,72.58,No
16 years old,Female,10th grade,1.65,65.77,No
15 years old,Female,10th grade,1.57,58.97,No
16 years old,Female,10th grade,1.57,81.19,No
15 years old,Female,10th grade,1.6,61.24,No
15 years old,Male,10th grade,1.98,126.1,No
17 years old,Female,12th grade,1.65,68.04,Yes
16 years old,Male,10th grade,1.73,74.84,No
16 years old,Female,10th grade,1.63,56.7,Yes
16 years old,Female,10th grade,1.6,68.04,Yes
16 years old,Male,10th grade,1.8,68.04,No
15 years old,Male,10th grade,1.78,87.09,No
16 years old,Male,11th grade,1.83,59.88,No
18 years old or older,Female,12th grade,1.55,58.97,No
16 years old,Female,11th grade,1.68,65.77,No
16 years old,Male,11th grade,1.83,79.83,No
17 years old,Female,11th grade,1.52,51.71,No
17 years old,Female,11th grade,1.68,71.22,No
17 years old,Female,12th grade,1.7,65.77,No
18 years old or older,Male,11th grade,1.8,89.81,No
15 years old,Female,9th grade,1.5,50.8,Yes
16 years old,Male,10th grade,1.8,70.31,No
16 years old,Female,10th grade,1.6,64.41,No
16 years old,Female,10th grade,1.52,58.06,Yes
16 years old,Male,10th grade,1.88,80.29,No
15 years old,Female,10th grade,1.65,68.04,No
15 years old,Male,10th grade,1.52,50.8,Yes
15 years old,Female,10th grade,1.55,50.8,No
16 years old,Male,10th grade,1.8,72.58,No
16 years old,Male,10th grade,1.68,70.76,No
15 years old,Female,9th grade,1.68,52.62,No
16 years old,Female,10th grade,1.63,78.47,Yes
14 years old,Female,9th grade,1.68,58.97,No
16 years old,Female,10th grade,1.5,47.17,No
15 years old,Male,10th grade,1.73,73.48,No
16 years old,Female,11th grade,1.6,52.16,No
16 years old,Female,10th grade,1.63,81.65,No
17 years old,Female,11th grade,1.65,61.24,Yes
15 years old,Male,10th grade,1.8,90.72,No
15 years old,Male,9th grade,1.8,79.83,Yes
14 years old,Male,9th grade,1.83,76.66,No
17 years old,Female,11th grade,1.6,68.95,No
16 years old,Female,11th grade,1.52,81.65,Yes
17 years old,Female,11th grade,1.57,54.43,No
16 years old,Female,11th grade,1.57,83.92,No
17 years old,Male,11th grade,1.7,65.32,No
17 years old,Female,11th grade,1.68,80.29,No
16 years old,Male,11th grade,1.75,74.84,No
16 years old,Male,11th grade,1.9,83.92,Yes
16 years old,Male,11th grade,1.8,68.95,No
16 years old,Female,10th grade,1.68,73.03,No
16 years old,Female,10th grade,1.6,53.07,No
15 years old,Female,10th grade,1.55,61.24,Yes
18 years old or older,Female,12th grade,1.5,58.97,No
18 years old or older,Female,12th grade,1.68,68.49,No
18 years old or older,Male,12th grade,1.7,53.52,Yes
15 years old,Female,10th grade,1.8,90.72,No
17 years old,Male,11th grade,1.73,68.04,No
15 years old,Female,10th grade,1.6,70.31,No
16 years old,Female,10th grade,1.65,73.03,No
16 years old,Female,10th grade,1.68,72.58,No
17 years old,Male,11th grade,1.65,58.97,No
16 years old,Male,11th grade,1.6,70.31,No
16 years old,Female,11th grade,1.7,68.04,Yes
18 years old or older,Male,11th grade,1.78,78.47,No
16 years old,Male,11th grade,1.8,72.58,No
16 years old,Male,11th grade,1.7,80.74,No
17 years old,Female,11th grade,1.68,68.04,Yes
17 years old,Male,11th grade,1.78,65.77,No
17 years old,Female,11th grade,1.65,81.65,No
18 years old or older,Male,12th grade,1.8,99.79,No
16 years old,Male,11th grade,1.85,90.72,No
18 years old or older,Male,12th grade,1.75,68.04,No
16 years old,Female,11th grade,1.73,83.92,No
17 years old,Female,11th grade,1.57,52.16,No
16 years old,Male,11th grade,1.65,71.67,No
17 years old,Male,11th grade,1.8,77.11,No
17 years old,Female,11th grade,1.63,63.5,No
16 years old,Female,12th grade,1.73,53.52,No
16 years old,Female,11th grade,1.63,86.18,Yes
17 years old,Male,12th grade,1.73,99.79,No
17 years old,Female,12th grade,1.6,73.03,No
15 years old,Male,9th grade,1.73,90.72,No
15 years old,Female,9th grade,1.65,63.5,Yes
17 years old,Female,11th grade,1.52,72.58,No
16 years old,Male,11th grade,1.85,61.24,No
16 years old,Female,10th grade,1.52,57.61,No
15 years old,Female,9th grade,1.65,54.89,Yes
14 years old,Male,9th grade,1.65,45.36,Yes
15 years old,Female,9th grade,1.6,67.13,No
16 years old,Male,11th grade,1.75,58.06,Yes
17 years old,Female,11th grade,1.68,63.5,No
15 years old,Female,10th grade,1.57,58.97,Yes
16 years old,Male,11th grade,1.7,60.78,No
16 years old,Female,11th grade,1.68,69.85,No
17 years old,Female,11th grade,1.68,67.13,No
18 years old or older,Male,12th grade,1.6,49.9,No
17 years old,Female,11th grade,1.65,51.71,Yes
16 years old,Female,11th grade,1.68,61.24,No
17 years old,Male,11th grade,1.78,77.11,No
18 years old or older,Female,12th grade,1.65,56.7,No
17 years old,Female,11th grade,1.63,61.24,No
18 years old or older,Male,12th grade,1.73,67.59,Yes
17 years old,Female,11th grade,1.78,95.26,No
17 years old,Female,12th grade,1.6,83.92,No
16 years old,Female,10th grade,1.63,68.49,No
16 years old,Male,10th grade,1.78,98.88,No
15 years old,Female,10th grade,1.68,72.58,Yes
17 years old,Male,11th grade,1.75,60.33,No
15 years old,Female,10th grade,1.65,56.7,No
18 years old or older,Female,12th grade,1.75,63.5,Yes
15 years old,Female,10th grade,1.52,43.09,Yes
15 years old,Male,10th grade,1.83,78.02,No
15 years old,Female,10th grade,1.57,76.66,No
15 years old,Female,10th grade,1.65,62.6,No
15 years old,Female,10th grade,1.65,54.43,No
17 years old,Male,11th grade,1.78,79.83,No
15 years old,Female,10th grade,1.63,95.26,No
15 years old,Female,10th grade,1.63,50.8,No
16 years old,Male,10th grade,1.63,58.51,No
17 years old,Female,12th grade,1.68,58.97,No
17 years old,Male,12th grade,1.83,70.31,No
18 years old or older,Male,12th grade,1.85,88.45,No
16 years old,Male,12th grade,1.68,57.61,No
17 years old,Female,12th grade,1.68,70.31,Yes
17 years old,Female,12th grade,1.6,53.07,No
18 years old or older,Male,12th grade,1.78,100.25,No
17 years old,Female,12th grade,1.65,65.77,Yes
17 years old,Female,12th grade,1.68,52.16,No
15 years old,Male,10th grade,1.96,74.39,No
16 years old,Female,10th grade,1.7,65.77,No
15 years old,Female,10th grade,1.6,51.26,No
15 years old,Female,9th grade,1.52,57.61,No
16 years old,Female,10th grade,1.65,65.32,No
14 years old,Male,9th grade,1.75,54.89,No
15 years old,Male,9th grade,1.57,63.96,No
15 years old,Male,9th grade,1.83,118.84,Yes
14 years old,Female,9th grade,1.55,105.69,Yes
15 years old,Female,9th grade,1.57,63.5,No
14 years old,Female,9th grade,1.57,45.81,No
14 years old,Male,9th grade,1.7,56.25,No
18 years old or older,Female,11th grade,1.57,58.97,Yes
15 years old,Male,10th grade,1.65,76.66,Yes
17 years old,Female,10th grade,1.57,60.33,No
15 years old,Male,10th grade,1.7,59.88,No
17 years old,Female,12th grade,1.73,81.65,No
18 years old or older,Male,12th grade,1.78,64.86,No
16 years old,Male,10th grade,1.75,69.85,No
18 years old or older,Male,12th grade,1.57,52.16,No
18 years old or older,Female,12th grade,1.88,126.55,Yes
17 years old,Female,12th grade,1.6,54.43,Yes
15 years old,Female,9th grade,1.65,100.7,Yes
14 years old,Female,9th grade,1.65,63.5,No
14 years old,Female,9th grade,1.52,92.99,Yes
15 years old,Female,10th grade,1.63,56.25,No
14 years old,Female,9th grade,1.63,85.28,No
15 years old,Male,10th grade,1.78,65.77,No
17 years old,Female,12th grade,1.68,53.07,No
15 years old,Male,9th grade,1.6,52.16,No
16 years old,Male,10th grade,1.83,63.5,Yes
17 years old,Female,11th grade,1.57,49.9,Yes
15 years old,Female,9th grade,1.68,75.3,Yes
14 years old,Female,9th grade,1.6,47.63,No
15 years old,Female,9th grade,1.5,44.45,Yes
15 years old,Female,9th grade,1.52,56.25,Yes
15 years old,Female,10th grade,1.73,49.9,No
16 years old,Female,10th grade,1.55,52.62,Yes
15 years old,Male,10th grade,1.73,61.24,No
17 years old,Female,11th grade,1.7,45.81,No
15 years old,Female,9th grade,1.52,55.79,No
15 years old,Male,9th grade,1.65,65.77,No
14 years old,Female,9th grade,1.65,56.25,No
14 years old,Male,9th grade,1.7,58.97,No
15 years old,Female,10th grade,1.55,63.5,No
18 years old or older,Female,12th grade,1.63,66.68,No
18 years old or older,Female,12th grade,1.68,61.24,No
18 years old or older,Male,12th grade,1.75,64.86,No
18 years old or older,Male,12th grade,1.68,77.11,No
18 years old or older,Male,12th grade,1.7,70.76,No
18 years old or older,Female,12th grade,1.68,80.74,No
18 years old or older,Female,12th grade,1.6,55.79,No
17 years old,Male,12th grade,1.68,86.18,No
18 years old or older,Male,12th grade,1.9,81.65,No
17 years old,Female,12th grade,1.68,74.84,No
17 years old,Female,12th grade,1.52,62.6,Yes
18 years old or older,Male,12th grade,1.78,75.75,No
17 years old,Female,12th grade,1.6,58.97,No
18 years old or older,Male,12th grade,1.7,65.77,Yes
17 years old,Female,12th grade,1.75,66.68,Yes
18 years old or older,Male,12th grade,1.83,83.92,No
17 years old,Male,12th grade,1.73,73.94,No
14 years old,Male,9th grade,1.57,51.71,No
17 years old,Male,12th grade,1.8,68.04,No
15 years old,Male,9th grade,1.93,68.04,Yes
18 years old or older,Male,12th grade,1.7,65.77,No
15 years old,Male,10th grade,1.68,54.43,No
16 years old,Male,11th grade,1.68,59.42,Yes
18 years old or older,Female,12th grade,1.68,56.7,No
14 years old,Female,9th grade,1.52,45.36,No
17 years old,Male,11th grade,1.78,72.58,No
18 years old or older,Female,12th grade,1.57,117.94,Yes
15 years old,Female,10th grade,1.6,48.54,No
15 years old,Male,10th grade,1.75,63.05,No
15 years old,Female,9th grade,1.68,58.97,No
18 years old or older,Male,12th grade,1.65,63.5,No
16 years old,Female,11th grade,1.73,64.86,No
15 years old,Male,10th grade,1.73,65.77,No
16 years old,Male,10th grade,1.7,58.51,No
17 years old,Female,12th grade,1.6,66.68,Yes
17 years old,Male,11th grade,1.78,105.69,Yes
18 years old or older,Female,12th grade,1.63,70.31,Yes
17 years old,Male,11th grade,1.57,56.7,No
15 years old,Female,9th grade,1.73,64.41,No
16 years old,Female,10th grade,1.63,63.5,No
17 years old,Female,11th grade,1.6,65.77,No
15 years old,Female,9th grade,1.65,52.16,No
18 years old or older,Male,12th grade,1.73,73.48,Yes
15 years old,Male,9th grade,1.68,61.69,No
14 years old,Female,9th grade,1.57,68.04,No
14 years old,Female,9th grade,1.7,63.96,No
15 years old,Female,9th grade,1.57,83.92,Yes
17 years old,Female,11th grade,1.57,65.77,No
16 years old,Female,11th grade,1.63,56.7,No
18 years old or older,Male,12th grade,1.7,97.52,No
17 years old,Male,12th grade,1.8,127.01,No
16 years old,Female,10th grade,1.65,49.9,Yes
15 years old,Female,10th grade,1.68,48.54,Yes
17 years old,Male,10th grade,1.75,72.58,No
16 years old,Female,10th grade,1.68,57.15,No
16 years old,Female,10th grade,1.6,43.09,No
15 years old,Male,10th grade,1.7,58.97,Yes
15 years old,Female,10th grade,1.65,53.07,Yes
15 years old,Female,10th grade,1.63,54.43,No
17 years old,Male,11th grade,1.9,95.26,No
15 years old,Female,10th grade,1.68,81.65,Yes
16 years old,Male,10th grade,1.63,88.91,Yes
15 years old,Female,9th grade,1.6,49.9,No
15 years old,Male,9th grade,1.75,72.58,No
15 years old,Male,9th grade,1.83,61.24,No
15 years old,Male,9th grade,1.83,71.67,Yes
15 years old,Male,9th grade,1.88,81.65,No
16 years old,Male,10th grade,1.75,97.52,No
16 years old,Male,9th grade,1.68,49.9,No
16 years old,Male,10th grade,1.8,138.8,Yes
17 years old,Male,11th grade,1.65,59.88,No
17 years old,Male,11th grade,1.7,54.43,No
15 years old,Male,9th grade,1.7,63.5,No
17 years old,Male,10th grade,1.73,68.04,No
15 years old,Male,9th grade,1.85,88.45,No
16 years old,Female,10th grade,1.55,61.24,Yes
18 years old or older,Female,12th grade,1.55,68.04,No
14 years old,Female,9th grade,1.55,41.28,No
16 years old,Female,10th grade,1.8,61.69,No
16 years old,Female,10th grade,1.5,49.9,No
16 years old,Male,10th grade,1.73,70.31,No
15 years old,Male,9th grade,1.7,95.26,Yes
15 years old,Male,9th grade,1.75,46.27,No
17 years old,Female,11th grade,1.6,54.43,No
17 years old,Female,12th grade,1.63,84.37,No
17 years old,Male,11th grade,1.73,58.97,No
18 years old or older,Male,12th grade,1.8,68.04,No
17 years old,Male,11th grade,1.78,72.58,No
18 years old or older,Male,12th grade,1.96,69.85,No
17 years old,Male,12th grade,1.8,84.37,No
17 years old,Female,11th grade,1.5,47.63,Yes
15 years old,Male,9th grade,1.73,71.67,No
15 years old,Male,10th grade,1.78,67.13,No
14 years old,Female,9th grade,1.6,56.7,Yes
15 years old,Male,9th grade,1.83,65.77,No
15 years old,Female,9th grade,1.63,71.67,No
15 years old,Female,9th grade,1.57,58.97,No
15 years old,Male,10th grade,1.78,78.93,No
14 years old,Male,9th grade,1.78,63.5,No
15 years old,Male,9th grade,1.75,77.11,No
15 years old,Female,9th grade,1.6,52.16,No
15 years old,Female,9th grade,1.65,52.16,No
14 years old,Female,9th grade,1.65,70.31,No
15 years old,Female,9th grade,1.73,61.24,No
14 years old,Male,9th grade,1.7,57.15,No
14 years old,Male,9th grade,1.75,64.41,No
14 years old,Female,9th grade,1.55,49.9,No
14 years old,Male,9th grade,1.68,52.16,No
17 years old,Male,10th grade,1.8,88.45,No
16 years old,Female,10th grade,1.68,90.72,Yes
16 years old,Female,11th grade,1.7,72.58,No
18 years old or older,Female,12th grade,1.57,77.11,No
18 years old or older,Female,12th grade,1.6,50.8,Yes
16 years old,Female,10th grade,1.68,71.67,No
15 years old,Female,10th grade,1.6,53.98,No
17 years old,Female,11th grade,1.7,88.45,No
18 years old or older,Male,12th grade,1.8,106.6,No
17 years old,Female,11th grade,1.6,67.59,No
16 years old,Female,11th grade,1.57,76.2,No
17 years old,Male,11th grade,1.78,71.22,Yes
17 years old,Male,11th grade,1.9,68.04,No
17 years old,Female,11th grade,1.63,68.04,No
17 years old,Female,11th grade,1.68,78.47,No
16 years old,Female,11th grade,1.78,56.25,No
16 years old,Female,10th grade,1.8,117.03,No
14 years old,Male,9th grade,1.68,58.97,No
16 years old,Female,10th grade,1.63,52.16,No
15 years old,Female,10th grade,1.63,63.5,No
15 years old,Female,10th grade,1.57,65.77,No
16 years old,Male,10th grade,1.78,61.24,No
16 years old,Female,10th grade,1.6,53.52,Yes
16 years old,Male,10th grade,1.7,88.45,No
16 years old,Male,10th grade,1.8,63.5,No
15 years old,Male,10th grade,1.83,102.06,No
15 years old,Male,9th grade,1.73,54.89,No
14 years old,Female,9th grade,1.57,54.43,No
14 years old,Male,9th grade,1.7,72.58,No
15 years old,Male,9th grade,1.83,64.86,No
15 years old,Female,9th grade,1.47,53.07,Yes
15 years old,Female,9th grade,1.75,67.59,No
14 years old,Male,9th grade,1.83,90.72,Yes
15 years old,Male,9th grade,1.73,58.97,No
14 years old,Female,9th grade,1.7,54.43,No
14 years old,Male,9th grade,1.83,63.5,No
16 years old,Male,9th grade,1.75,114.76,No
15 years old,Female,9th grade,1.52,49.44,No
16 years old,Male,9th grade,1.85,104.33,Yes
15 years old,Female,9th grade,1.57,68.95,Yes
14 years old,Male,9th grade,1.78,77.11,No
16 years old,Male,9th grade,1.75,63.5,No
16 years old,Male,9th grade,1.75,107.05,No
16 years old,Female,10th grade,1.57,95.26,No
15 years old,Male,9th grade,1.78,111.13,Yes
14 years old,Female,9th grade,1.65,51.26,No
16 years old,Female,9th grade,1.68,68.04,No
15 years old,Female,9th grade,1.83,71.67,No
15 years old,Female,9th grade,1.65,49.9,No
16 years old,Female,10th grade,1.6,54.43,No
15 years old,Female,10th grade,1.65,54.43,No
17 years old,Male,10th grade,1.8,63.5,No
16 years old,Male,10th grade,1.75,90.72,No
15 years old,Male,10th grade,1.83,63.5,No
17 years old,Female,11th grade,1.63,54.89,No
15 years old,Female,10th grade,1.7,52.62,No
16 years old,Female,10th grade,1.8,61.69,No
18 years old or older,Male,11th grade,1.9,102.97,No
18 years old or older,Male,12th grade,1.73,90.72,No
15 years old,Female,10th grade,1.57,79.38,No
16 years old,Female,11th grade,1.5,65.77,No
17 years old,Female,11th grade,1.6,47.63,Yes
15 years old,Female,10th grade,1.7,66.23,Yes
16 years old,Male,11th grade,1.73,91.17,No
16 years old,Female,10th grade,1.68,102.06,Yes
15 years old,Male,10th grade,1.75,72.58,No
16 years old,Male,10th grade,1.73,78.47,No
16 years old,Male,10th grade,1.83,66.68,No
15 years old,Male,9th grade,1.65,54.43,No
15 years old,Male,9th grade,1.78,46.27,No
17 years old,Female,10th grade,1.78,97.52,Yes
16 years old,Female,10th grade,1.5,40.82,Yes
15 years old,Male,10th grade,1.73,104.33,No
16 years old,Female,11th grade,1.57,61.24,No
16 years old,Male,10th grade,1.85,82.1,No
16 years old,Female,10th grade,1.63,68.95,No
17 years old,Male,10th grade,1.88,78.02,No
15 years old,Female,9th grade,1.73,58.51,No
16 years old,Male,10th grade,1.65,49.9,Yes
15 years old,Male,9th grade,1.83,69.85,Yes
15 years old,Male,9th grade,1.75,73.48,No
17 years old,Male,10th grade,1.88,129.28,No
15 years old,Male,9th grade,1.78,73.94,No
15 years old,Male,9th grade,1.83,92.99,No
15 years old,Female,9th grade,1.57,48.54,No
14 years old,Female,9th grade,1.63,65.77,Yes
15 years old,Female,9th grade,1.55,65.77,Yes
15 years old,Male,9th grade,1.73,61.69,No
14 years old,Female,9th grade,1.7,54.43,No
16 years old,Female,10th grade,1.57,54.89,Yes
14 years old,Female,9th grade,1.57,41.73,Yes
15 years old,Male,9th grade,1.78,95.26,No
14 years old,Male,9th grade,1.65,49.9,No
16 years old,Male,9th grade,1.83,104.33,No
14 years old,Female,9th grade,1.73,68.04,No
14 years old,Female,9th grade,1.57,54.89,Yes
14 years old,Female,9th grade,1.6,48.08,No
15 years old,Male,9th grade,1.7,70.31,No
14 years old,Male,9th grade,1.68,54.43,No
17 years old,Female,11th grade,1.52,43.09,Yes
15 years old,Female,10th grade,1.65,65.77,Yes
15 years old,Female,10th grade,1.52,65.77,Yes
16 years old,Female,10th grade,1.63,63.5,No
16 years old,Female,10th grade,1.68,58.97,Yes
16 years old,Male,10th grade,1.75,68.04,No
15 years old,Male,10th grade,1.78,67.13,No
16 years old,Male,10th grade,1.83,68.04,No
16 years old,Female,10th grade,1.6,52.16,Yes
16 years old,Male,10th grade,1.85,70.31,No
16 years old,Female,10th grade,1.68,56.7,No
17 years old,Female,11th grade,1.57,53.98,No
15 years old,Female,10th grade,1.68,54.43,Yes
15 years old,Female,10th grade,1.6,53.52,Yes
15 years old,Female,10th grade,1.65,84.82,Yes
16 years old,Female,10th grade,1.73,63.5,No
17 years old,Male,11th grade,1.73,67.59,No
16 years old,Male,10th grade,1.7,145.15,No
17 years old,Male,11th grade,1.78,99.79,No
17 years old,Male,11th grade,1.78,95.26,No
17 years old,Female,11th grade,1.55,52.16,No
18 years old or older,Male,11th grade,1.83,90.72,No
17 years old,Female,11th grade,1.7,95.26,No
17 years old,Female,11th grade,1.73,88.45,No
17 years old,Female,12th grade,1.6,58.97,No
16 years old,Male,11th grade,1.83,87.54,Yes
17 years old,Female,12th grade,1.57,70.31,Yes
17 years old,Female,11th grade,1.63,65.77,No
16 years old,Male,11th grade,1.63,68.04,Yes
18 years old or older,Male,12th grade,1.83,61.24,No
17 years old,Female,12th grade,1.63,63.5,No
18 years old or older,Female,12th grade,1.55,73.94,No
17 years old,Male,11th grade,1.7,63.5,No
17 years old,Female,11th grade,1.57,51.26,Yes
17 years old,Female,11th grade,1.52,68.04,Yes
18 years old or older,Male,12th grade,1.88,68.04,No
18 years old or older,Male,11th grade,1.75,68.04,No
16 years old,Female,11th grade,1.7,77.11,No
17 years old,Male,11th grade,1.73,108.86,No
16 years old,Male,10th grade,1.98,142.88,No
16 years old,Male,11th grade,1.88,74.84,No
14 years old,Female,9th grade,1.57,54.43,No
17 years old,Male,11th grade,1.65,54.43,Yes
17 years old,Female,12th grade,1.68,136.08,No
18 years old or older,Female,12th grade,1.68,63.5,No
17 years old,Male,12th grade,1.85,65.77,No
18 years old or older,Female,12th grade,1.6,54.43,No
18 years old or older,Male,12th grade,1.78,72.58,No
18 years old or older,Female,12th grade,1.65,58.97,No
18 years old or older,Female,12th grade,1.63,52.16,No
18 years old or older,Female,12th grade,1.57,59.88,No
17 years old,Female,12th grade,1.75,58.97,No
18 years old or older,Male,12th grade,1.93,106.6,No
18 years old or older,Male,12th grade,1.75,65.77,No
18 years old or older,Female,12th grade,1.73,63.5,Yes
17 years old,Female,12th grade,1.73,61.24,No
17 years old,Female,12th grade,1.6,58.97,Yes
17 years old,Female,12th grade,1.6,72.58,No
18 years old or older,Female,12th grade,1.75,65.77,Yes
18 years old or older,Male,12th grade,1.78,74.84,No
18 years old or older,Male,12th grade,1.83,92.08,Yes
18 years old or older,Female,12th grade,1.55,79.38,Yes
17 years old,Female,12th grade,1.6,53.07,Yes
17 years old,Female,12th grade,1.55,54.43,No
18 years old or older,Male,12th grade,1.78,65.77,Yes
18 years old or older,Female,12th grade,1.63,70.31,No
17 years old,Male,12th grade,1.7,65.77,No
17 years old,Female,12th grade,1.73,52.16,No
17 years old,Male,12th grade,1.9,77.11,No
18 years old or older,Female,12th grade,1.6,56.7,No
18 years old or older,Male,12th grade,1.68,72.58,No
17 years old,Male,12th grade,1.8,83.92,No
17 years old,Female,12th grade,1.55,48.99,Yes
18 years old or older,Male,12th grade,1.9,61.24,No
17 years old,Female,12th grade,1.73,86.18,No
18 years old or older,Female,12th grade,1.6,86.18,No
16 years old,Female,11th grade,1.65,61.69,No
17 years old,Male,11th grade,1.85,68.04,No
17 years old,Male,11th grade,1.68,65.77,No
16 years old,Male,11th grade,1.83,68.04,No
16 years old,Female,11th grade,1.63,63.5,No
17 years old,Male,11th grade,1.7,69.4,No
16 years old,Female,10th grade,1.57,49.44,No
16 years old,Male,10th grade,1.75,81.65,No
15 years old,Male,10th grade,1.63,52.16,Yes
16 years old,Female,10th grade,1.68,81.65,Yes
15 years old,Male,10th grade,2.01,77.11,No
15 years old,Female,10th grade,1.65,88.45,No
15 years old,Female,10th grade,1.6,63.5,No
16 years old,Male,10th grade,1.78,74.84,No
16 years old,Female,10th grade,1.65,49.9,No
15 years old,Female,10th grade,1.6,44.91,No
16 years old,Male,10th grade,1.75,60.78,No
15 years old,Male,10th grade,1.78,74.84,No
15 years old,Female,10th grade,1.6,52.16,No
15 years old,Male,10th grade,1.8,102.06,Yes
16 years old,Female,10th grade,1.57,44.91,No
15 years old,Male,10th grade,1.65,52.62,No
15 years old,Female,10th grade,1.52,34.93,No
16 years old,Female,10th grade,1.6,44,No
15 years old,Male,10th grade,1.78,54.89,Yes
15 years old,Female,10th grade,1.75,65.77,No
16 years old,Female,10th grade,1.57,52.16,No
16 years old,Female,10th grade,1.63,55.34,Yes
15 years old,Male,10th grade,1.88,86.18,No
16 years old,Male,10th grade,1.8,79.38,Yes
15 years old,Female,10th grade,1.6,54.43,No
18 years old or older,Male,12th grade,1.78,78.47,No
16 years old,Male,10th grade,1.8,62.14,No
17 years old,Female,12th grade,1.57,70.76,No
15 years old,Male,10th grade,1.85,119.75,Yes
16 years old,Male,11th grade,1.75,58.97,No
17 years old,Female,11th grade,1.7,99.79,No
15 years old,Male,10th grade,1.8,77.11,No
15 years old,Male,10th grade,1.65,86.18,No
17 years old,Female,11th grade,1.63,55.34,Yes
16 years old,Male,11th grade,1.68,68.04,No
18 years old or older,Male,12th grade,1.83,79.38,No
16 years old,Female,10th grade,1.65,54.43,No
15 years old,Male,10th grade,1.75,65.77,No
16 years old,Male,10th grade,1.8,113.4,No
17 years old,Male,12th grade,1.73,61.24,Yes
15 years old,Female,9th grade,1.65,63.5,No
16 years old,Female,11th grade,1.47,49.44,No
15 years old,Male,10th grade,1.7,52.16,No
15 years old,Female,10th grade,1.68,51.26,No
15 years old,Male,10th grade,1.85,108.86,No
14 years old,Female,9th grade,1.52,45.81,No
16 years old,Male,11th grade,1.78,131.54,No
18 years old or older,Male,12th grade,1.78,96.16,No
14 years old,Male,9th grade,1.65,56.7,No
15 years old,Female,10th grade,1.65,80.74,Yes
16 years old,Female,10th grade,1.65,68.04,No
14 years old,Male,9th grade,1.6,54.43,No
14 years old,Male,9th grade,1.7,54.43,Yes
15 years old,Male,9th grade,1.75,61.69,No
15 years old,Female,9th grade,1.6,47.63,No
16 years old,Male,10th grade,1.83,68.49,No
17 years old,Male,11th grade,1.8,88.91,Yes
15 years old,Male,9th grade,1.75,61.24,No
16 years old,Female,10th grade,1.6,49.44,No
16 years old,Female,11th grade,1.55,68.04,No
14 years old,Male,9th grade,1.63,45.81,No
16 years old,Female,11th grade,1.65,65.77,No
15 years old,Female,9th grade,1.6,44,No
14 years old,Female,9th grade,1.52,61.24,Yes
15 years old,Female,10th grade,1.57,47.63,No
16 years old,Female,10th grade,1.68,53.52,No
16 years old,Female,10th grade,1.7,61.69,Yes
15 years old,Female,9th grade,1.63,88.45,No
15 years old,Female,10th grade,1.55,67.13,Yes
16 years old,Female,11th grade,1.6,77.11,No
15 years old,Female,10th grade,1.63,125.19,Yes
16 years old,Female,10th grade,1.68,65.77,No
15 years old,Male,9th grade,1.75,74.84,Yes
17 years old,Male,11th grade,1.73,61.24,No
15 years old,Male,9th grade,1.8,58.51,No
14 years old,Male,9th grade,1.73,117.48,No
14 years old,Female,9th grade,1.57,56.25,Yes
14 years old,Male,9th grade,1.78,61.24,No
14 years old,Female,9th grade,1.6,68.95,No
15 years old,Male,9th grade,1.8,88.45,Yes
16 years old,Female,9th grade,1.57,51.71,No
14 years old,Male,9th grade,1.63,53.52,Yes
14 years old,Male,9th grade,1.83,98.43,No
14 years old,Female,9th grade,1.6,75.75,No
14 years old,Female,9th grade,1.7,81.65,No
15 years old,Male,9th grade,1.75,67.59,No
15 years old,Male,9th grade,1.7,102.06,No
14 years old,Male,9th grade,1.8,111.59,No
14 years old,Male,9th grade,1.73,63.5,No
15 years old,Male,9th grade,1.8,127.01,No
15 years old,Male,10th grade,1.73,83.01,Yes
15 years old,Female,10th grade,1.65,58.06,No
15 years old,Male,10th grade,1.85,85.28,Yes
15 years old,Female,10th grade,1.57,38.56,No
17 years old,Female,10th grade,1.57,68.04,Yes
15 years old,Female,10th grade,1.57,86.18,No
15 years old,Male,10th grade,1.83,95.26,No
15 years old,Male,10th grade,1.78,129.73,No
16 years old,Male,10th grade,1.83,163.3,No
16 years old,Male,10th grade,1.85,117.94,No
15 years old,Female,10th grade,1.6,45.36,No
16 years old,Male,10th grade,1.73,68.04,No
15 years old,Male,10th grade,1.73,77.11,No
17 years old,Female,11th grade,1.57,52.16,No
16 years old,Female,11th grade,1.7,77.11,No
17 years old,Male,11th grade,1.68,98.43,No
16 years old,Female,11th grade,1.52,40.82,No
17 years old,Male,11th grade,1.85,77.11,No
16 years old,Female,11th grade,1.55,58.51,No
16 years old,Male,11th grade,1.7,73.94,No
16 years old,Male,11th grade,1.6,54.89,No
15 years old,Male,10th grade,1.68,58.51,No
18 years old or older,Male,12th grade,1.65,63.5,No
16 years old,Male,11th grade,1.75,79.38,No
16 years old,Female,10th grade,1.63,45.36,No
15 years old,Male,10th grade,1.83,79.38,No
16 years old,Female,10th grade,1.57,49.9,No
17 years old,Male,11th grade,1.68,72.12,No
17 years old,Male,11th grade,1.8,64.41,No
16 years old,Female,11th grade,1.57,47.17,No
17 years old,Female,11th grade,1.55,64.41,No
16 years old,Male,10th grade,1.68,54.43,No
16 years old,Male,11th grade,1.65,58.97,No
15 years old,Male,10th grade,1.75,78.02,No
15 years old,Female,10th grade,1.55,44.45,No
16 years old,Female,11th grade,1.7,59.88,No
16 years old,Male,11th grade,1.75,117.48,No
17 years old,Male,11th grade,1.75,58.97,No
17 years old,Male,12th grade,1.7,64.41,No
17 years old,Female,12th grade,1.52,42.64,No
17 years old,Male,12th grade,1.85,68.04,No
17 years old,Male,12th grade,1.78,117.94,No
17 years old,Male,12th grade,1.85,76.2,No
17 years old,Male,12th grade,1.6,44.91,No
18 years old or older,Female,12th grade,1.73,71.22,No
18 years old or older,Female,12th grade,1.63,54.43,No
17 years old,Female,12th grade,1.55,54.43,No
18 years old or older,Male,12th grade,1.7,72.58,No
17 years old,Male,12th grade,1.68,81.65,No
17 years old,Male,12th grade,1.73,67.59,No
18 years old or older,Male,12th grade,1.7,56.7,Yes
17 years old,Male,12th grade,1.83,73.48,No
17 years old,Female,12th grade,1.57,49.9,No
17 years old,Male,12th grade,1.83,67.13,No
15 years old,Female,9th grade,1.6,49.9,No
15 years old,Male,9th grade,1.57,43.55,No
15 years old,Female,9th grade,1.65,49.9,Yes
15 years old,Female,9th grade,1.7,56.7,No
15 years old,Male,9th grade,1.63,53.52,Yes
15 years old,Male,9th grade,1.75,67.59,No
15 years old,Female,9th grade,1.75,67.59,No
15 years old,Female,9th grade,1.52,57.61,No
15 years old,Female,9th grade,1.55,50.8,No
15 years old,Male,9th grade,1.7,55.34,No
15 years old,Female,9th grade,1.68,49.9,No
15 years old,Male,9th grade,1.7,61.24,No
14 years old,Female,9th grade,1.78,60.33,No
15 years old,Male,9th grade,1.63,40.82,No
15 years old,Male,9th grade,1.7,62.6,Yes
14 years old,Female,9th grade,1.55,46.27,No
15 years old,Male,9th grade,1.65,54.43,No
14 years old,Male,9th grade,1.63,50.8,No
15 years old,Male,9th grade,1.78,65.32,No
14 years old,Male,9th grade,1.73,74.84,No
16 years old,Male,11th grade,1.88,77.11,No
17 years old,Female,11th grade,1.57,48.54,No
15 years old,Male,10th grade,1.83,81.65,Yes
16 years old,Female,11th grade,1.57,40.82,No
16 years old,Male,11th grade,1.83,61.24,No
16 years old,Female,10th grade,1.8,91.63,No
15 years old,Male,10th grade,1.9,89.36,No
16 years old,Female,11th grade,1.52,47.63,No
16 years old,Male,10th grade,1.68,56.7,No
15 years old,Male,10th grade,1.85,62.14,No
16 years old,Male,10th grade,1.7,62.14,No
15 years old,Male,10th grade,1.8,79.38,No
15 years old,Female,10th grade,1.52,49.9,No
15 years old,Female,10th grade,1.7,69.85,No
17 years old,Male,12th grade,1.8,56.7,No
15 years old,Male,10th grade,1.7,54.43,No
17 years old,Female,11th grade,1.73,99.34,No
16 years old,Male,11th grade,1.63,46.72,No
15 years old,Female,10th grade,1.65,51.26,No
16 years old,Female,10th grade,1.6,56.25,No
15 years old,Male,9th grade,1.55,50.8,Yes
15 years old,Female,9th grade,1.68,61.24,No
14 years old,Male,9th grade,1.73,65.77,Yes
14 years old,Female,9th grade,1.65,44.45,Yes
14 years old,Female,9th grade,1.65,49.44,Yes
14 years old,Female,9th grade,1.65,47.63,No
15 years old,Male,9th grade,1.65,54.43,No
15 years old,Male,9th grade,1.63,51.71,No
15 years old,Female,9th grade,1.47,41.28,No
14 years old,Female,9th grade,1.55,49.44,No
14 years old,Female,9th grade,1.57,57.61,No
15 years old,Male,9th grade,1.78,73.94,No
14 years old,Male,9th grade,1.6,48.99,Yes
14 years old,Male,9th grade,1.73,59.88,No
14 years old,Male,9th grade,1.73,69.85,No
14 years old,Female,9th grade,1.6,47.63,No
14 years old,Female,9th grade,1.68,54.43,No
15 years old,Female,9th grade,1.7,54.43,No
15 years old,Female,9th grade,1.63,54.43,No
14 years old,Female,9th grade,1.52,44.45,Yes
14 years old,Female,9th grade,1.5,34.02,No
15 years old,Male,9th grade,1.65,41.73,No
14 years old,Male,9th grade,1.68,63.5,No
14 years old,Male,9th grade,1.73,48.08,No
14 years old,Female,9th grade,1.52,52.16,No
15 years old,Male,9th grade,1.68,68.04,No
14 years old,Male,9th grade,1.7,79.83,No
15 years old,Female,9th grade,1.73,88.45,No
14 years old,Male,9th grade,1.7,86.18,No
14 years old,Female,9th grade,1.55,54.43,No
14 years old,Female,9th grade,1.63,45.36,No
14 years old,Male,9th grade,1.73,51.26,No
15 years old,Female,9th grade,1.65,65.32,No
15 years old,Female,9th grade,1.63,54.43,No
14 years old,Female,9th grade,1.57,58.97,No
15 years old,Female,9th grade,1.63,51.71,No
14 years old,Female,9th grade,1.63,47.17,No
15 years old,Female,9th grade,1.52,68.04,No
15 years old,Female,9th grade,1.65,53.07,No
14 years old,Female,9th grade,1.73,97.52,Yes
14 years old,Male,9th grade,1.73,54.43,No
15 years old,Female,9th grade,1.55,44.45,Yes
15 years old,Male,9th grade,1.7,58.97,No
13 years old,Male,9th grade,1.65,45.36,No
14 years old,Male,9th grade,1.68,72.58,No
14 years old,Male,9th grade,1.75,104.33,No
15 years old,Male,9th grade,1.83,104.33,Yes
15 years old,Male,9th grade,1.68,68.04,No
14 years old,Male,9th grade,1.65,53.98,No
14 years old,Male,9th grade,1.73,66.23,No
14 years old,Male,9th grade,1.6,58.97,No
15 years old,Male,9th grade,1.73,58.97,No
14 years old,Male,9th grade,1.8,97.52,No
14 years old,Male,9th grade,1.7,55.34,No
14 years old,Male,9th grade,1.65,81.65,No
15 years old,Female,9th grade,1.57,52.16,No
14 years old,Male,9th grade,1.68,68.04,No
14 years old,Female,9th grade,1.55,44.45,No
14 years old,Female,9th grade,1.65,40.82,No
15 years old,Female,9th grade,1.65,58.97,No
15 years old,Male,10th grade,1.68,83.92,No
16 years old,Male,10th grade,1.75,68.04,Yes
16 years old,Female,10th grade,1.5,52.62,No
15 years old,Female,10th grade,1.52,62.6,No
16 years old,Female,10th grade,1.6,58.97,No
15 years old,Female,10th grade,1.68,56.7,Yes
16 years old,Male,10th grade,1.68,65.77,No
15 years old,Male,10th grade,1.7,82.1,No
15 years old,Male,10th grade,1.68,52.16,No
15 years old,Male,10th grade,1.65,56.7,No
16 years old,Female,10th grade,1.52,46.72,No
16 years old,Male,10th grade,1.7,49.9,No
15 years old,Male,10th grade,1.78,58.97,No
16 years old,Male,10th grade,1.73,86.18,No
15 years old,Male,10th grade,1.78,81.65,No
16 years old,Male,10th grade,1.73,108.41,No
16 years old,Male,10th grade,1.75,65.77,No
16 years old,Male,10th grade,1.73,58.06,No
15 years old,Female,10th grade,1.57,44.45,Yes
15 years old,Male,10th grade,1.78,88,No
16 years old,Male,10th grade,1.75,58.97,Yes
16 years old,Male,10th grade,1.78,54.43,No
16 years old,Male,10th grade,1.7,71.67,Yes
15 years old,Male,10th grade,1.8,70.31,No
15 years old,Male,10th grade,1.7,54.89,No
16 years old,Male,10th grade,1.75,92.53,No
16 years old,Female,10th grade,1.55,66.23,No
16 years old,Female,10th grade,1.42,48.08,No
15 years old,Female,10th grade,1.5,54.43,No
15 years old,Female,10th grade,1.57,48.54,No
16 years old,Female,10th grade,1.63,70.31,No
16 years old,Female,10th grade,1.65,54.43,No
15 years old,Female,10th grade,1.55,52.62,No
16 years old,Male,10th grade,1.75,65.77,No
15 years old,Female,10th grade,1.65,56.7,No
15 years old,Female,10th grade,1.68,61.24,No
15 years old,Female,10th grade,1.6,61.24,Yes
14 years old,Female,9th grade,1.52,39.01,No
15 years old,Female,9th grade,1.45,52.16,No
14 years old,Female,9th grade,1.52,40.82,No
15 years old,Female,9th grade,1.52,47.63,No
15 years old,Female,9th grade,1.6,58.97,No
14 years old,Male,9th grade,1.63,58.97,No
17 years old,Female,11th grade,1.52,52.16,No
16 years old,Female,11th grade,1.7,65.77,No
16 years old,Female,11th grade,1.63,73.48,No
17 years old,Female,11th grade,1.52,52.16,No
16 years old,Female,11th grade,1.52,48.08,No
16 years old,Female,11th grade,1.63,54.43,No
17 years old,Female,11th grade,1.65,63.5,Yes
16 years old,Male,11th grade,1.65,62.14,No
16 years old,Male,11th grade,1.68,79.83,No
16 years old,Female,11th grade,1.65,104.33,No
17 years old,Female,11th grade,1.63,55.79,No
17 years old,Male,11th grade,1.7,81.19,No
17 years old,Female,11th grade,1.52,45.36,No
14 years old,Male,9th grade,1.55,43.09,No
15 years old,Male,9th grade,1.7,97.07,No
14 years old,Male,9th grade,1.83,79.83,No
14 years old,Female,9th grade,1.5,36.29,No
14 years old,Female,9th grade,1.45,34.93,Yes
15 years old,Female,9th grade,1.5,41.28,No
15 years old,Female,9th grade,1.63,51.26,No
14 years old,Female,9th grade,1.52,40.82,No
14 years old,Female,9th grade,1.55,47.63,Yes
14 years old,Female,9th grade,1.57,72.58,No
15 years old,Female,9th grade,1.57,54.43,No
14 years old,Female,9th grade,1.65,57.15,No
15 years old,Female,9th grade,1.68,67.59,No
15 years old,Male,9th grade,1.63,42.18,Yes
16 years old,Male,10th grade,1.8,79.38,Yes
15 years old,Male,10th grade,1.83,86.18,Yes
16 years old,Female,10th grade,1.55,54.43,No
17 years old,Female,11th grade,1.55,52.16,No
15 years old,Female,9th grade,1.68,56.7,Yes
16 years old,Male,10th grade,1.73,72.58,No
16 years old,Male,10th grade,1.78,63.5,No
15 years old,Male,10th grade,1.78,98.88,No
15 years old,Female,10th grade,1.7,59.88,No
15 years old,Male,10th grade,1.6,67.13,No
15 years old,Male,10th grade,1.63,49.9,No
16 years old,Female,10th grade,1.47,54.43,No
15 years old,Female,10th grade,1.55,43.55,No
16 years old,Male,10th grade,1.65,78.02,No
16 years old,Male,9th grade,1.88,131.54,No
16 years old,Male,10th grade,1.73,44,Yes
16 years old,Male,10th grade,1.78,92.99,No
15 years old,Male,10th grade,1.6,99.79,No
16 years old,Male,10th grade,1.83,90.72,No
15 years old,Female,10th grade,1.65,60.78,No
15 years old,Male,10th grade,1.73,67.59,No
16 years old,Male,10th grade,1.75,68.04,No
16 years old,Male,10th grade,1.9,96.62,No
15 years old,Female,10th grade,1.57,71.22,No
15 years old,Male,10th grade,1.68,54.43,No
15 years old,Male,10th grade,1.78,77.11,No
15 years old,Male,10th grade,1.68,75.75,No
16 years old,Female,10th grade,1.55,45.36,No
16 years old,Male,10th grade,1.73,83.92,No
16 years old,Female,10th grade,1.65,54.43,No
15 years old,Female,10th grade,1.63,49.9,No
17 years old,Female,11th grade,1.6,63.5,No
17 years old,Female,11th grade,1.63,47.63,No
17 years old,Male,11th grade,1.85,104.33,No
17 years old,Female,11th grade,1.65,58.06,No
17 years old,Female,11th grade,1.63,49.9,No
17 years old,Male,11th grade,1.8,74.84,No
17 years old,Male,11th grade,1.8,96.16,No
17 years old,Male,11th grade,1.68,58.97,No
16 years old,Male,11th grade,1.57,54.43,No
16 years old,Male,10th grade,1.75,86.64,Yes
16 years old,Male,10th grade,1.78,62.14,No
16 years old,Male,10th grade,1.96,90.72,No
15 years old,Male,10th grade,1.7,58.97,No
16 years old,Female,10th grade,1.57,43.09,No
16 years old,Female,10th grade,1.57,47.17,No
16 years old,Female,10th grade,1.6,46.72,No
15 years old,Female,10th grade,1.5,40.82,No
16 years old,Male,10th grade,1.68,52.62,No
16 years old,Male,10th grade,1.85,96.16,No
15 years old,Female,9th grade,1.7,72.58,Yes
15 years old,Female,9th grade,1.57,46.27,No
14 years old,Female,9th grade,1.57,53.07,Yes
15 years old,Male,9th grade,1.57,52.16,No
15 years old,Male,9th grade,1.68,70.31,No
15 years old,Male,9th grade,1.68,66.68,No
15 years old,Male,9th grade,1.75,56.7,No
15 years old,Female,9th grade,1.68,58.97,No
17 years old,Male,11th grade,1.83,70.31,No
17 years old,Female,11th grade,1.6,49.9,No
17 years old,Female,11th grade,1.63,81.65,No
17 years old,Female,11th grade,1.7,50.8,No
17 years old,Male,11th grade,1.7,62.6,No
16 years old,Male,11th grade,1.78,54.43,No
16 years old,Female,11th grade,1.75,67.13,No
16 years old,Male,11th grade,1.75,57.61,No
17 years old,Male,11th grade,1.78,65.77,No
17 years old,Male,11th grade,1.78,99.79,No
18 years old or older,Male,12th grade,1.88,92.08,Yes
17 years old,Male,12th grade,1.9,127.01,No
18 years old or older,Male,12th grade,1.85,99.79,No
18 years old or older,Male,12th grade,1.8,77.11,No
17 years old,Female,12th grade,1.5,47.17,No
16 years old,Female,12th grade,1.65,58.97,No
17 years old,Female,12th grade,1.73,113.4,No
18 years old or older,Male,12th grade,1.78,78.02,No
17 years old,Female,12th grade,1.63,54.43,No
17 years old,Male,12th grade,1.78,72.58,No
17 years old,Male,12th grade,1.83,81.65,No
17 years old,Male,12th grade,1.88,89.36,No
17 years old,Female,11th grade,1.42,38.56,No
17 years old,Female,11th grade,1.6,52.16,Yes
17 years old,Female,11th grade,1.63,63.5,No
16 years old,Male,11th grade,1.8,79.38,No
17 years old,Male,11th grade,1.96,89.81,No
16 years old,Male,11th grade,1.7,63.5,No
17 years old,Female,11th grade,1.65,64.86,Yes
17 years old,Female,11th grade,1.68,79.38,No
17 years old,Female,11th grade,1.5,65.77,No
16 years old,Male,11th grade,1.85,101.15,No
17 years old,Male,11th grade,1.73,99.79,Yes
16 years old,Male,11th grade,1.65,67.59,No
17 years old,Male,11th grade,1.75,106.6,No
18 years old or older,Male,12th grade,1.73,102.06,No
16 years old,Female,11th grade,1.5,55.34,No
16 years old,Female,11th grade,1.5,64.86,No
14 years old,Female,9th grade,1.65,69.85,No
16 years old,Female,10th grade,1.63,54.43,No
17 years old,Male,11th grade,1.83,62.6,No
16 years old,Male,10th grade,1.63,64.86,No
16 years old,Male,10th grade,1.68,113.4,No
16 years old,Female,10th grade,1.52,44,No
17 years old,Male,11th grade,1.7,74.84,No
16 years old,Female,11th grade,1.52,45.36,No
16 years old,Female,11th grade,1.5,44.91,No
17 years old,Male,10th grade,1.73,127.01,No
16 years old,Male,10th grade,1.73,61.24,No
15 years old,Male,9th grade,1.65,77.11,No
17 years old,Female,11th grade,1.65,83.92,No
16 years old,Male,11th grade,1.65,76.66,No
13 years old,Male,9th grade,1.88,104.33,No
15 years old,Male,11th grade,1.8,108.86,No
12 years old or younger,Male,9th grade,1.65,78.02,Yes
12 years old or younger,Female,9th grade,1.75,97.52,Yes
15 years old,Male,10th grade,1.73,91.17,No
16 years old,Male,11th grade,1.88,68.04,No
17 years old,Female,12th grade,1.6,68.04,No
16 years old,Female,11th grade,1.42,45.81,No
18 years old or older,Female,12th grade,1.75,58.97,No
16 years old,Male,11th grade,1.65,65.77,No
16 years old,Male,11th grade,1.75,72.58,No
15 years old,Female,10th grade,1.63,56.7,No
15 years old,Male,10th grade,1.73,66.68,No
17 years old,Female,10th grade,1.55,48.99,No
16 years old,Female,11th grade,1.57,51.26,No
14 years old,Male,9th grade,1.68,113.4,No
16 years old,Male,11th grade,1.78,70.31,No
16 years old,Male,11th grade,1.68,56.25,No
17 years old,Male,9th grade,1.65,81.19,No
17 years old,Female,11th grade,1.52,66.68,No
12 years old or younger,Male,11th grade,1.7,68.95,Yes
17 years old,Female,11th grade,1.6,102.06,No
16 years old,Female,11th grade,1.57,44.45,No
16 years old,Female,11th grade,1.68,72.58,No
15 years old,Female,10th grade,1.57,61.69,Yes
16 years old,Male,10th grade,1.75,70.31,No
16 years old,Male,10th grade,1.65,59.88,No
16 years old,Male,11th grade,1.8,73.94,No
17 years old,Female,11th grade,1.68,54.43,No
16 years old,Male,11th grade,1.55,86.18,No
16 years old,Female,11th grade,1.57,50.8,No
14 years old,Male,9th grade,1.8,69.85,No
17 years old,Male,11th grade,1.75,59.88,No
17 years old,Male,11th grade,1.8,61.24,No
17 years old,Male,11th grade,1.7,78.93,No
18 years old or older,Female,11th grade,1.73,73.94,Yes
16 years old,Female,10th grade,1.55,59.88,No
16 years old,Male,10th grade,1.8,95.26,No
14 years old,Female,9th grade,1.6,49.9,Yes
15 years old,Female,9th grade,1.6,58.97,No
15 years old,Female,10th grade,1.57,77.11,No
15 years old,Female,9th grade,1.55,59.88,No
15 years old,Female,9th grade,1.57,45.36,No
14 years old,Female,9th grade,1.63,87.09,No
14 years old,Female,10th grade,1.52,45.36,No
15 years old,Female,9th grade,1.57,59.88,No
16 years old,Female,9th grade,1.7,56.7,No
15 years old,Female,9th grade,1.5,39.01,Yes
15 years old,Female,9th grade,1.52,52.16,No
17 years old,Female,11th grade,1.55,56.25,No
17 years old,Male,10th grade,1.63,54.43,No
17 years old,Female,12th grade,1.52,58.06,No
18 years old or older,Male,12th grade,1.68,54.43,No
17 years old,Male,12th grade,1.73,68.49,No
16 years old,Male,11th grade,1.68,63.5,No
14 years old,Male,9th grade,1.68,89.36,No
18 years old or older,Female,11th grade,1.63,74.84,No
17 years old,Male,11th grade,1.78,66.68,No
17 years old,Male,11th grade,1.7,81.65,No
18 years old or older,Female,12th grade,1.57,89.81,No
16 years old,Male,11th grade,1.68,54.43,No
16 years old,Female,11th grade,1.63,101.61,No
17 years old,Female,11th grade,1.68,104.33,No
16 years old,Female,10th grade,1.57,54.43,No
16 years old,Male,11th grade,1.83,127.01,No
18 years old or older,Female,12th grade,1.57,63.5,No
18 years old or older,Female,12th grade,1.65,61.24,No
15 years old,Male,10th grade,1.68,79.38,Yes
16 years old,Female,11th grade,1.47,81.65,No
18 years old or older,Male,12th grade,1.7,69.4,No
15 years old,Male,9th grade,1.7,95.26,No
15 years old,Female,10th grade,1.7,61.24,No
16 years old,Male,10th grade,1.68,63.5,No
15 years old,Female,10th grade,1.52,49.44,No
16 years old,Male,10th grade,1.65,63.5,No
16 years old,Female,10th grade,1.5,49.9,No
16 years old,Female,11th grade,1.68,104.33,No
18 years old or older,Female,12th grade,1.65,70.76,No
17 years old,Male,12th grade,1.7,90.72,No
17 years old,Male,12th grade,1.73,69.4,No
15 years old,Female,10th grade,1.6,49.9,Yes
17 years old,Male,11th grade,1.73,129.28,No
16 years old,Male,10th grade,1.65,113.4,Yes
15 years old,Male,10th grade,1.65,49.9,No
16 years old,Female,10th grade,1.57,97.07,No
17 years old,Female,11th grade,1.57,81.65,Yes
18 years old or older,Female,12th grade,1.55,95.26,No
12 years old or younger,Female,9th grade,1.75,54.43,Yes
17 years old,Male,11th grade,1.8,61.24,No
17 years old,Male,10th grade,1.68,99.79,No
16 years old,Female,10th grade,1.6,56.7,Yes
16 years old,Female,10th grade,1.5,40.82,Yes
16 years old,Female,10th grade,1.57,58.97,Yes
15 years old,Female,9th grade,1.5,54.43,Yes
15 years old,Female,9th grade,1.55,58.51,No
16 years old,Female,10th grade,1.52,54.43,Yes
16 years old,Female,10th grade,1.57,54.43,No
16 years old,Female,9th grade,1.55,68.95,Yes
15 years old,Female,10th grade,1.63,89.36,No
17 years old,Male,10th grade,1.7,72.58,No
17 years old,Female,10th grade,1.5,63.5,No
15 years old,Female,9th grade,1.57,51.71,Yes
14 years old,Female,9th grade,1.52,54.43,No
15 years old,Male,9th grade,1.68,65.77,No
15 years old,Male,9th grade,1.83,72.58,No
15 years old,Female,9th grade,1.63,45.81,No
15 years old,Female,9th grade,1.6,56.7,No
15 years old,Male,9th grade,1.63,49.9,No
15 years old,Female,9th grade,1.78,68.04,No
15 years old,Male,9th grade,1.85,53.52,No
14 years old,Female,9th grade,1.65,52.62,No
15 years old,Female,9th grade,1.57,78.93,No
14 years old,Female,9th grade,1.78,58.97,No
14 years old,Male,9th grade,1.7,48.99,Yes
14 years old,Female,9th grade,1.7,63.5,No
14 years old,Male,9th grade,1.5,39.46,Yes
14 years old,Female,9th grade,1.65,56.7,No
15 years old,Male,9th grade,1.9,106.6,No
14 years old,Male,9th grade,1.68,81.65,No
14 years old,Male,9th grade,1.75,76.2,No
14 years old,Female,9th grade,1.63,52.16,No
15 years old,Female,9th grade,1.68,47.63,No
15 years old,Female,9th grade,1.6,43.09,No
14 years old,Male,9th grade,1.83,63.5,Yes
15 years old,Male,9th grade,1.63,48.99,No
15 years old,Female,9th grade,1.68,55.34,No
14 years old,Male,9th grade,1.85,83.01,No
15 years old,Male,9th grade,1.57,54.43,Yes
14 years old,Male,9th grade,1.8,63.5,No
15 years old,Female,9th grade,1.65,49.9,Yes
15 years old,Female,9th grade,1.63,61.69,No
14 years old,Female,9th grade,1.6,42.64,No
15 years old,Female,9th grade,1.75,54.43,Yes
15 years old,Male,9th grade,1.9,83.92,No
15 years old,Male,9th grade,1.7,54.43,Yes
14 years old,Male,9th grade,1.75,61.24,Yes
14 years old,Female,9th grade,1.7,58.06,No
14 years old,Male,9th grade,1.83,75.3,Yes
15 years old,Female,9th grade,1.73,51.26,Yes
14 years old,Male,9th grade,1.75,58.51,No
14 years old,Male,9th grade,1.88,112.04,No
14 years old,Female,9th grade,1.65,44,Yes
15 years old,Male,9th grade,1.6,72.58,Yes
14 years old,Female,9th grade,1.75,61.24,No
14 years old,Male,9th grade,1.8,74.84,No
14 years old,Male,9th grade,1.65,43.09,Yes
15 years old,Male,9th grade,1.83,63.5,No
14 years old,Female,9th grade,1.65,50.35,No
15 years old,Female,9th grade,1.63,58.97,No
14 years old,Male,9th grade,1.65,49.9,Yes
15 years old,Male,9th grade,1.83,56.7,No
15 years old,Female,9th grade,1.6,49.9,No
14 years old,Female,9th grade,1.63,49.9,No
14 years old,Male,9th grade,1.93,77.11,Yes
15 years old,Male,9th grade,1.75,68.04,No
15 years old,Male,9th grade,1.88,62.14,No
14 years old,Male,9th grade,1.75,58.97,Yes
15 years old,Male,9th grade,1.7,63.5,No
15 years old,Female,9th grade,1.63,53.52,No
14 years old,Female,9th grade,1.55,44.91,No
15 years old,Female,9th grade,1.7,58.97,Yes
14 years old,Female,9th grade,1.57,45.36,No
14 years old,Female,9th grade,1.78,59.88,No
15 years old,Female,9th grade,1.73,70.31,Yes
14 years old,Male,9th grade,1.78,67.59,No
14 years old,Female,9th grade,1.55,54.43,No
14 years old,Male,9th grade,1.78,58.97,No
14 years old,Female,9th grade,1.65,54.43,No
15 years old,Male,9th grade,1.85,77.11,No
16 years old,Male,10th grade,1.78,65.77,No
15 years old,Male,10th grade,1.83,77.11,No
15 years old,Male,10th grade,1.78,84.82,No
15 years old,Male,10th grade,1.78,57.61,Yes
15 years old,Female,10th grade,1.52,58.97,No
15 years old,Male,10th grade,1.83,68.04,No
15 years old,Male,10th grade,1.7,56.7,No
16 years old,Female,10th grade,1.75,47.63,No
16 years old,Female,10th grade,1.68,45.36,No
15 years old,Male,10th grade,1.75,68.04,No
15 years old,Male,10th grade,1.78,83.92,No
15 years old,Male,10th grade,1.88,133.81,No
15 years old,Male,10th grade,1.75,70.31,No
15 years old,Female,10th grade,1.63,52.16,No
15 years old,Female,10th grade,1.63,49.9,No
16 years old,Male,10th grade,1.73,56.7,No
15 years old,Female,10th grade,1.68,54.43,No
15 years old,Female,10th grade,1.7,56.7,No
15 years old,Female,10th grade,1.63,72.58,No
15 years old,Male,10th grade,1.78,58.97,No
15 years old,Female,10th grade,1.68,54.43,No
15 years old,Male,10th grade,1.93,76.2,No
16 years old,Male,10th grade,1.83,108.86,No
15 years old,Female,10th grade,1.6,63.5,No
16 years old,Male,10th grade,1.8,50.35,No
16 years old,Male,10th grade,1.85,72.58,No
16 years old,Male,10th grade,1.9,81.65,No
15 years old,Female,10th grade,1.57,49.44,Yes
15 years old,Female,10th grade,1.6,55.79,No
15 years old,Female,10th grade,1.7,68.04,No
16 years old,Male,10th grade,1.8,68.04,No
15 years old,Female,10th grade,1.57,58.97,No
15 years old,Female,10th grade,1.63,47.63,No
15 years old,Female,10th grade,1.55,46.72,No
17 years old,Female,10th grade,1.63,50.35,No
16 years old,Female,10th grade,1.47,49.9,No
15 years old,Male,10th grade,1.8,77.11,No
16 years old,Male,11th grade,1.85,63.5,No
16 years old,Female,10th grade,1.57,49.9,Yes
16 years old,Male,10th grade,1.73,50.8,No
16 years old,Female,10th grade,1.65,70.31,No
16 years old,Female,10th grade,1.7,49.9,No
16 years old,Male,10th grade,1.8,58.06,No
15 years old,Male,10th grade,1.88,113.4,No
16 years old,Male,10th grade,1.85,74.84,No
16 years old,Female,10th grade,1.68,47.63,No
16 years old,Female,10th grade,1.75,61.24,Yes
16 years old,Male,10th grade,1.7,74.84,No
15 years old,Female,10th grade,1.57,48.08,No
15 years old,Male,10th grade,1.83,86.18,Yes
17 years old,Male,11th grade,1.65,54.89,No
16 years old,Female,11th grade,1.68,56.7,Yes
17 years old,Female,11th grade,1.68,70.31,No
16 years old,Male,11th grade,1.78,56.7,No
17 years old,Male,11th grade,1.73,68.04,No
16 years old,Female,11th grade,1.6,47.63,No
16 years old,Male,11th grade,1.78,63.05,No
17 years old,Male,11th grade,1.85,81.65,No
17 years old,Male,11th grade,1.73,52.16,No
17 years old,Male,11th grade,1.78,77.11,No
16 years old,Male,11th grade,1.88,63.5,No
17 years old,Female,11th grade,1.68,63.5,No
16 years old,Female,11th grade,1.6,45.36,No
16 years old,Male,11th grade,1.88,72.12,Yes
17 years old,Female,11th grade,1.73,68.04,No
17 years old,Female,11th grade,1.78,68.04,No
16 years old,Male,11th grade,1.65,74.84,Yes
16 years old,Female,11th grade,1.68,64.86,No
16 years old,Female,11th grade,1.6,53.98,No
16 years old,Female,11th grade,1.57,65.77,No
17 years old,Male,11th grade,2.03,108.86,No
16 years old,Male,11th grade,1.78,57.61,No
17 years old,Male,11th grade,1.9,83.92,No
17 years old,Female,11th grade,1.63,50.8,No
16 years old,Female,11th grade,1.75,59.88,No
16 years old,Female,11th grade,1.78,54.43,No
17 years old,Female,11th grade,1.7,58.97,Yes
16 years old,Female,11th grade,1.68,46.27,No
16 years old,Male,11th grade,1.78,77.11,No
17 years old,Female,11th grade,1.63,61.24,No
16 years old,Female,11th grade,1.65,53.98,No
17 years old,Female,11th grade,1.7,61.24,No
17 years old,Female,11th grade,1.73,61.24,No
16 years old,Male,11th grade,1.55,90.72,No
16 years old,Female,11th grade,1.7,52.16,No
16 years old,Male,11th grade,1.9,77.11,No
17 years old,Male,11th grade,1.8,102.06,No
17 years old,Female,11th grade,1.8,68.04,No
16 years old,Male,11th grade,1.7,61.24,No
16 years old,Female,11th grade,1.65,58.97,No
16 years old,Male,11th grade,1.78,63.5,No
16 years old,Male,11th grade,1.83,63.5,No
17 years old,Male,11th grade,1.7,46.27,No
16 years old,Male,11th grade,1.96,86.18,No
17 years old,Male,11th grade,1.78,69.4,No
16 years old,Female,11th grade,1.65,52.16,Yes
17 years old,Female,11th grade,1.68,56.7,Yes
16 years old,Male,11th grade,1.85,74.84,No
17 years old,Male,11th grade,1.98,90.72,No
16 years old,Female,11th grade,1.7,68.04,No
17 years old,Female,11th grade,1.68,52.16,No
17 years old,Female,11th grade,1.6,54.43,No
16 years old,Female,11th grade,1.57,54.43,No
16 years old,Female,11th grade,1.63,45.36,No
16 years old,Female,11th grade,1.68,64.86,No
17 years old,Male,11th grade,1.63,52.16,No
17 years old,Male,11th grade,1.7,68.04,No
16 years old,Male,11th grade,1.88,77.11,No
16 years old,Female,11th grade,1.75,63.5,No
16 years old,Male,11th grade,1.75,56.7,No
18 years old or older,Female,12th grade,1.65,56.7,No
18 years old or older,Male,12th grade,1.96,86.18,No
17 years old,Female,12th grade,1.68,52.16,No
17 years old,Female,12th grade,1.6,61.24,No
18 years old or older,Female,12th grade,1.75,63.5,No
18 years old or older,Male,12th grade,1.83,70.31,No
17 years old,Female,12th grade,1.5,45.81,Yes
18 years old or older,Male,12th grade,1.88,83.92,No
18 years old or older,Male,12th grade,1.96,77.11,No
17 years old,Male,12th grade,1.8,90.72,No
17 years old,Male,12th grade,1.88,65.77,Yes
17 years old,Male,12th grade,1.83,79.38,No
17 years old,Male,12th grade,1.7,61.24,No
17 years old,Male,12th grade,1.47,90.72,Yes
18 years old or older,Female,12th grade,1.7,61.24,No
17 years old,Female,12th grade,1.73,81.65,No
16 years old,Female,12th grade,1.7,58.06,No
18 years old or older,Male,12th grade,1.75,65.77,No
18 years old or older,Female,12th grade,1.45,45.36,No
17 years old,Male,12th grade,1.88,77.11,No
17 years old,Female,12th grade,1.7,63.5,No
18 years old or older,Male,12th grade,1.9,77.11,No
17 years old,Male,12th grade,1.88,65.77,No
18 years old or older,Male,12th grade,1.9,73.48,No
18 years old or older,Male,12th grade,1.85,54.43,No
17 years old,Female,12th grade,1.65,56.7,No
18 years old or older,Female,12th grade,1.78,57.61,No
17 years old,Male,12th grade,1.83,86.18,No
18 years old or older,Female,12th grade,1.52,54.43,No
17 years old,Male,11th grade,1.8,56.7,No
18 years old or older,Female,12th grade,1.65,63.5,Yes
17 years old,Female,12th grade,1.8,72.58,No
17 years old,Female,12th grade,1.55,47.63,No
17 years old,Male,12th grade,1.8,68.04,No
17 years old,Female,12th grade,1.65,58.97,No
18 years old or older,Male,12th grade,1.78,72.58,No
18 years old or older,Male,12th grade,1.73,72.58,No
18 years old or older,Female,12th grade,1.75,63.5,No
17 years old,Female,12th grade,1.63,61.24,No
17 years old,Female,12th grade,1.73,68.04,No
18 years old or older,Male,12th grade,1.7,72.58,No
17 years old,Female,12th grade,1.55,52.16,No
18 years old or older,Female,12th grade,1.75,54.43,No
17 years old,Male,12th grade,1.78,63.5,No
17 years old,Female,12th grade,1.68,61.24,Yes
17 years old,Female,12th grade,1.63,58.97,No
17 years old,Female,12th grade,1.75,56.7,No
18 years old or older,Female,12th grade,1.73,56.25,No
18 years old or older,Male,12th grade,1.88,70.31,No
14 years old,Female,9th grade,1.55,47.63,No
14 years old,Male,9th grade,1.6,48.99,No
14 years old,Female,9th grade,1.7,54.43,No
15 years old,Female,9th grade,1.63,54.43,No
14 years old,Male,9th grade,1.6,79.83,No
14 years old,Male,9th grade,1.83,136.99,No
14 years old,Male,9th grade,1.65,77.11,No
13 years old,Male,9th grade,1.78,77.11,No
15 years old,Male,9th grade,1.8,99.79,Yes
14 years old,Male,9th grade,1.83,68.49,No
15 years old,Male,9th grade,1.8,66.23,Yes
15 years old,Female,9th grade,1.68,57.15,No
15 years old,Female,9th grade,1.63,52.16,No
14 years old,Male,9th grade,1.75,49.9,No
14 years old,Female,9th grade,1.65,68.95,No
14 years old,Female,9th grade,1.6,51.26,Yes
15 years old,Male,9th grade,1.73,58.97,No
15 years old,Female,9th grade,1.7,52.16,No
14 years old,Female,9th grade,1.73,63.5,No
14 years old,Male,9th grade,1.78,66.68,No
15 years old,Female,9th grade,1.52,44,No
14 years old,Male,9th grade,1.68,72.58,No
14 years old,Female,9th grade,1.75,59.88,No
15 years old,Male,9th grade,1.78,77.11,No
14 years old,Female,9th grade,1.63,54.43,No
15 years old,Female,9th grade,1.68,45.36,No
15 years old,Male,9th grade,1.8,83.92,No
15 years old,Female,9th grade,1.68,68.04,No
15 years old,Male,9th grade,1.78,72.58,Yes
15 years old,Female,9th grade,1.68,65.77,Yes
14 years old,Female,9th grade,1.7,56.7,No
15 years old,Female,9th grade,1.73,66.23,Yes
14 years old,Male,9th grade,1.68,68.04,No
15 years old,Female,9th grade,1.63,47.63,No
14 years old,Female,9th grade,1.7,86.18,Yes
15 years old,Female,9th grade,1.6,44,No
14 years old,Male,9th grade,1.83,63.5,No
15 years old,Female,9th grade,1.6,53.07,No
15 years old,Male,9th grade,1.68,97.52,No
16 years old,Male,9th grade,1.83,67.13,Yes
15 years old,Female,9th grade,1.5,45.36,No
14 years old,Female,9th grade,1.68,52.62,No
14 years old,Male,9th grade,1.65,49.9,No
15 years old,Male,9th grade,1.73,49.9,No
14 years old,Female,9th grade,1.63,52.16,No
15 years old,Male,9th grade,1.73,74.84,No
14 years old,Male,9th grade,1.8,74.39,No
14 years old,Female,9th grade,1.7,65.77,No
14 years old,Female,9th grade,1.7,60.78,Yes
15 years old,Female,9th grade,1.65,52.16,No
14 years old,Male,9th grade,1.9,79.38,Yes
14 years old,Female,9th grade,1.57,49.9,No
15 years old,Female,9th grade,1.73,53.52,No
14 years old,Female,9th grade,1.52,38.56,No
15 years old,Male,9th grade,1.7,83.46,No
14 years old,Female,9th grade,1.57,54.43,No
15 years old,Male,9th grade,1.8,77.11,No
15 years old,Male,9th grade,1.78,63.5,Yes
14 years old,Male,9th grade,1.7,61.24,Yes
15 years old,Male,9th grade,1.8,56.7,No
14 years old,Female,9th grade,1.65,56.7,No
15 years old,Female,9th grade,1.6,52.62,No
15 years old,Male,9th grade,1.7,58.97,No
14 years old,Male,9th grade,1.85,56.7,No
14 years old,Male,9th grade,1.65,48.54,No
15 years old,Female,9th grade,1.78,68.04,No
14 years old,Female,9th grade,1.68,83.92,No
16 years old,Female,10th grade,1.55,43.09,No
15 years old,Female,10th grade,1.5,49.9,Yes
15 years old,Female,10th grade,1.52,52.16,No
15 years old,Female,10th grade,1.57,52.16,Yes
15 years old,Female,10th grade,1.52,49.9,No
15 years old,Female,10th grade,1.6,48.99,No
16 years old,Female,10th grade,1.57,54.43,No
15 years old,Male,10th grade,1.78,99.79,No
15 years old,Female,10th grade,1.7,61.24,No
15 years old,Male,10th grade,1.78,95.26,No
15 years old,Male,10th grade,1.88,100.25,No
15 years old,Female,10th grade,1.65,49.9,No
15 years old,Female,10th grade,1.68,55.34,No
16 years old,Female,10th grade,1.7,58.97,No
15 years old,Male,10th grade,2.01,83.01,Yes
16 years old,Female,10th grade,1.57,54.43,No
15 years old,Male,10th grade,1.55,40.37,No
16 years old,Female,10th grade,1.7,54.43,No
15 years old,Female,10th grade,1.6,45.36,No
16 years old,Male,10th grade,1.7,71.22,Yes
15 years old,Female,10th grade,1.57,52.16,No
16 years old,Female,10th grade,1.57,49.9,No
15 years old,Female,10th grade,1.47,46.27,Yes
15 years old,Female,10th grade,1.73,61.24,No
17 years old,Female,11th grade,1.63,97.52,No
15 years old,Male,10th grade,1.8,65.77,No
15 years old,Female,10th grade,1.63,72.58,Yes
15 years old,Female,10th grade,1.55,54.43,No
16 years old,Male,10th grade,1.68,72.58,No
15 years old,Male,10th grade,1.8,99.79,Yes
16 years old,Female,10th grade,1.65,68.04,No
16 years old,Male,10th grade,1.88,90.72,No
15 years old,Female,10th grade,1.5,50.35,No
16 years old,Female,10th grade,1.63,54.43,No
16 years old,Female,10th grade,1.65,56.7,No
16 years old,Male,10th grade,1.85,83.92,No
15 years old,Male,10th grade,1.63,61.69,No
15 years old,Male,10th grade,1.85,63.5,No
15 years old,Male,10th grade,1.88,120.2,Yes
15 years old,Male,10th grade,1.8,65.77,Yes
14 years old,Male,10th grade,1.83,70.31,No
15 years old,Female,10th grade,1.55,67.13,No
15 years old,Male,10th grade,1.9,77.11,No
15 years old,Female,10th grade,1.73,81.65,No
15 years old,Male,10th grade,1.78,61.24,No
15 years old,Male,10th grade,1.73,63.5,Yes
17 years old,Male,10th grade,1.85,71.67,No
17 years old,Male,10th grade,1.65,54.89,No
15 years old,Female,10th grade,1.63,56.7,Yes
15 years old,Female,10th grade,1.6,54.43,Yes
16 years old,Female,10th grade,1.68,54.43,No
15 years old,Female,10th grade,1.57,45.36,Yes
16 years old,Female,10th grade,1.6,54.43,No
16 years old,Male,11th grade,1.68,65.77,No
16 years old,Male,11th grade,1.75,68.04,No
18 years old or older,Male,11th grade,1.73,56.7,Yes
17 years old,Female,11th grade,1.6,49.9,No
16 years old,Female,11th grade,1.57,44.91,No
16 years old,Female,11th grade,1.7,79.38,No
17 years old,Female,11th grade,1.73,53.07,No
16 years old,Female,11th grade,1.52,45.36,No
17 years old,Female,11th grade,1.75,72.58,No
16 years old,Male,11th grade,1.8,65.77,No
16 years old,Female,11th grade,1.6,47.63,No
16 years old,Male,11th grade,1.78,84.82,No
16 years old,Female,11th grade,1.78,70.31,No
17 years old,Female,11th grade,1.78,61.24,No
16 years old,Male,11th grade,1.83,81.65,No
16 years old,Male,11th grade,1.73,72.58,No
17 years old,Female,11th grade,1.75,58.97,Yes
16 years old,Female,11th grade,1.6,52.16,Yes
16 years old,Female,11th grade,1.73,63.5,No
17 years old,Female,11th grade,1.5,58.97,Yes
16 years old,Female,11th grade,1.68,56.7,Yes
17 years old,Male,11th grade,1.65,61.24,No
16 years old,Male,11th grade,1.78,95.26,No
16 years old,Male,10th grade,1.78,83.92,No
16 years old,Female,11th grade,1.65,72.58,No
16 years old,Female,11th grade,1.7,55.34,Yes
16 years old,Male,11th grade,1.68,58.97,No
17 years old,Female,11th grade,1.65,56.7,No
16 years old,Male,11th grade,1.78,72.58,No
17 years old,Female,11th grade,1.73,131.54,No
17 years old,Female,11th grade,1.6,54.43,No
16 years old,Female,11th grade,1.6,45.36,Yes
17 years old,Male,11th grade,1.8,61.24,No
16 years old,Female,11th grade,1.63,47.63,No
16 years old,Female,11th grade,1.65,56.7,No
17 years old,Male,11th grade,1.68,52.16,No
16 years old,Female,11th grade,1.55,54.43,No
17 years old,Male,11th grade,1.75,63.5,No
17 years old,Male,11th grade,1.78,78.47,No
17 years old,Female,11th grade,1.6,61.24,No
16 years old,Male,11th grade,1.78,83.92,No
17 years old,Male,11th grade,1.85,79.38,No
16 years old,Male,11th grade,1.78,75.75,No
17 years old,Female,11th grade,1.68,45.36,No
17 years old,Male,11th grade,1.9,90.72,No
16 years old,Male,11th grade,1.73,68.04,No
18 years old or older,Male,11th grade,1.63,99.79,No
16 years old,Female,11th grade,1.68,58.97,Yes
16 years old,Female,11th grade,1.6,54.43,No
16 years old,Female,11th grade,1.75,61.24,No
17 years old,Male,11th grade,1.83,72.58,No
17 years old,Female,11th grade,1.78,81.65,No
17 years old,Male,12th grade,1.85,95.26,No
17 years old,Male,12th grade,1.73,97.52,No
18 years old or older,Male,12th grade,1.83,79.83,Yes
17 years old,Male,12th grade,1.88,74.84,No
17 years old,Female,12th grade,1.68,63.5,No
17 years old,Male,12th grade,1.7,74.84,No
17 years old,Male,12th grade,1.83,74.84,No
17 years old,Female,12th grade,1.65,58.97,No
18 years old or older,Female,12th grade,1.68,49.9,No
17 years old,Female,12th grade,1.7,81.65,No
18 years old or older,Female,12th grade,1.7,63.5,No
17 years old,Female,12th grade,1.6,61.24,No
18 years old or older,Male,12th grade,1.78,92.99,No
17 years old,Female,12th grade,1.63,58.97,No
18 years old or older,Female,12th grade,1.83,58.97,No
17 years old,Female,12th grade,1.6,61.24,No
17 years old,Female,12th grade,1.57,52.16,No
17 years old,Male,12th grade,1.85,84.37,Yes
18 years old or older,Female,12th grade,1.55,52.16,No
18 years old or older,Female,12th grade,1.73,66.68,No
17 years old,Female,12th grade,1.7,58.97,No
17 years old,Female,12th grade,1.57,49.44,No
17 years old,Female,12th grade,1.63,68.04,No
18 years old or older,Male,12th grade,1.75,70.31,No
18 years old or older,Female,12th grade,1.68,68.04,No
17 years old,Female,12th grade,1.73,68.04,No
17 years old,Male,12th grade,1.68,56.7,No
17 years old,Female,12th grade,1.78,90.72,No
17 years old,Male,12th grade,1.75,63.5,No
17 years old,Female,12th grade,1.6,88.91,No
18 years old or older,Male,12th grade,1.93,95.26,No
17 years old,Female,12th grade,1.57,54.43,No
18 years old or older,Male,12th grade,1.6,61.24,No
17 years old,Female,12th grade,1.63,70.76,No
18 years old or older,Female,12th grade,1.7,65.77,No
17 years old,Male,12th grade,1.78,70.31,No
17 years old,Female,12th grade,1.68,50.8,No
14 years old,Male,9th grade,1.73,74.84,No
14 years old,Male,9th grade,1.7,65.77,Yes
14 years old,Male,9th grade,1.75,63.5,Yes
14 years old,Male,9th grade,1.73,56.7,Yes
15 years old,Male,9th grade,1.65,68.04,No
15 years old,Male,9th grade,1.68,54.43,Yes
15 years old,Female,9th grade,1.63,52.16,No
15 years old,Male,9th grade,1.78,90.72,No
14 years old,Female,9th grade,1.68,52.16,No
14 years old,Male,9th grade,1.7,65.77,No
14 years old,Female,9th grade,1.63,52.62,Yes
14 years old,Female,9th grade,1.68,55.34,Yes
14 years old,Male,9th grade,1.68,65.77,No
14 years old,Male,9th grade,1.78,63.5,No
14 years old,Female,9th grade,1.63,52.62,No
15 years old,Male,9th grade,1.68,113.4,Yes
14 years old,Female,9th grade,1.63,47.63,No
14 years old,Female,9th grade,1.7,72.58,No
15 years old,Male,9th grade,1.83,95.26,No
14 years old,Male,9th grade,1.7,58.97,No
15 years old,Male,9th grade,1.65,48.54,No
15 years old,Female,9th grade,1.65,49.9,Yes
15 years old,Female,9th grade,1.63,89.81,No
14 years old,Male,9th grade,1.65,52.16,Yes
14 years old,Female,9th grade,1.5,40.82,Yes
14 years old,Female,9th grade,1.57,58.97,Yes
15 years old,Male,9th grade,1.6,45.36,No
14 years old,Male,9th grade,1.6,72.58,Yes
14 years old,Female,9th grade,1.6,49.9,No
14 years old,Male,9th grade,1.75,52.16,No
14 years old,Female,9th grade,1.83,72.58,No
14 years old,Male,9th grade,1.65,55.34,Yes
15 years old,Male,9th grade,1.75,127.01,No
14 years old,Male,9th grade,1.75,70.31,No
15 years old,Male,9th grade,1.75,60.78,No
15 years old,Male,10th grade,1.8,71.22,No
15 years old,Male,9th grade,1.68,56.7,No
15 years old,Female,9th grade,1.6,90.72,Yes
16 years old,Female,9th grade,1.6,45.36,Yes
15 years old,Male,9th grade,1.73,58.97,No
14 years old,Male,9th grade,1.75,59.88,No
14 years old,Female,9th grade,1.65,47.63,No
14 years old,Male,9th grade,1.88,104.33,Yes
14 years old,Male,9th grade,1.68,69.4,No
15 years old,Male,9th grade,1.78,55.79,No
15 years old,Male,9th grade,1.65,40.82,No
15 years old,Female,9th grade,1.6,39.46,No
14 years old,Male,9th grade,1.63,45.36,No
14 years old,Male,9th grade,1.83,113.4,No
15 years old,Male,9th grade,1.6,63.5,Yes
14 years old,Female,9th grade,1.57,51.71,No
15 years old,Female,9th grade,1.7,52.16,No
14 years old,Female,9th grade,1.63,54.43,No
15 years old,Male,9th grade,1.8,81.65,No
14 years old,Female,9th grade,1.73,81.65,No
15 years old,Male,9th grade,1.68,127.01,No
15 years old,Male,9th grade,1.83,72.58,No
14 years old,Male,9th grade,1.7,48.99,No
15 years old,Female,9th grade,1.7,65.77,Yes
14 years old,Male,9th grade,1.63,68.04,No
14 years old,Female,9th grade,1.6,58.97,No
15 years old,Female,9th grade,1.7,58.97,No
15 years old,Female,9th grade,1.57,45.36,Yes
14 years old,Female,9th grade,1.57,49.9,Yes
14 years old,Female,9th grade,1.6,73.94,Yes
15 years old,Male,9th grade,1.78,61.24,No
15 years old,Female,9th grade,1.68,63.5,Yes
16 years old,Female,10th grade,1.63,61.24,No
15 years old,Female,10th grade,1.73,61.24,Yes
16 years old,Male,10th grade,1.75,55.79,No
15 years old,Female,10th grade,1.75,68.04,No
16 years old,Male,10th grade,1.8,68.04,Yes
14 years old,Male,9th grade,1.85,151.5,No
14 years old,Male,9th grade,1.8,65.77,Yes
15 years old,Female,10th grade,1.6,72.58,Yes
15 years old,Male,10th grade,1.63,56.7,Yes
16 years old,Female,10th grade,1.6,49.9,No
16 years old,Female,10th grade,1.63,49.9,No
15 years old,Male,10th grade,1.73,74.84,Yes
16 years old,Male,10th grade,1.8,70.31,No
15 years old,Male,10th grade,1.8,73.03,No
16 years old,Male,10th grade,1.75,54.43,No
16 years old,Male,10th grade,1.65,51.26,No
16 years old,Female,10th grade,1.57,57.61,No
15 years old,Female,10th grade,1.65,52.62,No
15 years old,Male,10th grade,1.7,86.18,No
15 years old,Female,10th grade,1.6,49.9,No
16 years old,Female,10th grade,1.65,61.24,No
15 years old,Female,10th grade,1.47,56.7,No
16 years old,Male,10th grade,1.83,104.33,Yes
15 years old,Male,10th grade,1.7,68.04,No
15 years old,Male,10th grade,1.85,95.26,No
15 years old,Male,10th grade,1.73,90.72,No
16 years old,Male,10th grade,1.68,79.38,No
15 years old,Male,10th grade,1.73,72.58,No
15 years old,Female,10th grade,1.65,68.04,Yes
16 years old,Male,10th grade,1.65,70.76,No
16 years old,Male,10th grade,1.63,63.5,Yes
16 years old,Male,10th grade,1.83,58.97,No
15 years old,Female,10th grade,1.7,124.29,No
16 years old,Female,10th grade,1.65,71.67,No
16 years old,Male,10th grade,1.78,72.58,No
15 years old,Male,10th grade,1.78,104.33,No
15 years old,Male,10th grade,1.8,63.5,No
15 years old,Female,10th grade,1.65,63.5,No
15 years old,Female,10th grade,1.57,49.9,Yes
15 years old,Female,10th grade,1.6,49.9,Yes
16 years old,Male,10th grade,1.8,56.7,No
15 years old,Male,10th grade,1.78,52.16,No
15 years old,Female,10th grade,1.73,59.88,Yes
16 years old,Male,10th grade,1.73,57.61,Yes
15 years old,Male,10th grade,1.65,49.9,No
16 years old,Female,10th grade,1.7,54.43,No
15 years old,Male,10th grade,1.75,67.13,No
17 years old,Female,11th grade,1.7,56.7,Yes
16 years old,Male,11th grade,1.78,107.5,No
16 years old,Male,11th grade,1.93,83.92,No
16 years old,Male,11th grade,1.8,81.19,Yes
16 years old,Female,11th grade,1.57,61.24,No
17 years old,Male,11th grade,1.78,68.04,No
16 years old,Male,11th grade,1.83,90.72,No
16 years old,Male,11th grade,1.85,92.08,No
16 years old,Male,11th grade,1.83,65.77,No
17 years old,Female,11th grade,1.73,72.58,No
17 years old,Female,11th grade,1.63,52.16,No
17 years old,Female,11th grade,1.73,58.97,No
16 years old,Female,11th grade,1.52,49.9,No
17 years old,Female,11th grade,1.65,65.77,No
16 years old,Female,11th grade,1.57,53.98,No
17 years old,Female,11th grade,1.65,49.9,No
16 years old,Female,11th grade,1.68,63.96,No
17 years old,Male,11th grade,1.75,95.26,No
17 years old,Female,11th grade,1.6,61.24,No
16 years old,Female,11th grade,1.63,63.5,No
16 years old,Male,11th grade,1.75,74.84,No
16 years old,Male,11th grade,1.83,90.72,No
16 years old,Male,11th grade,1.65,54.43,No
16 years old,Male,11th grade,1.83,87.54,Yes
17 years old,Male,11th grade,1.9,68.04,No
16 years old,Male,11th grade,1.83,83.92,No
16 years old,Male,11th grade,1.78,70.31,No
16 years old,Male,11th grade,1.75,68.04,No
17 years old,Female,11th grade,1.6,53.52,No
17 years old,Female,11th grade,1.65,61.24,No
16 years old,Female,11th grade,1.57,72.58,No
16 years old,Female,11th grade,1.52,52.16,Yes
17 years old,Female,11th grade,1.65,52.16,No
17 years old,Female,11th grade,1.68,63.5,Yes
17 years old,Male,11th grade,1.9,104.33,No
16 years old,Male,11th grade,1.83,61.24,No
17 years old,Female,11th grade,1.57,54.43,No
16 years old,Male,11th grade,1.8,63.5,No
17 years old,Female,11th grade,1.7,95.71,No
16 years old,Female,11th grade,1.68,65.77,No
16 years old,Male,11th grade,1.85,69.4,No
17 years old,Male,11th grade,1.8,68.04,No
16 years old,Female,11th grade,1.7,74.84,No
17 years old,Male,11th grade,1.93,79.38,No
17 years old,Female,11th grade,1.65,63.5,No
16 years old,Female,11th grade,1.73,63.5,No
17 years old,Female,11th grade,1.75,104.33,No
18 years old or older,Female,12th grade,1.65,63.5,No
17 years old,Female,12th grade,1.6,99.79,No
18 years old or older,Female,12th grade,1.57,58.97,No
17 years old,Female,12th grade,1.8,68.04,No
17 years old,Male,12th grade,1.83,74.39,No
17 years old,Male,12th grade,1.85,99.79,No
18 years old or older,Female,12th grade,1.55,65.32,No
17 years old,Female,12th grade,1.65,65.77,No
18 years old or older,Male,12th grade,1.75,74.84,No
17 years old,Female,12th grade,1.7,62.6,No
17 years old,Female,12th grade,1.68,70.31,No
17 years old,Female,12th grade,1.6,52.16,No
17 years old,Female,12th grade,1.55,49.9,No
17 years old,Female,12th grade,1.8,90.72,No
18 years old or older,Male,12th grade,1.88,74.84,No
17 years old,Male,12th grade,1.85,82.1,No
18 years old or older,Female,12th grade,1.7,65.77,No
18 years old or older,Male,12th grade,1.73,63.96,No
18 years old or older,Male,12th grade,1.8,106.6,No
17 years old,Female,12th grade,1.65,72.58,No
18 years old or older,Male,12th grade,1.68,56.25,Yes
18 years old or older,Male,12th grade,1.7,164.66,No
17 years old,Male,12th grade,1.8,104.33,No
18 years old or older,Male,12th grade,1.73,63.5,No
18 years old or older,Female,12th grade,1.6,52.16,No
17 years old,Female,12th grade,1.73,63.5,Yes
17 years old,Female,12th grade,1.57,77.11,Yes
17 years old,Female,12th grade,1.55,54.43,No
17 years old,Male,12th grade,1.65,99.79,No
17 years old,Male,12th grade,1.63,77.11,Yes
18 years old or older,Male,12th grade,1.78,95.26,No
18 years old or older,Male,12th grade,1.83,76.66,Yes
16 years old,Male,11th grade,1.83,54.43,No
18 years old or older,Male,12th grade,1.63,90.72,No
16 years old,Male,10th grade,1.63,136.08,No
15 years old,Male,9th grade,1.7,65.77,No
15 years old,Male,9th grade,1.88,70.31,Yes
16 years old,Female,10th grade,1.65,74.84,No
17 years old,Female,12th grade,1.57,62.6,No
17 years old,Male,12th grade,1.88,106.6,No
18 years old or older,Female,12th grade,1.63,81.65,Yes
15 years old,Male,10th grade,1.7,104.78,No
17 years old,Male,12th grade,1.8,68.04,No
18 years old or older,Female,12th grade,1.6,90.72,No
17 years old,Female,11th grade,1.5,46.72,No
16 years old,Female,10th grade,1.78,124.74,Yes
16 years old,Male,11th grade,1.78,78.47,Yes
18 years old or older,Male,11th grade,1.73,111.13,Yes
17 years old,Female,11th grade,1.42,78.02,Yes
18 years old or older,Male,12th grade,1.68,90.72,No
16 years old,Female,11th grade,1.57,61.69,No
16 years old,Female,10th grade,1.63,63.5,No
17 years old,Female,11th grade,1.65,51.71,Yes
16 years old,Female,11th grade,1.57,65.77,Yes
17 years old,Male,12th grade,1.55,68.04,No
16 years old,Female,11th grade,1.55,49.9,No
16 years old,Female,11th grade,1.57,44.45,Yes
16 years old,Male,11th grade,1.8,96.62,No
15 years old,Male,10th grade,1.68,58.97,Yes
14 years old,Female,9th grade,1.65,65.77,No
15 years old,Male,9th grade,1.6,45.36,No
14 years old,Female,9th grade,1.63,49.44,No
15 years old,Male,9th grade,1.78,90.27,Yes
15 years old,Female,9th grade,1.6,72.58,Yes
14 years old,Male,9th grade,1.93,104.33,Yes
14 years old,Male,9th grade,1.65,66.68,No
15 years old,Male,9th grade,1.52,54.43,No
14 years old,Male,9th grade,1.85,72.58,Yes
15 years old,Male,9th grade,1.68,107.05,No
14 years old,Male,9th grade,1.78,61.24,No
14 years old,Male,9th grade,1.68,79.83,No
14 years old,Female,9th grade,1.65,65.77,Yes
15 years old,Male,9th grade,1.93,88.91,Yes
14 years old,Male,9th grade,1.78,63.5,No
15 years old,Male,9th grade,1.83,71.22,No
14 years old,Male,9th grade,1.73,70.76,No
15 years old,Male,9th grade,1.68,44.45,No
15 years old,Male,9th grade,1.7,58.97,No
14 years old,Female,9th grade,1.65,79.38,No
15 years old,Male,9th grade,1.88,95.26,No
15 years old,Male,9th grade,1.65,68.04,No
15 years old,Female,9th grade,1.65,70.31,Yes
15 years old,Male,9th grade,1.7,52.62,No
15 years old,Male,9th grade,1.8,66.23,No
14 years old,Male,9th grade,1.73,63.5,No
14 years old,Female,9th grade,1.63,67.13,No
14 years old,Male,9th grade,1.7,152.41,No
15 years old,Male,9th grade,1.68,53.52,No
14 years old,Female,9th grade,1.68,54.43,Yes
15 years old,Male,9th grade,1.68,63.5,Yes
14 years old,Male,9th grade,1.57,44.91,No
15 years old,Female,9th grade,1.63,58.97,No
15 years old,Male,9th grade,1.65,95.26,No
14 years old,Male,9th grade,1.73,54.43,No
14 years old,Female,9th grade,1.68,49.9,Yes
14 years old,Male,9th grade,1.63,49.9,Yes
14 years old,Male,9th grade,1.65,69.85,No
14 years old,Female,9th grade,1.6,68.04,No
15 years old,Female,9th grade,1.63,47.63,No
14 years old,Female,9th grade,1.73,65.77,No
15 years old,Male,9th grade,1.47,34.02,Yes
15 years old,Female,9th grade,1.7,53.07,No
14 years old,Male,9th grade,1.73,63.05,No
14 years old,Female,9th grade,1.55,48.99,No
15 years old,Female,9th grade,1.55,52.16,No
14 years old,Female,9th grade,1.63,88.45,Yes
14 years old,Female,9th grade,1.7,56.7,No
16 years old,Female,10th grade,1.57,53.52,No
15 years old,Male,10th grade,1.75,65.77,No
15 years old,Female,10th grade,1.65,69.4,No
16 years old,Female,10th grade,1.57,63.5,Yes
15 years old,Male,10th grade,1.68,40.37,No
15 years old,Female,10th grade,1.68,70.31,No
15 years old,Male,10th grade,1.68,56.25,No
16 years old,Male,10th grade,1.6,63.5,No
15 years old,Male,10th grade,1.8,68.04,No
15 years old,Female,10th grade,1.65,51.71,No
15 years old,Female,10th grade,1.83,81.65,No
15 years old,Male,10th grade,1.75,68.04,No
15 years old,Female,10th grade,1.6,47.63,No
15 years old,Female,10th grade,1.68,72.58,No
15 years old,Female,10th grade,1.6,52.16,No
16 years old,Female,10th grade,1.52,36.29,No
16 years old,Female,10th grade,1.55,77.11,Yes
15 years old,Male,10th grade,1.75,65.77,No
16 years old,Male,10th grade,1.88,58.97,Yes
16 years old,Male,10th grade,1.7,77.11,No
15 years old,Female,10th grade,1.57,61.24,No
15 years old,Female,10th grade,1.63,56.7,No
16 years old,Female,10th grade,1.75,51.71,No
16 years old,Female,10th grade,1.6,48.99,Yes
16 years old,Male,10th grade,1.7,56.7,No
15 years old,Female,10th grade,1.7,68.04,No
16 years old,Female,11th grade,1.6,55.34,Yes
16 years old,Female,10th grade,1.6,58.97,No
15 years old,Female,10th grade,1.52,49.9,No
15 years old,Female,10th grade,1.63,73.94,Yes
15 years old,Female,10th grade,1.57,54.43,Yes
16 years old,Female,10th grade,1.7,89.81,Yes
15 years old,Male,10th grade,1.8,78.93,No
15 years old,Female,10th grade,1.57,77.11,Yes
15 years old,Male,10th grade,1.78,56.7,No
15 years old,Male,10th grade,1.7,117.03,No
15 years old,Male,10th grade,1.68,49.9,No
16 years old,Male,10th grade,1.68,54.43,No
15 years old,Female,10th grade,1.7,56.7,No
16 years old,Male,10th grade,1.8,102.06,No
15 years old,Female,10th grade,1.7,81.65,Yes
16 years old,Male,10th grade,1.73,62.14,No
16 years old,Male,10th grade,1.8,63.5,Yes
15 years old,Male,10th grade,1.83,83.92,No
17 years old,Female,11th grade,1.6,54.89,No
16 years old,Male,11th grade,1.73,73.48,No
16 years old,Female,11th grade,1.55,46.27,No
17 years old,Female,11th grade,1.68,81.65,No
16 years old,Male,11th grade,1.85,115.67,No
16 years old,Female,11th grade,1.57,62.14,No
16 years old,Female,11th grade,1.63,53.52,Yes
17 years old,Male,11th grade,1.75,77.11,Yes
16 years old,Female,11th grade,1.65,77.11,No
16 years old,Female,11th grade,1.68,68.04,No
16 years old,Male,11th grade,1.78,61.24,No
17 years old,Female,11th grade,1.63,52.16,No
17 years old,Female,11th grade,1.57,113.4,No
16 years old,Female,11th grade,1.57,81.65,No
17 years old,Female,11th grade,1.6,58.97,No
17 years old,Female,11th grade,1.63,56.7,No
17 years old,Male,11th grade,1.65,56.25,No
17 years old,Male,11th grade,1.8,75.3,No
17 years old,Male,11th grade,1.73,56.25,No
17 years old,Male,11th grade,1.8,62.6,No
18 years old or older,Female,11th grade,1.6,55.79,Yes
16 years old,Female,11th grade,1.68,61.24,No
16 years old,Female,11th grade,1.6,53.07,No
17 years old,Female,11th grade,1.7,119.3,No
17 years old,Male,11th grade,1.9,112.49,No
16 years old,Female,11th grade,1.73,62.6,No
16 years old,Male,11th grade,1.75,95.26,No
16 years old,Female,11th grade,1.57,113.4,No
16 years old,Female,11th grade,1.57,52.16,No
17 years old,Female,11th grade,1.63,55.34,No
16 years old,Female,11th grade,1.7,72.58,No
16 years old,Male,11th grade,1.9,95.26,No
17 years old,Male,11th grade,1.65,54.89,Yes
17 years old,Female,11th grade,1.55,52.16,No
17 years old,Male,11th grade,1.9,79.38,No
17 years old,Male,11th grade,1.83,74.84,No
17 years old,Female,11th grade,1.68,73.03,No
16 years old,Female,11th grade,1.63,56.25,No
16 years old,Male,11th grade,1.83,58.06,No
17 years old,Male,11th grade,1.73,89.81,No
17 years old,Male,11th grade,1.7,95.26,Yes
16 years old,Female,11th grade,1.7,124.74,No
17 years old,Male,11th grade,1.6,63.5,No
17 years old,Female,11th grade,1.7,79.38,Yes
17 years old,Female,11th grade,1.6,45.36,Yes
17 years old,Female,11th grade,1.65,58.97,No
17 years old,Female,11th grade,1.65,90.72,No
17 years old,Male,11th grade,1.65,52.16,No
16 years old,Male,11th grade,1.78,65.77,No
17 years old,Male,11th grade,1.63,54.43,No
16 years old,Male,11th grade,1.73,70.31,Yes
17 years old,Female,12th grade,1.55,65.77,No
18 years old or older,Female,12th grade,1.57,43.09,No
18 years old or older,Female,12th grade,1.73,89.36,No
17 years old,Female,12th grade,1.65,54.43,No
18 years old or older,Male,12th grade,1.83,74.84,No
18 years old or older,Male,12th grade,1.83,72.58,No
18 years old or older,Female,12th grade,1.7,49.9,No
18 years old or older,Male,12th grade,1.88,102.06,No
17 years old,Female,12th grade,1.5,52.16,No
17 years old,Female,12th grade,1.7,81.65,No
18 years old or older,Male,12th grade,1.78,63.96,No
17 years old,Male,12th grade,1.47,39.46,Yes
18 years old or older,Male,12th grade,1.73,56.25,No
18 years old or older,Male,12th grade,1.96,113.4,No
18 years old or older,Female,12th grade,1.57,81.65,No
18 years old or older,Female,12th grade,1.6,54.43,No
18 years old or older,Male,12th grade,1.68,56.7,No
17 years old,Female,12th grade,1.55,88.45,No
18 years old or older,Female,12th grade,1.52,65.77,Yes
17 years old,Male,12th grade,1.8,83.46,No
17 years old,Male,12th grade,1.8,90.72,No
17 years old,Male,12th grade,1.85,67.13,No
18 years old or older,Female,12th grade,1.63,52.62,No
17 years old,Female,12th grade,1.5,49.9,Yes
17 years old,Male,12th grade,1.8,104.33,No
17 years old,Female,12th grade,1.65,122.47,No
17 years old,Male,12th grade,1.83,79.38,No
18 years old or older,Male,12th grade,1.75,61.24,No
17 years old,Female,12th grade,1.7,49.9,No
17 years old,Female,12th grade,1.6,93.44,No
17 years old,Male,12th grade,1.7,58.97,No
18 years old or older,Female,12th grade,1.6,58.97,No
18 years old or older,Female,12th grade,1.5,41.73,No
17 years old,Male,12th grade,1.45,91.17,No
18 years old or older,Female,12th grade,1.68,87.54,Yes
17 years old,Female,12th grade,1.57,58.06,No
18 years old or older,Male,12th grade,1.73,74.84,Yes
18 years old or older,Female,12th grade,1.57,63.5,No
17 years old,Male,12th grade,1.83,74.84,No
17 years old,Male,12th grade,1.8,70.31,No
17 years old,Female,12th grade,1.65,58.97,No
17 years old,Male,12th grade,1.8,113.4,No
17 years old,Male,12th grade,1.78,95.26,No
18 years old or older,Male,12th grade,1.83,106.6,No
18 years old or older,Male,12th grade,1.83,72.58,No
18 years old or older,Male,12th grade,1.73,112.49,No
17 years old,Female,12th grade,1.57,58.97,Yes
16 years old,Male,10th grade,1.88,60.78,No
16 years old,Male,10th grade,1.7,68.04,Yes
17 years old,Male,11th grade,1.75,65.77,No
16 years old,Female,9th grade,1.63,79.83,No
16 years old,Male,10th grade,1.52,68.04,No
18 years old or older,Male,12th grade,1.68,99.79,No
17 years old,Female,11th grade,1.55,65.77,No
18 years old or older,Female,12th grade,1.52,88,No
18 years old or older,Female,12th grade,1.5,42.64,No
13 years old,Female,9th grade,1.63,58.97,Yes
14 years old,Male,9th grade,1.75,65.77,No
15 years old,Male,9th grade,1.73,68.49,No
15 years old,Female,9th grade,1.6,56.7,No
15 years old,Female,9th grade,1.68,86.18,Yes
14 years old,Female,9th grade,1.63,48.54,Yes
14 years old,Female,9th grade,1.55,50.8,Yes
15 years old,Female,9th grade,1.6,47.63,Yes
16 years old,Male,9th grade,1.75,70.31,No
14 years old,Female,9th grade,1.5,43.09,Yes
14 years old,Female,9th grade,1.57,52.16,Yes
15 years old,Female,9th grade,1.65,58.51,No
14 years old,Male,9th grade,1.73,58.97,No
14 years old,Male,9th grade,1.83,88.45,Yes
14 years old,Male,9th grade,1.8,81.65,No
14 years old,Male,9th grade,1.75,83.01,No
15 years old,Male,9th grade,1.8,71.22,No
15 years old,Female,9th grade,1.6,45.36,No
14 years old,Female,9th grade,1.5,50.8,Yes
15 years old,Female,9th grade,1.5,47.63,Yes
15 years old,Male,9th grade,1.73,61.24,No
14 years old,Female,9th grade,1.55,39.46,Yes
15 years old,Male,9th grade,1.73,99.79,No
14 years old,Female,9th grade,1.63,63.5,No
14 years old,Female,9th grade,1.63,74.84,No
14 years old,Male,9th grade,1.65,54.43,No
14 years old,Female,9th grade,1.68,63.5,Yes
15 years old,Male,9th grade,1.6,49.9,No
15 years old,Male,9th grade,1.57,82.56,Yes
15 years old,Female,10th grade,1.6,53.07,Yes
16 years old,Female,10th grade,1.57,52.16,Yes
16 years old,Male,10th grade,1.75,60.78,Yes
16 years old,Male,10th grade,1.93,74.84,No
15 years old,Male,10th grade,1.6,50.8,Yes
15 years old,Male,10th grade,1.8,81.65,Yes
16 years old,Male,10th grade,1.78,101.15,No
15 years old,Female,10th grade,1.57,54.43,No
16 years old,Female,10th grade,1.52,49.9,Yes
15 years old,Male,10th grade,1.9,77.11,No
17 years old,Male,10th grade,1.75,54.43,No
16 years old,Male,10th grade,1.68,54.43,No
17 years old,Male,10th grade,1.93,74.84,No
16 years old,Male,10th grade,1.83,65.32,Yes
15 years old,Male,10th grade,1.78,86.18,No
16 years old,Male,10th grade,1.75,81.65,Yes
15 years old,Female,10th grade,1.7,80.74,Yes
15 years old,Male,10th grade,1.9,65.77,No
16 years old,Male,10th grade,1.68,77.11,Yes
15 years old,Female,10th grade,1.57,68.04,Yes
16 years old,Male,10th grade,1.85,72.58,No
16 years old,Male,10th grade,1.63,97.98,No
15 years old,Female,10th grade,1.8,104.33,Yes
16 years old,Female,10th grade,1.55,49.44,Yes
16 years old,Female,10th grade,1.7,47.63,No
16 years old,Female,10th grade,1.6,52.16,Yes
14 years old,Female,10th grade,1.57,53.07,Yes
17 years old,Female,10th grade,1.57,56.25,Yes
15 years old,Male,10th grade,1.68,99.79,No
17 years old,Female,11th grade,1.65,79.38,Yes
17 years old,Female,11th grade,1.6,70.31,Yes
17 years old,Male,11th grade,1.8,60.33,No
16 years old,Female,11th grade,1.6,53.98,Yes
17 years old,Female,11th grade,1.7,87.54,Yes
18 years old or older,Female,11th grade,1.57,51.26,Yes
16 years old,Male,11th grade,1.83,81.65,Yes
17 years old,Female,11th grade,1.6,56.25,No
18 years old or older,Male,11th grade,1.78,65.77,No
16 years old,Female,11th grade,1.63,65.32,Yes
17 years old,Male,11th grade,1.75,50.8,No
17 years old,Male,11th grade,1.83,84.37,No
16 years old,Female,11th grade,1.7,64.41,No
17 years old,Female,11th grade,1.7,61.24,No
16 years old,Female,11th grade,1.73,61.24,No
16 years old,Male,11th grade,1.78,63.5,No
16 years old,Male,11th grade,1.78,67.13,No
16 years old,Male,11th grade,1.85,67.13,No
16 years old,Female,11th grade,1.55,51.26,No
16 years old,Female,11th grade,1.63,64.41,No
16 years old,Female,11th grade,1.65,77.11,No
16 years old,Male,11th grade,1.83,72.58,No
18 years old or older,Female,12th grade,1.55,45.36,No
17 years old,Female,12th grade,1.57,58.97,No
18 years old or older,Male,12th grade,1.78,97.98,No
18 years old or older,Male,12th grade,1.8,82.1,No
18 years old or older,Male,12th grade,1.68,58.97,No
17 years old,Female,12th grade,1.65,90.72,No
18 years old or older,Female,12th grade,1.65,52.16,No
18 years old or older,Female,12th grade,1.63,80.74,Yes
17 years old,Male,12th grade,1.83,81.65,No
18 years old or older,Male,12th grade,1.85,104.33,No
18 years old or older,Female,12th grade,1.55,65.77,No
17 years old,Male,12th grade,1.8,74.84,No
18 years old or older,Male,12th grade,1.7,90.72,No
18 years old or older,Male,12th grade,1.75,80.74,No
17 years old,Female,12th grade,1.57,44.45,No
17 years old,Female,12th grade,1.63,72.58,No
14 years old,Female,9th grade,1.57,49.9,No
15 years old,Female,9th grade,1.63,81.65,No
15 years old,Male,9th grade,1.6,57.15,Yes
14 years old,Male,9th grade,1.85,73.03,No
14 years old,Male,9th grade,1.63,52.16,No
15 years old,Male,9th grade,1.85,73.94,Yes
14 years old,Female,9th grade,1.5,61.24,Yes
15 years old,Female,9th grade,1.73,81.65,No
15 years old,Male,9th grade,1.7,68.95,Yes
15 years old,Female,9th grade,1.55,47.63,Yes
15 years old,Female,9th grade,1.63,63.5,Yes
14 years old,Male,9th grade,1.8,58.06,No
15 years old,Male,9th grade,1.68,95.26,Yes
15 years old,Female,9th grade,1.57,65.77,No
14 years old,Female,9th grade,1.73,47.63,No
14 years old,Male,9th grade,1.78,99.79,No
14 years old,Male,9th grade,1.83,83.92,No
15 years old,Male,10th grade,1.75,77.11,No
15 years old,Male,10th grade,1.75,68.04,No
15 years old,Female,10th grade,1.7,63.5,Yes
16 years old,Male,10th grade,1.6,58.97,No
16 years old,Female,10th grade,1.6,86.18,Yes
15 years old,Female,10th grade,1.57,61.69,Yes
16 years old,Female,10th grade,1.6,46.72,Yes
16 years old,Male,10th grade,1.78,69.4,No
15 years old,Female,10th grade,1.6,45.36,No
16 years old,Female,10th grade,1.6,83.92,Yes
16 years old,Female,10th grade,1.6,52.16,No
15 years old,Male,10th grade,1.75,54.43,No
16 years old,Female,10th grade,1.68,80.74,Yes
15 years old,Male,10th grade,1.55,54.43,Yes
16 years old,Female,11th grade,1.78,68.04,No
17 years old,Male,11th grade,1.73,95.26,No
16 years old,Female,11th grade,1.57,52.16,Yes
16 years old,Female,11th grade,1.65,54.43,No
17 years old,Female,11th grade,1.63,48.08,Yes
17 years old,Female,11th grade,1.65,52.16,No
16 years old,Female,11th grade,1.55,49.9,No
17 years old,Male,11th grade,1.75,54.89,No
16 years old,Female,11th grade,1.6,66.23,No
17 years old,Female,11th grade,1.68,68.04,Yes
16 years old,Male,11th grade,1.73,156.49,No
16 years old,Male,11th grade,1.88,68.04,No
17 years old,Male,11th grade,1.68,52.16,No
16 years old,Male,11th grade,1.8,66.23,No
16 years old,Female,11th grade,1.68,52.16,Yes
17 years old,Male,11th grade,1.83,115.67,No
18 years old or older,Male,12th grade,1.8,58.97,Yes
17 years old,Male,12th grade,1.83,68.49,No
16 years old,Female,11th grade,1.68,54.43,Yes
17 years old,Male,12th grade,1.83,61.24,Yes
18 years old or older,Female,12th grade,1.63,54.43,No
17 years old,Male,12th grade,1.9,113.4,No
17 years old,Female,12th grade,1.6,54.43,No
18 years old or older,Male,12th grade,1.9,89.81,Yes
17 years old,Male,12th grade,1.85,99.79,No
17 years old,Male,12th grade,1.73,97.98,No
17 years old,Male,12th grade,1.83,90.72,No
18 years old or older,Male,12th grade,1.83,97.52,No
17 years old,Male,12th grade,1.73,79.38,Yes
17 years old,Female,12th grade,1.63,63.5,No
18 years old or older,Female,12th grade,1.57,49.9,No
18 years old or older,Female,12th grade,1.52,58.97,No
16 years old,Female,10th grade,1.55,42.18,Yes
17 years old,Female,12th grade,1.6,49.9,No
14 years old,Female,9th grade,1.65,83.01,Yes
17 years old,Female,11th grade,1.73,65.77,Yes
15 years old,Female,9th grade,1.6,48.99,No
17 years old,Male,12th grade,1.85,74.84,No
17 years old,Female,12th grade,1.57,68.04,Yes
18 years old or older,Female,12th grade,1.4,49.9,Yes
16 years old,Female,11th grade,1.73,90.72,No
16 years old,Male,11th grade,1.78,58.97,No
15 years old,Female,9th grade,1.6,48.99,No
15 years old,Male,9th grade,1.68,41.28,No
15 years old,Male,9th grade,1.75,68.04,Yes
16 years old,Male,9th grade,1.63,39.01,No
15 years old,Male,9th grade,1.73,80.29,No
14 years old,Male,9th grade,1.75,65.77,No
17 years old,Male,12th grade,1.73,99.79,No
15 years old,Male,9th grade,1.78,90.72,No
16 years old,Male,10th grade,1.73,68.04,No
16 years old,Female,11th grade,1.68,88.45,Yes
17 years old,Male,11th grade,1.73,107.05,No
16 years old,Male,11th grade,1.93,68.04,No
17 years old,Male,11th grade,1.78,65.77,No
16 years old,Male,11th grade,1.9,72.58,Yes
16 years old,Female,11th grade,1.78,54.43,No
16 years old,Male,11th grade,1.68,54.43,No
17 years old,Female,11th grade,1.65,81.65,No
16 years old,Male,11th grade,1.7,54.43,No
16 years old,Female,11th grade,1.63,41.73,No
16 years old,Male,11th grade,1.7,58.97,No
16 years old,Male,11th grade,1.8,95.26,No
16 years old,Male,11th grade,1.8,65.77,No
16 years old,Male,11th grade,1.65,58.51,No
16 years old,Male,10th grade,1.88,68.04,No
16 years old,Male,10th grade,1.65,94.35,No
15 years old,Female,10th grade,1.5,80.74,No
15 years old,Female,10th grade,1.57,52.16,No
16 years old,Female,10th grade,1.52,63.5,Yes
15 years old,Male,10th grade,1.7,59.88,No
15 years old,Male,10th grade,1.88,70.31,No
15 years old,Female,10th grade,1.8,72.58,Yes
16 years old,Male,11th grade,1.8,104.33,No
16 years old,Male,10th grade,1.73,80.29,No
15 years old,Female,10th grade,1.63,77.11,No
17 years old,Female,12th grade,1.65,68.04,No
17 years old,Male,12th grade,1.93,83.92,No
18 years old or older,Female,12th grade,1.7,68.49,No
17 years old,Male,12th grade,1.7,54.43,No
17 years old,Male,12th grade,1.78,89.36,No
13 years old,Male,12th grade,1.88,113.4,No
17 years old,Male,12th grade,1.8,68.04,No
17 years old,Male,12th grade,1.8,90.72,No
18 years old or older,Male,12th grade,1.68,65.77,No
18 years old or older,Male,12th grade,1.73,56.25,No
17 years old,Female,12th grade,1.7,108.86,Yes
17 years old,Male,12th grade,1.88,68.04,No
17 years old,Male,12th grade,1.78,81.65,No
17 years old,Male,12th grade,1.85,74.84,No
14 years old,Female,9th grade,1.55,58.97,No
15 years old,Female,9th grade,1.63,67.59,Yes
14 years old,Female,9th grade,1.7,127.01,No
14 years old,Male,9th grade,1.78,66.68,No
14 years old,Male,9th grade,1.75,65.77,No
14 years old,Female,9th grade,1.47,45.36,No
14 years old,Female,9th grade,1.63,48.54,No
14 years old,Male,9th grade,1.7,56.7,No
14 years old,Female,9th grade,1.7,90.72,No
13 years old,Male,9th grade,1.78,83.92,Yes
14 years old,Male,9th grade,1.73,50.8,No
15 years old,Female,9th grade,1.57,48.99,No
14 years old,Female,9th grade,1.6,74.39,No
14 years old,Male,9th grade,1.68,58.97,No
14 years old,Female,9th grade,1.47,49.9,No
15 years old,Female,9th grade,1.68,54.43,No
16 years old,Female,11th grade,1.57,56.7,No
16 years old,Female,11th grade,1.68,58.97,No
17 years old,Male,11th grade,1.63,59.88,Yes
16 years old,Female,11th grade,1.65,54.43,No
16 years old,Female,11th grade,1.68,58.97,No
16 years old,Male,11th grade,1.85,84.82,No
16 years old,Male,11th grade,1.78,54.43,No
16 years old,Male,11th grade,1.75,72.58,No
16 years old,Female,11th grade,1.55,48.99,No
17 years old,Female,11th grade,1.63,77.11,Yes
17 years old,Female,11th grade,1.57,47.63,Yes
16 years old,Female,11th grade,1.7,80.74,No
17 years old,Male,11th grade,1.7,72.58,No
17 years old,Male,11th grade,1.83,79.38,No
16 years old,Male,11th grade,1.68,53.52,No
16 years old,Female,11th grade,1.57,52.16,No
16 years old,Female,11th grade,1.6,56.7,Yes
16 years old,Male,11th grade,1.9,70.31,No
16 years old,Male,11th grade,1.7,77.11,No
16 years old,Female,11th grade,1.68,115.67,Yes
16 years old,Male,11th grade,1.73,56.7,No
17 years old,Male,11th grade,1.78,83.92,No
18 years old or older,Female,10th grade,1.57,81.65,No
17 years old,Male,11th grade,1.78,56.7,No
16 years old,Female,11th grade,1.68,49.9,No
16 years old,Male,11th grade,1.75,74.39,No
16 years old,Female,11th grade,1.63,65.77,Yes
17 years old,Male,11th grade,1.83,63.5,No
16 years old,Male,11th grade,1.78,56.7,Yes
15 years old,Female,10th grade,1.52,60.78,Yes
15 years old,Female,10th grade,1.65,98.88,No
16 years old,Female,10th grade,1.55,46.27,No
15 years old,Male,10th grade,1.7,56.7,Yes
15 years old,Male,10th grade,1.83,58.97,No
15 years old,Female,10th grade,1.68,70.76,No
15 years old,Male,10th grade,1.83,64.41,No
16 years old,Female,10th grade,1.6,68.04,No
15 years old,Female,10th grade,1.63,58.97,Yes
15 years old,Female,10th grade,1.65,53.07,No
16 years old,Female,10th grade,1.65,77.11,No
17 years old,Female,10th grade,1.68,77.11,Yes
16 years old,Male,10th grade,1.6,55.79,No
16 years old,Male,10th grade,1.78,62.14,No
16 years old,Male,10th grade,1.7,88.45,No
14 years old,Female,10th grade,1.68,66.68,No
15 years old,Male,10th grade,1.7,54.43,No
15 years old,Female,10th grade,1.68,99.79,No
16 years old,Male,10th grade,1.73,67.13,No
16 years old,Female,10th grade,1.57,65.77,No
16 years old,Female,10th grade,1.6,63.5,No
16 years old,Female,10th grade,1.63,44,No
16 years old,Female,11th grade,1.68,63.5,No
15 years old,Male,10th grade,1.73,104.33,No
15 years old,Male,10th grade,1.55,88.91,No
16 years old,Female,11th grade,1.47,49.9,No
17 years old,Female,11th grade,1.68,70.31,No
16 years old,Male,11th grade,1.83,64.86,No
16 years old,Male,11th grade,1.73,65.77,No
16 years old,Female,11th grade,1.68,46.72,Yes
16 years old,Female,11th grade,1.57,63.5,No
16 years old,Male,11th grade,1.7,65.77,No
16 years old,Male,11th grade,1.73,62.14,No
16 years old,Male,11th grade,1.78,74.84,Yes
17 years old,Female,11th grade,1.73,56.7,No
17 years old,Male,11th grade,1.9,80.74,No
16 years old,Male,11th grade,1.78,47.63,No
16 years old,Female,11th grade,1.68,56.7,No
17 years old,Male,11th grade,1.75,68.95,No
16 years old,Female,11th grade,1.63,57.61,No
17 years old,Female,11th grade,1.63,56.25,No
16 years old,Female,11th grade,1.63,57.61,No
16 years old,Female,11th grade,1.57,53.52,No
17 years old,Female,11th grade,1.5,45.36,No
17 years old,Female,11th grade,1.75,61.24,No
17 years old,Female,11th grade,1.63,65.77,No
16 years old,Male,11th grade,1.8,95.26,No
16 years old,Male,11th grade,1.78,72.58,No
16 years old,Female,11th grade,1.63,68.04,No
16 years old,Female,11th grade,1.63,45.36,No
16 years old,Male,11th grade,1.65,61.24,No
16 years old,Male,11th grade,1.78,52.16,No
16 years old,Male,10th grade,1.83,68.04,No
15 years old,Male,10th grade,1.75,60.33,No
15 years old,Female,10th grade,1.6,48.08,No
15 years old,Male,10th grade,1.8,68.04,No
15 years old,Female,10th grade,1.65,60.78,Yes
15 years old,Male,10th grade,1.85,71.22,No
15 years old,Female,10th grade,1.6,43.55,Yes
15 years old,Male,10th grade,1.8,81.65,No
15 years old,Male,10th grade,1.83,87.09,No
16 years old,Female,10th grade,1.65,56.7,Yes
16 years old,Female,10th grade,1.73,63.5,No
16 years old,Female,10th grade,1.63,54.43,Yes
16 years old,Male,10th grade,1.68,56.7,No
15 years old,Female,10th grade,1.6,44.45,No
15 years old,Male,10th grade,1.68,63.5,No
15 years old,Female,10th grade,1.55,73.48,No
16 years old,Male,10th grade,1.85,68.95,No
15 years old,Male,10th grade,1.78,62.6,No
15 years old,Female,10th grade,1.63,54.89,No
15 years old,Male,10th grade,1.88,136.08,No
15 years old,Female,10th grade,1.55,46.72,Yes
16 years old,Male,10th grade,1.83,74.84,No
15 years old,Male,10th grade,1.78,66.68,No
15 years old,Female,10th grade,1.52,43.09,No
16 years old,Male,11th grade,1.78,68.95,No
15 years old,Male,10th grade,1.8,58.06,No
15 years old,Female,10th grade,1.68,52.16,No
15 years old,Female,10th grade,1.7,56.7,No
16 years old,Female,11th grade,1.75,61.24,No
16 years old,Female,10th grade,1.7,65.77,No
15 years old,Female,10th grade,1.63,49.9,No
17 years old,Female,11th grade,1.75,61.24,No
16 years old,Male,11th grade,1.88,77.57,No
16 years old,Male,11th grade,1.73,82.56,No
16 years old,Female,11th grade,1.7,56.7,No
16 years old,Female,10th grade,1.57,46.27,No
15 years old,Male,10th grade,1.73,58.97,No
16 years old,Female,11th grade,1.7,61.24,No
18 years old or older,Female,12th grade,1.63,52.16,No
16 years old,Female,10th grade,1.63,58.97,No
15 years old,Male,10th grade,1.75,61.24,No
16 years old,Female,10th grade,1.65,52.16,No
16 years old,Male,11th grade,1.83,63.5,No
17 years old,Male,12th grade,1.8,70.31,No
17 years old,Male,12th grade,1.78,72.58,No
17 years old,Male,12th grade,1.83,73.48,No
17 years old,Female,12th grade,1.63,63.5,No
17 years old,Male,12th grade,1.78,61.24,No
18 years old or older,Male,12th grade,1.78,72.58,No
16 years old,Male,11th grade,1.68,58.06,No
17 years old,Male,12th grade,1.73,74.84,No
17 years old,Male,12th grade,1.9,72.58,No
18 years old or older,Male,12th grade,1.73,65.77,No
17 years old,Male,12th grade,1.85,65.77,No
17 years old,Male,12th grade,1.75,107.96,No
17 years old,Male,12th grade,1.75,65.77,No
17 years old,Female,12th grade,1.6,53.07,No
17 years old,Male,12th grade,1.75,68.04,No
16 years old,Female,11th grade,1.68,104.33,No
17 years old,Male,12th grade,1.73,62.6,No
17 years old,Female,12th grade,1.68,63.5,No
16 years old,Female,11th grade,1.68,53.52,No
16 years old,Male,11th grade,1.47,72.58,No
17 years old,Male,11th grade,1.7,65.77,No
16 years old,Female,12th grade,1.6,77.11,No
15 years old,Male,10th grade,1.83,58.97,No
15 years old,Male,10th grade,1.75,61.24,Yes
17 years old,Female,12th grade,1.63,61.69,No
16 years old,Female,10th grade,1.63,65.77,No
17 years old,Male,12th grade,1.73,101.15,No
15 years old,Male,10th grade,1.78,61.24,No
17 years old,Male,11th grade,1.85,68.04,No
16 years old,Male,11th grade,1.73,58.97,No
16 years old,Male,11th grade,1.83,65.77,No
14 years old,Male,9th grade,1.85,73.03,Yes
15 years old,Female,10th grade,1.52,54.43,No
16 years old,Male,11th grade,1.65,56.7,No
15 years old,Female,10th grade,1.7,54.43,No
17 years old,Female,11th grade,1.65,89.81,No
16 years old,Female,11th grade,1.57,52.16,No
16 years old,Female,11th grade,1.65,54.43,No
15 years old,Female,9th grade,1.7,54.43,No
15 years old,Female,10th grade,1.63,69.4,No
15 years old,Female,10th grade,1.68,50.8,No
15 years old,Male,10th grade,1.52,36.74,No
17 years old,Female,12th grade,1.6,68.04,No
17 years old,Male,11th grade,1.65,56.7,No
16 years old,Female,11th grade,1.73,52.16,No
14 years old,Female,9th grade,1.5,45.36,No
16 years old,Male,10th grade,1.75,56.7,No
16 years old,Male,11th grade,1.7,66.68,No
14 years old,Male,9th grade,1.6,45.36,No
17 years old,Male,12th grade,1.6,63.5,No
16 years old,Female,11th grade,1.52,58.97,No
16 years old,Female,11th grade,1.57,43.09,No
16 years old,Male,11th grade,1.93,72.58,No
16 years old,Female,11th grade,1.63,52.16,No
17 years old,Female,12th grade,1.68,58.97,No
16 years old,Male,11th grade,1.9,79.38,No
17 years old,Female,11th grade,1.63,52.16,No
17 years old,Female,11th grade,1.6,52.16,No
16 years old,Male,11th grade,1.83,86.18,No
17 years old,Female,12th grade,1.6,54.43,No
16 years old,Female,11th grade,1.65,54.43,No
16 years old,Male,11th grade,1.83,108.86,No
17 years old,Male,11th grade,1.78,69.4,No
16 years old,Female,11th grade,1.73,72.58,Yes
16 years old,Female,11th grade,1.73,61.69,No
17 years old,Female,11th grade,1.57,47.63,No
17 years old,Male,11th grade,1.83,81.65,No
16 years old,Female,11th grade,1.65,76.2,No
16 years old,Male,11th grade,1.8,65.77,No
16 years old,Female,11th grade,1.55,48.08,No
17 years old,Female,12th grade,1.7,52.16,No
16 years old,Male,11th grade,1.83,75.75,No
16 years old,Male,11th grade,1.8,66.68,No
17 years old,Female,11th grade,1.6,44.45,No
17 years old,Male,11th grade,1.68,62.6,No
16 years old,Male,11th grade,1.83,74.84,No
16 years old,Female,11th grade,1.63,53.52,No
16 years old,Female,11th grade,1.78,63.5,No
16 years old,Male,11th grade,1.7,83.92,No
16 years old,Male,11th grade,1.73,50.8,No
16 years old,Male,11th grade,1.68,53.07,No
17 years old,Male,12th grade,1.85,130.18,No
17 years old,Male,12th grade,1.83,64.86,No
17 years old,Male,12th grade,1.83,84.82,No
17 years old,Male,12th grade,1.83,77.11,No
17 years old,Male,12th grade,1.73,70.31,No
18 years old or older,Male,12th grade,1.78,97.52,Yes
18 years old or older,Male,12th grade,1.83,62.6,No
17 years old,Female,12th grade,1.63,49.9,No
17 years old,Female,12th grade,1.7,61.69,No
17 years old,Male,12th grade,1.83,64.41,No
17 years old,Male,12th grade,1.88,104.33,No
18 years old or older,Female,12th grade,1.7,44.45,No
17 years old,Male,12th grade,1.75,70.76,No
17 years old,Male,12th grade,1.7,61.24,No
15 years old,Male,10th grade,1.68,76.2,Yes
15 years old,Male,10th grade,1.8,68.04,No
15 years old,Male,10th grade,1.78,60.78,No
15 years old,Male,10th grade,1.83,81.19,Yes
15 years old,Male,10th grade,1.75,64.41,No
15 years old,Male,10th grade,1.73,97.52,No
15 years old,Male,10th grade,1.75,109.32,No
14 years old,Male,10th grade,1.8,73.03,No
16 years old,Male,10th grade,1.8,61.24,No
16 years old,Female,10th grade,1.55,40.82,No
15 years old,Female,10th grade,1.55,44,No
15 years old,Female,10th grade,1.63,58.06,No
15 years old,Female,10th grade,1.52,48.99,No
15 years old,Female,10th grade,1.65,81.65,No
15 years old,Male,10th grade,1.68,85.73,No
15 years old,Male,10th grade,1.7,54.43,No
15 years old,Male,10th grade,1.7,68.04,No
16 years old,Male,10th grade,1.68,61.69,No
15 years old,Female,10th grade,1.55,51.71,No
15 years old,Male,10th grade,1.57,65.77,No
16 years old,Male,10th grade,1.75,58.06,No
15 years old,Female,10th grade,1.6,81.65,No
16 years old,Female,10th grade,1.63,90.72,No
16 years old,Male,10th grade,1.8,159.67,No
15 years old,Female,10th grade,1.6,72.58,Yes
15 years old,Female,10th grade,1.7,50.8,No
15 years old,Male,10th grade,1.65,49.44,No
16 years old,Male,11th grade,1.65,52.16,No
15 years old,Male,10th grade,1.78,58.97,No
15 years old,Male,10th grade,1.73,62.14,No
15 years old,Female,10th grade,1.57,56.7,No
15 years old,Female,10th grade,1.65,65.77,No
15 years old,Male,10th grade,1.73,62.6,Yes
16 years old,Female,10th grade,1.8,76.2,Yes
15 years old,Female,10th grade,1.6,60.33,No
16 years old,Female,11th grade,1.75,65.77,No
15 years old,Female,10th grade,1.5,54.43,No
16 years old,Female,11th grade,1.78,65.77,No
15 years old,Male,10th grade,1.8,131.54,Yes
15 years old,Female,10th grade,1.5,36.29,No
15 years old,Female,10th grade,1.6,44,No
15 years old,Female,10th grade,1.6,79.38,No
16 years old,Female,10th grade,1.57,45.36,No
15 years old,Female,10th grade,1.57,47.63,No
16 years old,Female,10th grade,1.68,49.9,No
16 years old,Female,11th grade,1.5,45.36,No
16 years old,Female,10th grade,1.6,54.43,No
16 years old,Female,11th grade,1.73,61.24,No
15 years old,Female,10th grade,1.6,72.58,No
15 years old,Male,10th grade,1.73,58.97,No
15 years old,Female,11th grade,1.63,90.72,No
15 years old,Female,10th grade,1.57,41.73,No
16 years old,Male,11th grade,1.8,72.58,No
15 years old,Female,10th grade,1.6,63.5,No
15 years old,Female,10th grade,1.7,90.72,No
15 years old,Female,10th grade,1.52,44.45,Yes
15 years old,Female,10th grade,1.5,45.36,No
16 years old,Female,11th grade,1.73,90.27,No
16 years old,Male,10th grade,1.88,83.92,Yes
16 years old,Female,11th grade,1.7,83.92,No
16 years old,Female,10th grade,1.68,59.88,No
15 years old,Male,10th grade,1.75,57.61,No
17 years old,Female,12th grade,1.68,68.04,No
15 years old,Female,10th grade,1.7,54.43,Yes
16 years old,Male,11th grade,1.73,109.77,No
15 years old,Female,10th grade,1.6,54.43,No
16 years old,Male,11th grade,1.96,71.67,No
15 years old,Female,10th grade,1.63,79.38,No
16 years old,Female,10th grade,1.52,102.06,No
15 years old,Male,10th grade,1.78,63.5,No
16 years old,Male,11th grade,1.7,61.69,No
17 years old,Male,11th grade,1.63,49.9,Yes
14 years old,Male,9th grade,1.8,61.24,No
16 years old,Male,11th grade,1.78,57.15,No
16 years old,Female,10th grade,1.55,63.5,No
16 years old,Female,10th grade,1.57,48.54,No
16 years old,Male,11th grade,1.85,138.8,No
15 years old,Male,10th grade,1.78,63.5,Yes
14 years old,Female,9th grade,1.5,54.43,No
16 years old,Female,10th grade,1.6,49.9,No
16 years old,Female,10th grade,1.6,54.43,No
15 years old,Female,10th grade,1.6,79.38,No
15 years old,Female,9th grade,1.73,58.06,No
14 years old,Female,9th grade,1.6,47.63,No
15 years old,Female,10th grade,1.6,56.7,No
16 years old,Female,11th grade,1.6,76.2,No
17 years old,Female,12th grade,1.68,69.4,Yes
16 years old,Female,11th grade,1.65,44.45,No
17 years old,Male,11th grade,1.78,49.9,No
17 years old,Female,12th grade,1.8,106.6,No
17 years old,Female,12th grade,1.6,49.9,No
17 years old,Male,12th grade,1.83,61.24,No
16 years old,Female,11th grade,1.57,48.99,No
17 years old,Male,12th grade,1.75,58.97,No
17 years old,Male,12th grade,1.73,68.04,No
16 years old,Female,11th grade,1.7,70.31,No
16 years old,Female,11th grade,1.7,49.9,No
18 years old or older,Male,12th grade,1.7,62.6,No
15 years old,Female,9th grade,1.75,83.01,No
15 years old,Female,9th grade,1.55,49.9,No
15 years old,Female,9th grade,1.55,49.9,No
14 years old,Male,9th grade,1.78,49.9,Yes
14 years old,Female,9th grade,1.63,70.76,Yes
14 years old,Female,9th grade,1.5,48.08,No
14 years old,Female,9th grade,1.7,72.58,No
14 years old,Male,9th grade,1.63,65.32,No
15 years old,Female,9th grade,1.63,44.91,No
14 years old,Female,9th grade,1.52,44.91,No
14 years old,Male,9th grade,1.57,39.46,No
14 years old,Female,9th grade,1.55,44.45,No
14 years old,Female,9th grade,1.68,69.85,No
14 years old,Male,9th grade,1.73,60.33,No
15 years old,Female,9th grade,1.73,101.61,No
14 years old,Male,9th grade,1.78,54.43,No
14 years old,Female,9th grade,1.6,49.9,No
14 years old,Male,9th grade,1.73,54.43,Yes
14 years old,Female,9th grade,1.5,49.9,No
14 years old,Female,9th grade,1.63,56.7,No
14 years old,Male,9th grade,1.83,90.72,No
14 years old,Female,9th grade,1.57,55.34,No
15 years old,Female,9th grade,1.7,64.41,No
14 years old,Female,9th grade,1.63,56.7,No
14 years old,Male,9th grade,1.83,72.58,No
14 years old,Female,9th grade,1.7,63.5,No
14 years old,Female,9th grade,1.65,72.58,No
14 years old,Male,9th grade,1.7,52.16,Yes
14 years old,Male,9th grade,1.8,66.23,No
17 years old,Female,12th grade,1.52,49.9,No
16 years old,Male,11th grade,1.78,70.31,No
15 years old,Male,10th grade,1.63,54.43,No
15 years old,Female,10th grade,1.73,63.5,No
16 years old,Male,11th grade,1.83,72.58,No
15 years old,Male,10th grade,1.8,55.34,Yes
16 years old,Male,11th grade,1.75,70.31,No
16 years old,Male,11th grade,1.83,90.72,No
16 years old,Male,11th grade,1.7,117.94,No
15 years old,Male,10th grade,1.7,49.9,No
17 years old,Female,12th grade,1.52,45.36,No
17 years old,Male,12th grade,1.6,96.16,No
16 years old,Male,11th grade,1.73,57.61,No
16 years old,Male,11th grade,1.8,61.24,No
17 years old,Male,10th grade,1.93,112.04,No
17 years old,Male,12th grade,1.73,112.49,No
17 years old,Female,12th grade,1.63,58.97,No
14 years old,Female,9th grade,1.73,68.04,No
14 years old,Female,9th grade,1.75,52.16,No
14 years old,Female,9th grade,1.55,52.62,No
14 years old,Female,9th grade,1.63,65.77,No
14 years old,Female,9th grade,1.55,70.76,No
15 years old,Female,9th grade,1.7,108.86,No
14 years old,Female,9th grade,1.55,85.73,No
14 years old,Female,9th grade,1.57,48.08,No
14 years old,Female,9th grade,1.6,68.04,No
14 years old,Male,9th grade,1.65,74.84,Yes
14 years old,Female,9th grade,1.75,136.08,Yes
15 years old,Female,9th grade,1.55,88.45,Yes
14 years old,Female,9th grade,1.65,47.63,No
14 years old,Male,9th grade,1.83,74.84,No
14 years old,Female,9th grade,1.57,48.08,No
16 years old,Female,11th grade,1.65,72.58,No
17 years old,Male,12th grade,1.8,74.84,No
16 years old,Male,11th grade,1.73,81.65,Yes
18 years old or older,Female,12th grade,1.6,55.79,No
13 years old,Male,12th grade,1.8,61.24,No
17 years old,Male,12th grade,1.63,49.9,No
18 years old or older,Female,12th grade,1.57,60.78,Yes
18 years old or older,Male,12th grade,1.93,81.65,No
17 years old,Male,12th grade,1.78,99.79,No
15 years old,Female,12th grade,1.55,52.16,Yes
17 years old,Male,12th grade,1.73,68.04,No
17 years old,Female,12th grade,1.52,95.26,No
18 years old or older,Male,12th grade,1.8,70.76,No
17 years old,Female,12th grade,1.65,50.8,No
17 years old,Male,12th grade,1.88,100.7,No
17 years old,Female,12th grade,1.65,99.79,No
17 years old,Male,12th grade,1.83,99.34,No
17 years old,Female,12th grade,1.63,52.62,No
16 years old,Female,10th grade,1.63,45.81,No
15 years old,Female,10th grade,1.52,49.9,No
15 years old,Male,10th grade,1.78,82.56,No
16 years old,Female,10th grade,1.65,72.58,No
15 years old,Female,10th grade,1.65,65.77,No
15 years old,Female,10th grade,1.63,63.5,No
15 years old,Female,10th grade,1.63,57.15,No
16 years old,Male,10th grade,1.8,55.79,No
15 years old,Female,10th grade,1.73,112.95,No
15 years old,Male,10th grade,1.73,74.84,No
15 years old,Female,10th grade,1.65,68.04,No
16 years old,Male,10th grade,1.68,57.61,No
16 years old,Female,10th grade,1.73,54.43,No
16 years old,Male,10th grade,1.68,56.7,No
15 years old,Female,10th grade,1.63,74.84,No
15 years old,Female,10th grade,1.57,55.34,No
15 years old,Female,10th grade,1.68,68.49,No
15 years old,Female,10th grade,1.55,50.8,No
15 years old,Female,10th grade,1.63,60.78,No
14 years old,Male,9th grade,1.73,54.43,No
14 years old,Male,9th grade,1.57,49.9,No
15 years old,Female,9th grade,1.57,38.56,No
14 years old,Female,9th grade,1.73,54.43,No
14 years old,Female,9th grade,1.65,56.7,No
14 years old,Male,9th grade,1.7,63.5,No
14 years old,Male,9th grade,1.6,49.44,Yes
14 years old,Female,9th grade,1.73,56.7,No
14 years old,Female,9th grade,1.5,38.56,No
14 years old,Female,9th grade,1.47,47.17,No
14 years old,Male,9th grade,1.78,61.24,No
14 years old,Male,9th grade,1.8,90.72,No
14 years old,Male,9th grade,1.73,70.76,No
14 years old,Female,9th grade,1.6,53.52,No
14 years old,Male,9th grade,1.8,67.13,No
16 years old,Female,11th grade,1.65,74.84,No
16 years old,Female,11th grade,1.63,58.97,No
16 years old,Female,11th grade,1.57,49.9,No
16 years old,Male,11th grade,1.7,63.5,No
16 years old,Female,11th grade,1.57,68.95,No
16 years old,Female,11th grade,1.73,61.24,No
17 years old,Male,11th grade,1.68,77.11,No
16 years old,Male,11th grade,1.83,72.58,No
16 years old,Male,11th grade,1.8,70.31,No
16 years old,Female,11th grade,1.65,58.06,No
16 years old,Female,11th grade,1.5,44.45,No
16 years old,Male,11th grade,1.88,102.06,No
16 years old,Female,11th grade,1.7,68.04,No
16 years old,Male,11th grade,1.63,49.9,No
16 years old,Male,11th grade,1.9,72.58,No
16 years old,Male,11th grade,1.75,65.77,No
16 years old,Female,11th grade,1.6,57.15,No
16 years old,Male,11th grade,1.75,58.97,No
16 years old,Male,11th grade,1.7,65.32,No
17 years old,Male,11th grade,1.88,58.97,No
16 years old,Male,11th grade,1.83,102.06,No
16 years old,Male,11th grade,1.55,68.49,No
16 years old,Female,11th grade,1.65,68.04,No
15 years old,Female,10th grade,1.6,54.43,No
16 years old,Male,11th grade,1.73,77.57,No
15 years old,Male,10th grade,1.83,76.2,No
15 years old,Female,10th grade,1.6,57.61,No
15 years old,Male,10th grade,1.73,79.83,No
16 years old,Male,10th grade,1.85,72.58,No
16 years old,Female,11th grade,1.75,68.95,No
16 years old,Male,11th grade,1.8,94.35,No
15 years old,Female,10th grade,1.6,47.63,No
15 years old,Female,10th grade,1.65,81.65,No
15 years old,Female,10th grade,1.55,52.16,No
15 years old,Male,10th grade,1.85,88.45,No
16 years old,Male,11th grade,1.75,67.59,No
16 years old,Female,11th grade,1.52,52.16,No
17 years old,Female,12th grade,1.75,65.77,No
17 years old,Female,11th grade,1.57,81.65,No
17 years old,Male,12th grade,1.78,67.59,No
18 years old or older,Male,12th grade,1.65,45.36,No
17 years old,Male,12th grade,1.63,58.97,No
17 years old,Female,12th grade,1.57,58.97,No
17 years old,Male,12th grade,1.73,63.5,No
17 years old,Female,12th grade,1.55,57.61,No
17 years old,Female,12th grade,1.57,56.7,No
17 years old,Male,12th grade,1.83,77.11,No
15 years old,Male,10th grade,1.88,129.28,No
15 years old,Male,10th grade,1.73,68.04,No
15 years old,Male,10th grade,1.83,58.97,No
15 years old,Female,10th grade,1.57,39.92,No
15 years old,Female,10th grade,1.68,60.78,Yes
15 years old,Female,10th grade,1.75,72.58,No
15 years old,Female,10th grade,1.55,60.33,Yes
15 years old,Male,10th grade,1.68,79.38,No
16 years old,Female,11th grade,1.5,56.7,No
16 years old,Female,10th grade,1.6,48.54,No
15 years old,Female,10th grade,1.68,56.7,No
15 years old,Male,10th grade,1.78,65.77,Yes
15 years old,Female,10th grade,1.52,54.43,No
15 years old,Female,10th grade,1.52,56.7,No
15 years old,Male,10th grade,1.63,43.09,Yes
15 years old,Female,10th grade,1.73,56.7,No
18 years old or older,Male,12th grade,1.78,89.36,No
17 years old,Male,12th grade,1.75,65.77,No
17 years old,Male,12th grade,1.73,56.7,No
17 years old,Female,12th grade,1.65,42.18,No
17 years old,Male,12th grade,1.78,63.5,No
18 years old or older,Male,12th grade,1.8,67.13,No
17 years old,Male,12th grade,1.8,74.84,No
15 years old,Female,9th grade,1.6,58.97,No
15 years old,Male,10th grade,1.75,61.24,No
15 years old,Female,10th grade,1.55,56.7,No
15 years old,Male,9th grade,1.68,47.63,Yes
15 years old,Female,9th grade,1.55,62.6,No
14 years old,Female,9th grade,1.6,52.62,No
14 years old,Male,9th grade,1.88,68.04,No
14 years old,Male,9th grade,1.73,61.24,No
14 years old,Male,9th grade,1.65,54.43,No
14 years old,Male,9th grade,1.7,57.61,No
15 years old,Female,10th grade,1.68,56.7,No
14 years old,Female,9th grade,1.68,57.15,No
14 years old,Female,9th grade,1.7,47.63,No
14 years old,Female,9th grade,1.6,49.9,No
14 years old,Female,9th grade,1.6,44,No
14 years old,Female,9th grade,1.57,43.09,No
14 years old,Female,9th grade,1.6,63.5,No
16 years old,Female,10th grade,1.7,54.43,No
14 years old,Female,9th grade,1.5,81.65,No
15 years old,Male,10th grade,1.68,54.43,No
14 years old,Male,9th grade,1.8,76.2,No
16 years old,Male,11th grade,1.7,92.08,Yes
14 years old,Female,9th grade,1.6,49.9,No
14 years old,Female,9th grade,1.6,48.99,No
14 years old,Male,9th grade,1.68,56.7,No
16 years old,Male,11th grade,1.88,79.38,No
14 years old,Female,9th grade,1.6,44.45,No
15 years old,Female,9th grade,1.63,81.65,No
15 years old,Male,10th grade,1.78,90.72,No
14 years old,Female,9th grade,1.68,49.9,No
14 years old,Male,9th grade,1.68,101.15,Yes
15 years old,Male,9th grade,1.78,61.24,No
14 years old,Male,9th grade,1.63,58.97,No
14 years old,Female,9th grade,1.68,70.31,No
14 years old,Female,9th grade,1.65,56.7,No
15 years old,Male,9th grade,1.88,95.26,No
14 years old,Male,9th grade,1.83,60.33,No
14 years old,Female,9th grade,1.65,48.08,No
16 years old,Female,11th grade,1.57,53.07,Yes
16 years old,Female,11th grade,1.68,58.97,No
16 years old,Female,11th grade,1.68,63.5,No
16 years old,Female,11th grade,1.63,54.43,No
16 years old,Female,11th grade,1.7,68.04,No
17 years old,Male,11th grade,1.8,77.11,No
15 years old,Female,11th grade,1.55,45.36,No
15 years old,Female,10th grade,1.6,52.16,Yes
14 years old,Female,9th grade,1.6,57.61,No
16 years old,Female,11th grade,1.73,61.24,No
17 years old,Female,11th grade,1.63,53.07,No
17 years old,Female,11th grade,1.65,51.71,Yes
15 years old,Male,10th grade,1.75,68.04,No
14 years old,Female,9th grade,1.63,63.5,No
16 years old,Female,11th grade,1.6,59.88,No
16 years old,Male,11th grade,1.83,65.32,Yes
16 years old,Male,11th grade,1.75,61.69,No
17 years old,Female,11th grade,1.63,58.97,No
16 years old,Male,11th grade,1.83,70.31,No
16 years old,Male,11th grade,1.78,79.38,No
16 years old,Male,11th grade,1.63,58.97,Yes
17 years old,Male,11th grade,1.96,136.08,No
16 years old,Male,11th grade,1.9,99.79,Yes
16 years old,Male,11th grade,1.8,65.77,No
16 years old,Female,11th grade,1.65,74.84,No
16 years old,Male,11th grade,1.83,63.5,No
16 years old,Male,11th grade,1.93,74.84,No
16 years old,Female,11th grade,1.65,68.04,Yes
17 years old,Female,11th grade,1.63,44.45,Yes
16 years old,Male,11th grade,1.83,72.58,No
16 years old,Male,11th grade,1.83,90.72,No
16 years old,Male,11th grade,1.96,90.72,Yes
14 years old,Female,9th grade,1.6,49.9,No
18 years old or older,Female,12th grade,1.63,77.11,No
17 years old,Female,11th grade,1.68,55.79,No
17 years old,Female,12th grade,1.65,92.99,No
16 years old,Female,11th grade,1.7,72.58,Yes
17 years old,Female,12th grade,1.57,52.16,No
15 years old,Male,10th grade,1.7,70.31,No
16 years old,Male,10th grade,1.9,79.38,No
15 years old,Male,10th grade,1.73,70.76,No
15 years old,Male,10th grade,1.65,49.9,No
15 years old,Male,10th grade,1.83,65.77,Yes
16 years old,Male,10th grade,1.9,72.58,No
15 years old,Female,10th grade,1.68,68.04,No
16 years old,Male,10th grade,1.68,45.36,No
15 years old,Male,10th grade,1.78,78.93,Yes
14 years old,Female,10th grade,1.7,63.5,No
15 years old,Male,10th grade,1.73,72.58,No
15 years old,Male,10th grade,1.78,80.74,No
15 years old,Female,10th grade,1.68,49.44,Yes
15 years old,Female,10th grade,1.73,49.9,Yes
15 years old,Female,10th grade,1.52,45.36,No
15 years old,Male,10th grade,1.68,74.84,Yes
14 years old,Female,9th grade,1.63,54.43,Yes
14 years old,Female,9th grade,1.63,81.65,Yes
14 years old,Female,9th grade,1.6,71.22,Yes
14 years old,Female,9th grade,1.57,54.43,No
14 years old,Female,9th grade,1.63,54.43,Yes
14 years old,Female,9th grade,1.65,58.97,Yes
14 years old,Male,9th grade,1.63,56.7,Yes
15 years old,Female,9th grade,1.7,52.16,Yes
14 years old,Male,9th grade,1.83,90.72,No
15 years old,Female,10th grade,1.57,79.38,No
14 years old,Female,9th grade,1.65,72.58,No
14 years old,Female,9th grade,1.52,56.7,No
14 years old,Female,9th grade,1.57,61.69,No
16 years old,Male,11th grade,1.83,83.92,No
14 years old,Male,9th grade,1.68,44,No
17 years old,Male,12th grade,1.83,55.79,No
17 years old,Male,12th grade,1.85,72.58,No
17 years old,Male,11th grade,1.75,74.84,No
18 years old or older,Male,12th grade,1.83,72.58,No
16 years old,Female,11th grade,1.65,72.58,No
17 years old,Female,11th grade,1.5,50.8,No
16 years old,Female,11th grade,1.57,54.43,No
17 years old,Female,12th grade,1.63,77.11,Yes
17 years old,Male,12th grade,1.8,77.11,Yes
17 years old,Male,11th grade,1.83,74.84,No
17 years old,Male,11th grade,1.68,72.58,Yes
17 years old,Female,12th grade,1.7,53.07,No
16 years old,Male,11th grade,1.8,77.11,No
17 years old,Male,11th grade,1.8,66.68,Yes
17 years old,Female,12th grade,1.68,54.43,No
17 years old,Male,12th grade,1.78,61.24,No
17 years old,Male,11th grade,1.83,58.97,No
17 years old,Male,11th grade,1.73,77.11,No
16 years old,Male,11th grade,1.7,63.5,No
16 years old,Male,11th grade,1.83,90.72,No
15 years old,Male,10th grade,1.8,58.97,No
15 years old,Male,10th grade,1.63,71.22,No
15 years old,Male,10th grade,1.8,64.86,No
16 years old,Male,10th grade,1.83,89.36,No
15 years old,Male,10th grade,1.63,47.63,No
16 years old,Male,10th grade,1.83,92.99,No
17 years old,Female,12th grade,1.73,56.7,No
15 years old,Male,10th grade,1.83,58.97,No
15 years old,Female,10th grade,1.75,61.24,Yes
15 years old,Male,10th grade,1.78,77.11,Yes
15 years old,Male,10th grade,1.65,47.63,No
15 years old,Female,10th grade,1.68,53.07,No
15 years old,Female,10th grade,1.68,61.69,No
15 years old,Female,10th grade,1.8,113.4,Yes
16 years old,Female,11th grade,1.52,49.9,No
15 years old,Male,10th grade,1.85,106.6,Yes
17 years old,Male,12th grade,1.7,67.59,No
16 years old,Male,11th grade,1.8,71.22,No
18 years old or older,Male,12th grade,1.8,149.69,No
17 years old,Male,12th grade,1.73,67.13,No
16 years old,Male,11th grade,1.68,64.41,No
17 years old,Male,12th grade,1.83,99.79,No
17 years old,Male,12th grade,1.88,79.38,No
17 years old,Male,12th grade,1.83,79.38,No
17 years old,Male,12th grade,1.83,74.84,No
16 years old,Male,11th grade,1.8,70.31,No
17 years old,Male,12th grade,1.7,63.5,No
17 years old,Male,12th grade,1.85,97.52,Yes
17 years old,Male,12th grade,1.75,73.94,Yes
17 years old,Male,11th grade,1.88,139.71,No
16 years old,Male,12th grade,1.73,62.6,No
16 years old,Male,11th grade,1.83,74.84,No
16 years old,Male,11th grade,1.85,72.58,No
18 years old or older,Male,12th grade,1.88,82.56,No
16 years old,Male,11th grade,1.7,88.45,No
16 years old,Male,11th grade,1.73,58.97,Yes
16 years old,Female,11th grade,1.7,48.54,Yes
15 years old,Male,10th grade,1.65,54.43,No
15 years old,Female,10th grade,1.68,58.97,Yes
15 years old,Female,10th grade,1.63,55.79,No
15 years old,Female,10th grade,1.65,58.97,Yes
15 years old,Female,10th grade,1.7,49.9,Yes
15 years old,Male,10th grade,1.78,117.94,No
15 years old,Male,10th grade,1.75,77.11,No
15 years old,Female,10th grade,1.63,48.08,No
15 years old,Female,10th grade,1.65,61.24,Yes
15 years old,Female,10th grade,1.6,58.97,No
16 years old,Male,11th grade,1.8,68.04,No
16 years old,Male,10th grade,1.85,65.77,No
16 years old,Male,11th grade,1.78,65.77,No
15 years old,Female,10th grade,1.55,83.92,Yes
15 years old,Female,10th grade,1.55,52.16,No
17 years old,Female,12th grade,1.55,68.04,No
15 years old,Female,10th grade,1.52,48.99,No
16 years old,Female,11th grade,1.57,63.05,No
15 years old,Male,10th grade,1.75,74.84,No
15 years old,Male,9th grade,1.7,80.74,No
16 years old,Male,11th grade,1.73,61.24,No
17 years old,Male,12th grade,1.68,70.31,No
17 years old,Male,12th grade,1.8,81.65,No
16 years old,Male,11th grade,1.78,72.58,No
15 years old,Male,10th grade,1.7,54.43,No
17 years old,Female,12th grade,1.57,59.88,Yes
16 years old,Male,10th grade,1.75,68.04,No
17 years old,Female,12th grade,1.75,53.07,No
17 years old,Female,12th grade,1.68,72.58,No
16 years old,Male,11th grade,1.83,70.31,No
17 years old,Male,12th grade,1.73,108.86,No
17 years old,Female,12th grade,1.55,63.5,No
17 years old,Male,12th grade,1.73,58.97,No
18 years old or older,Male,12th grade,1.8,90.72,No
17 years old,Female,12th grade,1.6,56.7,No
17 years old,Male,12th grade,1.73,65.77,Yes
17 years old,Male,12th grade,1.75,65.77,Yes
17 years old,Female,11th grade,1.65,63.5,No
17 years old,Female,12th grade,1.47,39.92,No
16 years old,Male,11th grade,1.65,56.7,No
17 years old,Female,12th grade,1.63,67.13,No
17 years old,Male,12th grade,1.83,136.08,No
17 years old,Male,11th grade,1.78,63.5,Yes
17 years old,Male,12th grade,1.8,79.38,No
16 years old,Male,11th grade,1.73,54.43,Yes
17 years old,Male,11th grade,1.85,56.7,No
16 years old,Male,11th grade,1.8,79.38,No
17 years old,Male,11th grade,1.7,74.84,Yes
16 years old,Female,11th grade,1.57,58.97,No
16 years old,Male,11th grade,1.8,67.59,No
16 years old,Female,11th grade,1.6,50.8,Yes
16 years old,Male,11th grade,1.8,61.69,No
16 years old,Female,11th grade,1.75,101.15,Yes
16 years old,Male,11th grade,1.57,56.7,Yes
17 years old,Male,11th grade,1.75,82.56,No
16 years old,Female,11th grade,1.5,49.44,No
16 years old,Female,11th grade,1.65,127.01,Yes
17 years old,Female,12th grade,1.6,52.16,No
16 years old,Male,11th grade,1.78,77.11,No
16 years old,Male,11th grade,1.75,63.5,Yes
17 years old,Male,11th grade,1.63,54.43,No
16 years old,Female,11th grade,1.65,77.11,Yes
16 years old,Male,11th grade,1.78,72.58,No
18 years old or older,Male,12th grade,1.88,104.33,No
18 years old or older,Male,12th grade,1.83,79.38,No
17 years old,Female,12th grade,1.68,68.04,No
18 years old or older,Male,12th grade,1.88,81.65,No
16 years old,Female,11th grade,1.63,57.61,No
14 years old,Male,9th grade,1.65,58.97,No
14 years old,Female,9th grade,1.5,54.43,Yes
14 years old,Male,9th grade,1.6,63.5,No
14 years old,Female,9th grade,1.73,57.61,Yes
14 years old,Male,9th grade,1.78,72.58,No
17 years old,Male,12th grade,1.78,56.7,No
14 years old,Female,9th grade,1.65,63.5,No
14 years old,Female,9th grade,1.55,47.63,No
14 years old,Male,9th grade,1.8,111.13,No
14 years old,Male,9th grade,1.93,110.68,No
15 years old,Male,9th grade,1.78,63.5,No
15 years old,Female,9th grade,1.63,50.8,No
16 years old,Male,10th grade,1.7,78.93,No
14 years old,Female,9th grade,1.68,49.9,No
15 years old,Female,9th grade,1.6,61.24,Yes
14 years old,Male,9th grade,1.57,48.99,Yes
14 years old,Male,9th grade,1.8,104.33,No
14 years old,Female,9th grade,1.6,81.19,No
14 years old,Female,9th grade,1.7,64.86,No
15 years old,Male,10th grade,1.85,83.92,Yes
16 years old,Female,10th grade,1.68,56.7,No
15 years old,Male,10th grade,1.75,70.76,No
15 years old,Female,10th grade,1.57,42.64,No
15 years old,Male,10th grade,1.78,68.95,No
16 years old,Male,10th grade,1.78,77.11,No
15 years old,Female,10th grade,1.63,58.97,No
15 years old,Female,10th grade,1.55,58.06,Yes
14 years old,Male,10th grade,1.8,95.26,No
15 years old,Male,10th grade,1.7,54.43,Yes
15 years old,Female,10th grade,1.65,61.24,No
15 years old,Female,10th grade,1.6,47.63,No
15 years old,Female,10th grade,1.57,49.9,Yes
15 years old,Male,10th grade,1.73,57.61,No
16 years old,Male,10th grade,1.75,58.97,No
16 years old,Female,10th grade,1.63,43.55,No
15 years old,Male,10th grade,1.8,61.24,No
15 years old,Female,10th grade,1.65,70.31,No
16 years old,Female,10th grade,1.68,58.51,No
15 years old,Female,9th grade,1.68,58.51,No
14 years old,Female,9th grade,1.68,67.59,No
16 years old,Male,11th grade,1.9,64.41,No
16 years old,Male,11th grade,1.73,49.9,No
15 years old,Male,10th grade,1.65,54.43,No
16 years old,Male,11th grade,1.9,80.74,No
15 years old,Male,10th grade,1.75,72.58,No
15 years old,Male,10th grade,1.78,68.04,No
15 years old,Female,10th grade,1.55,49.9,No
16 years old,Male,11th grade,1.7,98.88,No
14 years old,Male,9th grade,1.75,75.75,Yes
15 years old,Male,10th grade,1.7,52.16,No
14 years old,Male,9th grade,1.9,56.7,Yes
14 years old,Male,9th grade,1.78,77.11,No
14 years old,Male,9th grade,1.83,68.04,Yes
16 years old,Female,10th grade,1.63,49.9,No
15 years old,Female,9th grade,1.7,54.43,Yes
14 years old,Male,9th grade,1.83,63.96,Yes
15 years old,Male,10th grade,1.75,71.22,No
15 years old,Female,10th grade,1.55,49.9,No
16 years old,Male,11th grade,1.85,99.79,No
16 years old,Female,10th grade,1.57,59.42,No
16 years old,Female,10th grade,1.6,53.52,No
15 years old,Male,10th grade,1.85,58.97,No
16 years old,Female,10th grade,1.73,68.04,No
15 years old,Female,10th grade,1.5,41.73,Yes
15 years old,Female,10th grade,1.63,61.69,Yes
16 years old,Female,10th grade,1.52,46.27,No
16 years old,Female,11th grade,1.68,81.65,No
17 years old,Female,11th grade,1.68,71.22,No
15 years old,Female,10th grade,1.73,66.23,No
16 years old,Female,11th grade,1.6,54.43,No
15 years old,Female,10th grade,1.7,54.43,No
17 years old,Female,12th grade,1.65,60.33,No
15 years old,Female,10th grade,1.7,64.41,No
17 years old,Male,10th grade,1.78,95.26,No
16 years old,Female,11th grade,1.7,63.5,No
15 years old,Male,10th grade,1.78,78.47,No
16 years old,Female,11th grade,1.63,58.97,No
15 years old,Female,10th grade,1.6,52.16,No
17 years old,Female,12th grade,1.6,61.24,No
15 years old,Female,10th grade,1.65,48.99,No
15 years old,Female,10th grade,1.55,49.9,No
15 years old,Female,10th grade,1.68,56.7,No
16 years old,Female,11th grade,1.63,58.97,No
16 years old,Female,11th grade,1.63,54.43,No
16 years old,Female,10th grade,1.7,53.98,No
15 years old,Female,10th grade,1.7,61.24,No
16 years old,Female,11th grade,1.52,54.43,No
16 years old,Female,11th grade,1.63,62.6,No
16 years old,Male,10th grade,1.85,81.65,No
15 years old,Male,10th grade,1.57,52.16,No
17 years old,Female,11th grade,1.7,62.6,No
17 years old,Male,11th grade,1.75,61.24,No
15 years old,Male,10th grade,1.85,77.11,No
17 years old,Male,12th grade,1.63,46.72,No
16 years old,Female,11th grade,1.6,49.9,No
16 years old,Male,11th grade,1.78,68.04,No
17 years old,Male,11th grade,1.68,68.04,No
18 years old or older,Male,12th grade,1.78,77.11,No
16 years old,Female,11th grade,1.6,52.16,No
17 years old,Female,11th grade,1.73,61.24,No
16 years old,Female,11th grade,1.55,70.31,No
16 years old,Male,11th grade,1.65,45.36,Yes
16 years old,Female,10th grade,1.78,68.04,No
16 years old,Male,11th grade,1.8,65.77,No
16 years old,Female,11th grade,1.73,75.3,No
16 years old,Female,11th grade,1.68,63.5,Yes
16 years old,Female,11th grade,1.7,78.47,No
18 years old or older,Female,12th grade,1.63,58.97,No
15 years old,Male,10th grade,1.73,89.81,No
15 years old,Female,10th grade,1.65,49.44,No
15 years old,Female,10th grade,1.57,58.97,No
15 years old,Male,10th grade,1.83,61.24,No
15 years old,Female,10th grade,1.6,41.73,No
15 years old,Female,10th grade,1.73,62.14,No
15 years old,Male,10th grade,1.9,90.72,No
15 years old,Male,10th grade,1.98,113.4,No
15 years old,Female,10th grade,1.68,58.97,No
15 years old,Female,10th grade,1.7,61.24,No
15 years old,Female,10th grade,1.65,63.5,No
15 years old,Female,10th grade,1.57,47.63,No
15 years old,Male,10th grade,1.68,56.7,No
16 years old,Male,10th grade,1.85,113.4,No
17 years old,Female,12th grade,1.7,89.36,Yes
16 years old,Male,11th grade,1.8,126.1,No
17 years old,Female,11th grade,1.63,52.62,No
16 years old,Male,11th grade,1.83,64.86,No
15 years old,Male,9th grade,1.65,52.16,No
14 years old,Female,9th grade,1.73,47.63,No
14 years old,Male,9th grade,1.68,49.9,No
14 years old,Female,9th grade,1.6,58.97,No
15 years old,Male,9th grade,1.75,64.41,No
15 years old,Female,10th grade,1.68,52.16,No
15 years old,Male,10th grade,1.8,79.83,No
14 years old,Male,9th grade,1.7,72.58,No
14 years old,Female,9th grade,1.57,50.8,No
14 years old,Male,9th grade,1.8,78.93,No
14 years old,Female,9th grade,1.68,52.62,No
14 years old,Female,9th grade,1.65,56.7,Yes
14 years old,Female,9th grade,1.47,42.18,No
14 years old,Female,9th grade,1.78,59.88,No
14 years old,Male,9th grade,1.68,52.16,No
14 years old,Female,9th grade,1.6,49.9,No
14 years old,Female,9th grade,1.65,122.02,Yes
14 years old,Female,9th grade,1.6,54.43,No
17 years old,Male,11th grade,1.8,71.22,No
17 years old,Female,12th grade,1.57,65.77,No
14 years old,Male,9th grade,1.78,56.25,No
17 years old,Female,12th grade,1.63,51.71,Yes
17 years old,Female,11th grade,1.55,47.17,No
15 years old,Female,10th grade,1.63,53.07,Yes
17 years old,Female,12th grade,1.7,70.31,No
17 years old,Female,12th grade,1.6,70.31,No
17 years old,Male,11th grade,1.78,68.04,No
17 years old,Female,12th grade,1.63,52.16,No
16 years old,Female,11th grade,1.63,58.97,No
16 years old,Male,11th grade,1.88,95.26,No
16 years old,Female,10th grade,1.57,58.97,No
18 years old or older,Female,12th grade,1.7,77.11,No
15 years old,Female,10th grade,1.68,61.24,No
16 years old,Female,11th grade,1.75,63.5,No
14 years old,Male,9th grade,1.68,54.43,Yes
14 years old,Female,9th grade,1.63,44.91,Yes
16 years old,Female,11th grade,1.63,49.9,No
16 years old,Male,11th grade,1.68,53.98,No
14 years old,Male,9th grade,1.75,90.72,No
14 years old,Male,9th grade,1.68,96.62,No
14 years old,Male,9th grade,1.7,56.7,No
15 years old,Female,10th grade,1.73,90.72,Yes
15 years old,Female,9th grade,1.5,47.63,No
14 years old,Female,9th grade,1.68,68.04,Yes
15 years old,Female,9th grade,1.6,68.04,No
14 years old,Male,9th grade,1.73,81.65,No
15 years old,Male,9th grade,1.73,54.43,No
15 years old,Female,10th grade,1.52,44.45,No
14 years old,Female,9th grade,1.57,44.91,No
15 years old,Male,9th grade,1.83,74.84,No
15 years old,Male,9th grade,1.6,53.98,No
14 years old,Female,9th grade,1.55,81.65,No
14 years old,Female,9th grade,1.57,46.27,No
17 years old,Female,11th grade,1.8,54.43,No
14 years old,Male,9th grade,1.7,54.43,No
14 years old,Female,9th grade,1.68,97.52,No
16 years old,Male,11th grade,1.7,62.14,No
14 years old,Male,9th grade,1.65,47.63,No
14 years old,Female,9th grade,1.8,90.72,No
14 years old,Male,9th grade,1.85,83.01,No
14 years old,Male,9th grade,1.78,110.68,No
14 years old,Female,9th grade,1.68,65.77,No
14 years old,Female,9th grade,1.68,50.35,No
16 years old,Male,11th grade,1.8,63.5,No
15 years old,Male,10th grade,1.78,59.88,No
14 years old,Female,9th grade,1.63,54.43,No
14 years old,Male,9th grade,1.73,50.35,No
15 years old,Female,9th grade,1.7,57.61,Yes
17 years old,Male,12th grade,1.7,46.27,No
16 years old,Male,11th grade,1.8,79.38,No
16 years old,Female,11th grade,1.75,58.06,Yes
16 years old,Female,11th grade,1.6,72.58,No
16 years old,Male,11th grade,1.83,74.84,No
16 years old,Male,11th grade,1.78,95.26,Yes
16 years old,Female,11th grade,1.68,55.79,Yes
16 years old,Female,11th grade,1.73,58.97,No
16 years old,Male,11th grade,1.8,70.31,No
17 years old,Female,12th grade,1.57,122.47,No
17 years old,Male,11th grade,1.7,58.97,No
17 years old,Male,11th grade,1.7,61.24,No
16 years old,Female,11th grade,1.65,68.04,No
16 years old,Male,11th grade,1.73,92.99,No
15 years old,Female,10th grade,1.5,54.43,No
15 years old,Male,10th grade,1.68,54.43,No
15 years old,Male,10th grade,1.8,90.27,Yes
15 years old,Male,10th grade,1.75,86.18,Yes
15 years old,Female,10th grade,1.65,53.52,No
15 years old,Male,10th grade,1.78,54.43,No
15 years old,Male,10th grade,1.63,58.97,No
15 years old,Male,10th grade,1.78,61.24,No
15 years old,Female,10th grade,1.6,58.97,No
16 years old,Female,10th grade,1.63,57.61,No
15 years old,Female,10th grade,1.63,59.88,Yes
15 years old,Male,10th grade,1.73,63.5,No
15 years old,Female,10th grade,1.65,58.97,No
15 years old,Male,10th grade,1.65,45.36,No
15 years old,Female,10th grade,1.55,45.36,No
17 years old,Male,12th grade,1.8,74.84,No
17 years old,Male,12th grade,1.83,70.31,Yes
15 years old,Female,10th grade,1.68,58.97,No
18 years old or older,Male,12th grade,1.7,79.38,Yes
16 years old,Male,11th grade,1.85,74.39,No
16 years old,Female,11th grade,1.65,135.63,No
17 years old,Female,12th grade,1.68,54.43,No
15 years old,Female,10th grade,1.65,90.72,Yes
18 years old or older,Female,12th grade,1.63,79.38,No
15 years old,Female,10th grade,1.6,65.77,No
15 years old,Female,10th grade,1.7,77.11,No
16 years old,Female,11th grade,1.65,56.7,Yes
16 years old,Female,11th grade,1.63,58.06,Yes
16 years old,Male,11th grade,1.75,49.9,Yes
15 years old,Male,10th grade,1.78,65.77,No
15 years old,Female,10th grade,1.55,48.99,No
15 years old,Female,10th grade,1.57,52.16,No
15 years old,Female,10th grade,1.63,72.58,No
15 years old,Male,10th grade,1.8,95.26,No
15 years old,Male,10th grade,1.68,79.38,Yes
15 years old,Male,10th grade,1.78,86.18,No
16 years old,Male,10th grade,1.88,70.31,No
15 years old,Female,10th grade,1.68,58.06,No
15 years old,Male,10th grade,1.78,77.11,No
15 years old,Male,10th grade,1.93,103.42,No
16 years old,Male,10th grade,1.75,90.72,No
16 years old,Male,11th grade,1.85,117.94,No
15 years old,Female,10th grade,1.7,61.24,Yes
15 years old,Female,10th grade,1.6,45.36,No
15 years old,Male,10th grade,1.78,53.07,No
16 years old,Female,10th grade,1.5,40.82,No
16 years old,Female,11th grade,1.68,54.43,Yes
15 years old,Male,10th grade,1.55,47.63,Yes
15 years old,Male,10th grade,1.88,63.05,No
14 years old,Male,9th grade,1.8,63.5,No
15 years old,Male,9th grade,1.83,97.52,No
14 years old,Female,9th grade,1.57,57.61,Yes
14 years old,Female,9th grade,1.63,58.97,No
14 years old,Male,9th grade,1.73,79.38,Yes
14 years old,Female,9th grade,1.57,44.45,No
14 years old,Male,9th grade,1.8,92.53,No
14 years old,Male,9th grade,1.78,81.19,Yes
14 years old,Female,9th grade,1.55,40.82,No
14 years old,Male,9th grade,1.78,83.92,No
14 years old,Female,9th grade,1.78,83.92,Yes
15 years old,Male,10th grade,1.73,58.06,No
15 years old,Male,10th grade,1.68,56.7,No
14 years old,Male,9th grade,1.8,70.31,Yes
14 years old,Female,9th grade,1.68,69.4,No
16 years old,Male,10th grade,1.83,99.79,No
14 years old,Female,9th grade,1.57,52.16,Yes
14 years old,Female,9th grade,1.5,34.02,No
14 years old,Male,9th grade,1.7,70.31,No
14 years old,Female,9th grade,1.6,50.8,Yes
15 years old,Female,9th grade,1.7,63.5,No
14 years old,Male,9th grade,1.8,90.72,No
14 years old,Female,9th grade,1.7,72.58,No
14 years old,Female,9th grade,1.68,54.43,No
15 years old,Male,9th grade,1.65,50.35,No
14 years old,Male,9th grade,1.8,63.5,No
14 years old,Female,9th grade,1.52,45.36,No
14 years old,Female,9th grade,1.68,90.72,No
14 years old,Female,9th grade,1.73,54.43,No
15 years old,Male,10th grade,1.68,54.43,No
14 years old,Female,9th grade,1.55,41.73,Yes
14 years old,Female,9th grade,1.6,55.34,No
15 years old,Male,10th grade,1.7,59.42,No
14 years old,Female,9th grade,1.65,65.77,Yes
14 years old,Female,9th grade,1.63,55.79,Yes
14 years old,Female,9th grade,1.6,52.62,Yes
15 years old,Male,10th grade,1.7,56.7,No
16 years old,Female,11th grade,1.65,74.84,No
16 years old,Female,11th grade,1.63,99.79,No
15 years old,Female,10th grade,1.63,55.79,No
16 years old,Female,11th grade,1.6,62.14,Yes
17 years old,Female,12th grade,1.75,97.52,No
15 years old,Female,10th grade,1.68,68.04,No
17 years old,Female,12th grade,1.55,65.77,No
18 years old or older,Female,12th grade,1.68,74.84,Yes
15 years old,Female,10th grade,1.6,56.7,No
15 years old,Female,10th grade,1.63,52.16,No
15 years old,Female,10th grade,1.63,67.13,No
15 years old,Female,10th grade,1.73,54.43,No
16 years old,Female,11th grade,1.73,81.65,Yes
17 years old,Female,12th grade,1.63,50.8,Yes
17 years old,Male,12th grade,1.93,172.37,No
18 years old or older,Male,12th grade,1.73,62.14,No
17 years old,Male,12th grade,1.75,58.97,No
17 years old,Male,11th grade,1.83,81.19,No
16 years old,Male,11th grade,1.78,54.43,No
17 years old,Male,12th grade,2.03,108.86,Yes
16 years old,Female,11th grade,1.6,55.34,Yes
17 years old,Female,12th grade,1.68,61.24,No
18 years old or older,Male,12th grade,1.75,62.6,Yes
17 years old,Male,12th grade,1.78,61.24,No
15 years old,Female,10th grade,1.88,79.38,Yes
17 years old,Male,12th grade,1.73,131.54,No
16 years old,Female,11th grade,1.83,61.24,No
17 years old,Male,11th grade,1.8,81.65,No
16 years old,Male,11th grade,1.85,77.11,No
17 years old,Female,12th grade,1.55,48.99,No
17 years old,Female,12th grade,1.65,68.04,No
16 years old,Female,11th grade,1.6,52.16,No
14 years old,Female,9th grade,1.6,49.9,No
14 years old,Male,9th grade,1.78,78.47,No
14 years old,Male,9th grade,1.68,75.75,Yes
14 years old,Male,9th grade,1.73,74.84,No
14 years old,Female,9th grade,1.7,57.61,No
14 years old,Male,9th grade,1.73,54.43,Yes
14 years old,Female,9th grade,1.7,52.16,Yes
14 years old,Female,9th grade,1.68,54.43,No
14 years old,Female,9th grade,1.65,52.16,No
14 years old,Male,9th grade,1.78,69.4,No
14 years old,Male,9th grade,1.78,70.31,No
14 years old,Male,9th grade,1.73,55.34,No
14 years old,Female,9th grade,1.52,41.73,No
14 years old,Female,9th grade,1.65,52.16,Yes
14 years old,Male,9th grade,1.78,65.77,No
14 years old,Male,9th grade,1.7,68.95,No
16 years old,Female,11th grade,1.55,47.63,No
15 years old,Female,10th grade,1.6,72.58,No
15 years old,Male,10th grade,1.73,65.77,No
15 years old,Male,10th grade,1.8,54.43,No
15 years old,Male,10th grade,1.83,72.58,No
15 years old,Female,9th grade,1.88,74.84,No
14 years old,Male,9th grade,1.8,57.15,Yes
16 years old,Male,10th grade,1.78,62.6,No
14 years old,Male,9th grade,1.6,49.9,No
16 years old,Male,11th grade,1.8,80.74,Yes
15 years old,Male,10th grade,1.78,58.97,No
15 years old,Female,10th grade,1.63,58.97,No
15 years old,Female,10th grade,1.63,51.26,No
15 years old,Female,10th grade,1.6,49.9,No
16 years old,Male,10th grade,1.73,72.58,Yes
14 years old,Male,9th grade,1.88,88,No
16 years old,Female,11th grade,1.5,42.18,No
17 years old,Female,11th grade,1.68,45.36,No
17 years old,Male,12th grade,1.68,56.7,Yes
17 years old,Male,12th grade,1.83,65.32,No
15 years old,Female,10th grade,1.57,49.9,No
17 years old,Male,11th grade,1.88,83.92,No
14 years old,Male,9th grade,1.75,63.5,No
15 years old,Male,9th grade,1.65,49.9,No
15 years old,Female,10th grade,1.5,49.44,No
14 years old,Male,9th grade,1.78,83.92,Yes
14 years old,Female,9th grade,1.63,49.9,No
14 years old,Female,9th grade,1.57,56.7,No
14 years old,Male,9th grade,1.8,64.41,Yes
14 years old,Male,9th grade,1.52,37.65,No
16 years old,Female,11th grade,1.73,54.43,No
14 years old,Male,9th grade,1.85,90.72,Yes
15 years old,Male,10th grade,1.73,99.79,Yes
15 years old,Male,10th grade,1.8,52.16,No
15 years old,Female,10th grade,1.73,104.33,No
15 years old,Female,10th grade,1.45,56.7,No
15 years old,Female,10th grade,1.6,50.8,No
15 years old,Male,10th grade,1.83,69.4,No
15 years old,Male,10th grade,1.88,81.65,No
16 years old,Female,10th grade,1.57,61.24,No
16 years old,Male,11th grade,1.75,77.11,No
16 years old,Male,11th grade,1.9,113.4,No
16 years old,Male,11th grade,1.88,108.86,No
16 years old,Female,11th grade,1.65,72.58,No
16 years old,Female,11th grade,1.6,56.25,No
16 years old,Male,11th grade,1.8,108.86,No
17 years old,Female,12th grade,1.57,51.26,No
16 years old,Female,11th grade,1.63,54.43,No
17 years old,Female,11th grade,1.6,56.7,No
17 years old,Male,11th grade,1.78,72.58,Yes
17 years old,Female,11th grade,1.65,52.16,No
16 years old,Female,11th grade,1.63,77.11,No
16 years old,Female,11th grade,1.6,70.31,No
17 years old,Female,11th grade,1.57,56.25,No
16 years old,Female,11th grade,1.57,51.26,Yes
17 years old,Female,12th grade,1.7,77.11,No
17 years old,Male,12th grade,1.78,64.86,No
17 years old,Male,11th grade,1.7,74.39,No
17 years old,Male,12th grade,1.65,58.97,No
14 years old,Male,9th grade,1.75,62.14,Yes
14 years old,Male,9th grade,1.65,81.65,No
14 years old,Male,9th grade,1.73,61.69,No
14 years old,Male,9th grade,1.75,77.11,No
15 years old,Female,9th grade,1.65,58.97,Yes
14 years old,Male,9th grade,1.68,67.13,Yes
14 years old,Male,9th grade,1.8,65.32,No
14 years old,Male,9th grade,1.75,63.5,No
15 years old,Male,9th grade,1.8,67.13,Yes
14 years old,Male,9th grade,1.85,68.04,No
14 years old,Female,9th grade,1.52,54.43,No
14 years old,Male,9th grade,1.85,79.38,No
14 years old,Female,9th grade,1.6,92.99,Yes
14 years old,Male,9th grade,1.8,54.43,No
15 years old,Male,10th grade,1.73,64.41,No
15 years old,Male,10th grade,1.73,58.97,Yes
15 years old,Male,10th grade,1.7,59.42,No
16 years old,Female,10th grade,1.65,58.97,No
16 years old,Female,10th grade,1.7,71.67,No
15 years old,Female,10th grade,1.7,72.58,No
15 years old,Male,10th grade,1.73,63.5,No
15 years old,Male,10th grade,1.78,54.43,No
16 years old,Female,10th grade,1.73,62.14,No
15 years old,Male,10th grade,1.7,70.31,No
15 years old,Female,10th grade,1.55,47.63,No
15 years old,Male,10th grade,1.68,68.49,Yes
15 years old,Female,10th grade,1.68,62.14,No
15 years old,Male,10th grade,1.6,50.35,No
15 years old,Female,10th grade,1.6,53.07,Yes
15 years old,Female,10th grade,1.7,54.43,Yes
15 years old,Female,10th grade,1.6,48.99,No
16 years old,Female,10th grade,1.55,57.15,No
15 years old,Male,10th grade,1.7,59.42,No
18 years old or older,Male,12th grade,1.88,95.26,Yes
17 years old,Male,12th grade,1.73,49.9,No
17 years old,Female,12th grade,1.73,58.97,No
17 years old,Male,12th grade,1.83,79.83,Yes
17 years old,Male,12th grade,1.7,58.97,No
17 years old,Female,12th grade,1.6,49.9,No
17 years old,Female,12th grade,1.6,58.97,Yes
17 years old,Female,12th grade,1.63,72.58,Yes
18 years old or older,Female,12th grade,1.4,37.2,No
18 years old or older,Male,12th grade,1.78,58.97,No
17 years old,Female,12th grade,1.73,68.04,No
18 years old or older,Male,12th grade,1.8,88.45,No
16 years old,Female,11th grade,1.73,86.18,No
16 years old,Male,11th grade,1.75,62.6,No
16 years old,Male,11th grade,1.83,102.06,Yes
16 years old,Female,11th grade,1.55,58.97,No
16 years old,Female,11th grade,1.55,60.33,No
16 years old,Female,11th grade,1.5,61.24,Yes
16 years old,Male,11th grade,1.75,61.24,No
16 years old,Male,11th grade,1.88,71.22,No
16 years old,Male,11th grade,1.85,108.86,Yes
16 years old,Male,11th grade,1.73,62.6,No
16 years old,Male,11th grade,1.78,75.3,No
16 years old,Female,11th grade,1.7,61.69,No
16 years old,Male,11th grade,1.78,68.04,Yes
16 years old,Female,11th grade,1.65,70.31,No
16 years old,Female,11th grade,1.5,52.16,No
16 years old,Male,11th grade,1.8,54.43,No
17 years old,Male,11th grade,1.93,68.04,No
17 years old,Female,11th grade,1.55,58.06,Yes
15 years old,Female,9th grade,1.47,53.98,Yes
17 years old,Female,12th grade,1.57,90.72,No
17 years old,Female,11th grade,1.6,56.7,No
14 years old,Male,9th grade,1.5,72.58,No
18 years old or older,Female,12th grade,1.55,54.43,No
16 years old,Male,10th grade,1.85,101.61,No
15 years old,Female,10th grade,1.63,54.43,No
15 years old,Male,10th grade,1.78,86.18,No
15 years old,Male,10th grade,1.8,58.97,No
15 years old,Male,9th grade,1.78,61.24,No
14 years old,Male,9th grade,1.78,61.69,No
15 years old,Female,10th grade,1.6,47.63,No
15 years old,Female,10th grade,1.68,69.85,No
15 years old,Male,10th grade,1.93,72.58,No
14 years old,Female,9th grade,1.68,47.17,No
14 years old,Male,9th grade,1.7,40.82,Yes
15 years old,Female,10th grade,1.57,99.79,Yes
16 years old,Male,10th grade,1.75,56.7,No
14 years old,Male,9th grade,1.7,72.58,No
14 years old,Male,9th grade,1.85,68.95,No
15 years old,Female,10th grade,1.6,48.08,No
15 years old,Male,10th grade,1.78,49.9,Yes
15 years old,Male,10th grade,1.78,61.24,No
16 years old,Male,10th grade,1.68,63.5,No
16 years old,Male,10th grade,1.73,86.18,Yes
14 years old,Male,10th grade,1.73,63.05,No
15 years old,Female,10th grade,1.57,58.97,Yes
15 years old,Female,10th grade,1.88,68.04,Yes
15 years old,Female,10th grade,1.75,58.97,No
15 years old,Female,10th grade,1.6,56.7,No
15 years old,Male,10th grade,1.78,61.24,No
15 years old,Male,10th grade,1.83,68.04,No
15 years old,Male,10th grade,1.8,64.41,No
15 years old,Male,10th grade,1.68,72.58,No
15 years old,Female,10th grade,1.7,63.5,No
15 years old,Female,10th grade,1.65,60.78,No
15 years old,Female,10th grade,1.7,58.97,No
15 years old,Female,10th grade,1.6,56.7,No
15 years old,Female,10th grade,1.7,86.18,Yes
15 years old,Female,10th grade,1.65,68.04,No
15 years old,Male,10th grade,1.8,54.43,No
16 years old,Female,10th grade,1.6,60.78,No
15 years old,Female,10th grade,1.47,47.63,No
16 years old,Female,10th grade,1.65,61.24,No
15 years old,Male,10th grade,1.65,58.06,No
15 years old,Male,10th grade,1.88,72.58,Yes
15 years old,Female,10th grade,1.73,108.86,No
15 years old,Female,10th grade,1.65,50.8,No
17 years old,Female,12th grade,1.63,63.5,No
15 years old,Female,10th grade,1.65,55.79,Yes
15 years old,Female,10th grade,1.57,49.9,Yes
15 years old,Male,10th grade,1.7,56.7,No
15 years old,Female,10th grade,1.55,44,Yes
15 years old,Female,10th grade,1.68,61.24,Yes
16 years old,Male,11th grade,1.78,74.84,No
15 years old,Male,10th grade,1.78,66.68,No
15 years old,Female,10th grade,1.6,47.63,No
14 years old,Female,9th grade,1.65,48.08,No
15 years old,Female,9th grade,1.63,55.34,Yes
15 years old,Male,10th grade,1.83,79.38,No
14 years old,Male,9th grade,1.73,58.97,Yes
14 years old,Female,9th grade,1.63,54.43,No
14 years old,Male,9th grade,1.68,65.77,No
15 years old,Male,10th grade,1.8,70.31,No
14 years old,Female,9th grade,1.7,131.54,No
14 years old,Male,9th grade,1.75,61.69,No
14 years old,Male,9th grade,1.7,68.49,No
14 years old,Male,9th grade,1.68,56.7,No
14 years old,Male,9th grade,1.65,53.98,No
15 years old,Male,9th grade,1.7,68.04,No
15 years old,Male,9th grade,1.73,43.55,No
15 years old,Male,10th grade,1.65,54.43,No
14 years old,Male,9th grade,1.8,64.86,No
14 years old,Male,9th grade,1.96,90.72,No
16 years old,Male,11th grade,1.68,113.4,No
16 years old,Female,11th grade,1.5,47.63,No
16 years old,Male,11th grade,1.83,59.88,No
16 years old,Male,11th grade,1.88,57.15,No
16 years old,Male,11th grade,1.85,83.92,No
16 years old,Male,11th grade,1.75,72.58,Yes
16 years old,Female,11th grade,1.63,52.16,No
17 years old,Female,11th grade,1.7,68.04,Yes
16 years old,Male,11th grade,1.88,88.45,No
16 years old,Male,11th grade,1.78,65.77,No
16 years old,Male,11th grade,1.9,85.28,No
16 years old,Male,11th grade,1.78,65.77,No
16 years old,Male,11th grade,1.8,68.04,No
16 years old,Male,11th grade,1.75,58.97,No
16 years old,Male,11th grade,1.8,63.5,No
16 years old,Male,11th grade,1.83,70.31,Yes
16 years old,Female,11th grade,1.65,99.79,No
17 years old,Female,12th grade,1.68,99.79,No
17 years old,Male,12th grade,1.88,79.38,No
16 years old,Female,11th grade,1.7,65.77,No
16 years old,Male,11th grade,1.7,85.73,Yes
18 years old or older,Male,12th grade,1.85,140.62,No
15 years old,Male,10th grade,1.57,38.56,Yes
18 years old or older,Male,12th grade,1.8,90.72,No
17 years old,Male,11th grade,1.93,49.44,No
15 years old,Male,10th grade,1.68,52.16,Yes
17 years old,Female,11th grade,1.75,53.98,No
17 years old,Male,12th grade,1.78,101.61,No
16 years old,Male,11th grade,1.8,74.84,No
16 years old,Female,11th grade,1.7,63.5,Yes
17 years old,Female,12th grade,1.7,59.88,No
17 years old,Female,12th grade,1.63,48.99,No
17 years old,Female,12th grade,1.7,75.3,No
17 years old,Male,12th grade,1.83,120.2,Yes
17 years old,Female,12th grade,1.6,56.25,Yes
17 years old,Female,12th grade,1.57,52.62,No
17 years old,Male,12th grade,1.68,58.97,No
18 years old or older,Female,12th grade,1.55,54.43,Yes
17 years old,Female,12th grade,1.7,81.65,No
16 years old,Male,11th grade,1.8,82.56,No
17 years old,Female,12th grade,1.65,63.5,No
15 years old,Female,10th grade,1.73,64.41,No
16 years old,Female,11th grade,1.5,45.81,No
17 years old,Female,12th grade,1.6,56.7,Yes
18 years old or older,Female,12th grade,1.63,45.36,No
17 years old,Female,12th grade,1.65,58.97,No
17 years old,Female,12th grade,1.57,61.24,No
17 years old,Male,12th grade,1.78,68.04,No
16 years old,Male,11th grade,1.68,86.18,No
16 years old,Female,11th grade,1.65,58.97,Yes
16 years old,Male,11th grade,1.78,78.93,No
16 years old,Male,11th grade,1.85,112.04,Yes
16 years old,Male,11th grade,1.83,79.38,No
16 years old,Male,11th grade,1.7,95.26,No
16 years old,Female,11th grade,1.75,72.58,Yes
16 years old,Male,11th grade,1.85,74.84,Yes
16 years old,Male,11th grade,1.68,56.7,No
17 years old,Male,12th grade,1.65,79.38,No
17 years old,Male,11th grade,1.8,95.26,No
16 years old,Male,11th grade,1.78,86.18,No
16 years old,Male,11th grade,1.7,58.97,No
15 years old,Male,10th grade,1.73,47.63,No
14 years old,Male,10th grade,1.8,49.9,No
15 years old,Female,10th grade,1.5,58.97,No
15 years old,Female,10th grade,1.65,58.97,Yes
15 years old,Female,10th grade,1.65,63.5,No
15 years old,Female,10th grade,1.52,42.64,Yes
16 years old,Male,10th grade,1.85,92.99,No
15 years old,Female,10th grade,1.63,53.52,No
15 years old,Female,10th grade,1.78,63.5,No
15 years old,Female,10th grade,1.7,55.79,No
16 years old,Female,10th grade,1.63,52.16,No
15 years old,Female,10th grade,1.65,70.31,No
15 years old,Female,10th grade,1.65,52.16,No
15 years old,Male,10th grade,1.75,68.04,No
15 years old,Female,10th grade,1.6,65.77,Yes
15 years old,Male,10th grade,1.83,56.7,No
15 years old,Female,10th grade,1.73,56.25,No
15 years old,Female,10th grade,1.57,58.06,No
15 years old,Female,10th grade,1.63,79.38,No
15 years old,Male,10th grade,1.75,77.11,No
15 years old,Male,10th grade,1.73,62.6,No
15 years old,Male,10th grade,1.8,63.05,No
15 years old,Male,10th grade,1.8,65.77,No
15 years old,Male,10th grade,1.73,60.33,No
16 years old,Female,11th grade,1.65,56.7,No
16 years old,Female,11th grade,1.7,58.97,No
16 years old,Male,11th grade,1.65,61.24,No
16 years old,Female,11th grade,1.63,56.7,Yes
16 years old,Male,11th grade,1.73,52.16,No
16 years old,Male,11th grade,1.93,86.18,No
15 years old,Female,11th grade,1.68,108.86,No
16 years old,Female,11th grade,1.68,56.7,No
16 years old,Female,11th grade,1.63,55.34,No
16 years old,Male,11th grade,1.7,64.86,No
16 years old,Female,11th grade,1.65,58.97,No
16 years old,Female,11th grade,1.63,54.43,No
17 years old,Female,12th grade,1.65,68.04,No
17 years old,Female,12th grade,1.63,54.43,No
16 years old,Male,11th grade,1.88,74.84,Yes
15 years old,Female,10th grade,1.68,57.61,No
17 years old,Male,12th grade,1.73,63.5,No
16 years old,Female,11th grade,1.7,55.79,No
15 years old,Female,10th grade,1.63,95.26,Yes
15 years old,Female,10th grade,1.68,61.24,Yes
15 years old,Female,10th grade,1.55,52.16,Yes
15 years old,Female,10th grade,1.75,138.35,No
15 years old,Male,10th grade,1.8,62.14,No
15 years old,Male,10th grade,1.7,57.15,No
16 years old,Female,10th grade,1.5,38.56,No
15 years old,Female,10th grade,1.7,56.7,No
15 years old,Female,10th grade,1.8,45.36,No
15 years old,Female,10th grade,1.57,51.26,Yes
15 years old,Female,10th grade,1.6,57.61,No
16 years old,Female,10th grade,1.63,67.59,Yes
15 years old,Female,10th grade,1.68,58.97,No
15 years old,Male,10th grade,1.78,63.5,No
17 years old,Male,12th grade,1.83,66.68,No
17 years old,Male,12th grade,1.68,49.9,No
16 years old,Female,11th grade,1.65,65.77,Yes
16 years old,Male,11th grade,1.68,68.04,No
16 years old,Male,11th grade,1.68,58.97,No
17 years old,Male,11th grade,1.83,68.04,Yes
16 years old,Male,11th grade,1.78,65.77,No
17 years old,Female,11th grade,1.68,54.43,No
17 years old,Female,12th grade,1.57,56.25,No
16 years old,Male,11th grade,1.88,63.5,No
16 years old,Female,11th grade,1.6,72.12,No
17 years old,Female,11th grade,1.6,53.52,No
16 years old,Male,11th grade,1.8,74.84,No
17 years old,Male,12th grade,1.8,70.31,No
16 years old,Female,11th grade,1.57,58.51,No
16 years old,Male,11th grade,1.73,70.31,Yes
17 years old,Female,12th grade,1.65,49.9,No
17 years old,Female,12th grade,1.55,55.79,Yes
17 years old,Female,12th grade,1.65,74.84,No
17 years old,Female,12th grade,1.63,73.48,No
17 years old,Female,12th grade,1.68,119.75,No
16 years old,Female,11th grade,1.57,88.45,No
17 years old,Female,12th grade,1.75,49.9,Yes
16 years old,Male,11th grade,1.8,72.58,No
16 years old,Male,11th grade,1.96,72.58,Yes
16 years old,Male,11th grade,1.78,79.38,No
16 years old,Female,11th grade,1.83,70.31,No
16 years old,Male,11th grade,1.8,66.68,Yes
17 years old,Male,12th grade,1.88,95.26,No
17 years old,Male,12th grade,1.83,180.99,No
16 years old,Male,11th grade,1.68,74.84,No
15 years old,Female,10th grade,1.7,68.04,Yes
14 years old,Female,9th grade,1.68,53.52,Yes
14 years old,Female,9th grade,1.63,56.7,No
15 years old,Female,10th grade,1.57,66.23,Yes
16 years old,Male,11th grade,1.83,77.11,No
14 years old,Female,9th grade,1.52,45.81,Yes
14 years old,Male,9th grade,1.83,131.54,No
15 years old,Female,10th grade,1.65,61.24,No
14 years old,Female,9th grade,1.8,68.04,No
14 years old,Female,9th grade,1.68,48.54,No
14 years old,Female,9th grade,1.5,48.54,No
14 years old,Female,9th grade,1.68,58.97,No
15 years old,Female,10th grade,1.68,51.71,No
14 years old,Male,9th grade,1.68,77.11,No
14 years old,Male,9th grade,1.7,58.97,No
16 years old,Male,10th grade,1.85,71.67,No
14 years old,Male,9th grade,1.68,47.63,No
14 years old,Female,9th grade,1.75,54.43,Yes
14 years old,Male,9th grade,1.8,91.17,No
17 years old,Male,12th grade,1.75,99.79,No
15 years old,Male,10th grade,1.73,62.6,No
15 years old,Female,10th grade,1.6,56.7,No
14 years old,Female,9th grade,1.57,55.79,No
15 years old,Male,10th grade,1.73,72.58,No
14 years old,Male,9th grade,1.65,52.16,No
14 years old,Male,9th grade,1.73,72.58,No
17 years old,Male,12th grade,1.7,75.75,No
14 years old,Male,9th grade,1.55,77.57,No
15 years old,Male,10th grade,1.8,68.04,Yes
15 years old,Male,10th grade,1.7,72.58,No
15 years old,Male,10th grade,1.75,69.4,Yes
15 years old,Male,10th grade,1.6,52.16,No
15 years old,Female,10th grade,1.52,59.88,No
15 years old,Female,10th grade,1.55,57.61,No
15 years old,Male,10th grade,1.88,68.04,No
15 years old,Male,10th grade,1.8,113.4,Yes
15 years old,Female,10th grade,1.57,43.09,No
15 years old,Female,10th grade,1.63,71.67,No
15 years old,Male,10th grade,1.8,64.41,Yes
15 years old,Male,10th grade,1.8,71.67,No
15 years old,Male,10th grade,1.75,58.97,No
15 years old,Female,10th grade,1.65,53.52,No
15 years old,Male,10th grade,1.78,61.24,No
15 years old,Female,10th grade,1.73,65.77,No
15 years old,Female,10th grade,1.5,77.11,Yes
16 years old,Female,11th grade,1.7,49.9,Yes
15 years old,Male,10th grade,1.7,54.43,Yes
16 years old,Female,10th grade,1.63,54.43,No
15 years old,Male,10th grade,1.8,70.31,Yes
16 years old,Female,10th grade,1.75,58.97,No
14 years old,Male,9th grade,1.7,51.71,No
14 years old,Female,9th grade,1.75,63.5,No
14 years old,Female,9th grade,1.73,53.52,Yes
14 years old,Male,9th grade,1.75,76.66,No
14 years old,Female,9th grade,1.55,36.74,No
14 years old,Male,9th grade,1.75,66.23,No
14 years old,Female,9th grade,1.55,46.72,Yes
14 years old,Female,9th grade,1.65,54.43,No
14 years old,Male,9th grade,1.9,87.54,No
14 years old,Male,9th grade,1.63,45.36,No
14 years old,Female,9th grade,1.6,53.07,No
14 years old,Male,9th grade,1.7,65.77,No
15 years old,Male,9th grade,1.85,113.4,No
14 years old,Female,9th grade,1.63,52.62,No
14 years old,Male,9th grade,1.78,63.5,No
14 years old,Male,9th grade,1.8,74.84,No
14 years old,Female,9th grade,1.7,74.39,No
14 years old,Male,9th grade,1.65,49.9,No
14 years old,Male,9th grade,1.68,58.97,No
14 years old,Male,9th grade,1.68,61.24,No
14 years old,Male,9th grade,1.75,59.42,No
15 years old,Female,9th grade,1.55,48.08,No
16 years old,Male,10th grade,1.78,63.5,No
17 years old,Male,12th grade,1.65,61.24,No
17 years old,Female,12th grade,1.7,64.86,No
16 years old,Female,11th grade,1.7,58.97,No
15 years old,Male,10th grade,1.8,73.94,No
16 years old,Female,11th grade,1.63,54.43,No
17 years old,Female,12th grade,1.6,53.52,No
16 years old,Female,11th grade,1.5,45.36,No
17 years old,Male,12th grade,1.93,83.92,No
17 years old,Male,12th grade,1.68,65.77,No
14 years old,Male,10th grade,1.78,77.57,No
17 years old,Male,11th grade,1.8,68.04,No
15 years old,Female,10th grade,1.6,54.43,No
17 years old,Male,12th grade,1.78,74.84,No
17 years old,Female,12th grade,1.75,61.24,No
15 years old,Female,10th grade,1.52,46.72,No
16 years old,Male,11th grade,1.9,86.18,No
16 years old,Female,11th grade,1.68,54.43,No
16 years old,Male,11th grade,1.75,54.43,No
16 years old,Male,11th grade,1.75,92.99,No
16 years old,Male,11th grade,1.75,65.77,No
16 years old,Male,11th grade,1.8,76.66,No
17 years old,Female,11th grade,1.65,58.97,No
18 years old or older,Male,12th grade,1.8,86.18,No
18 years old or older,Male,12th grade,1.9,88.45,No
16 years old,Female,11th grade,1.68,56.7,No
16 years old,Male,11th grade,1.73,58.97,No
16 years old,Female,11th grade,1.73,58.97,No
16 years old,Male,11th grade,1.75,70.31,No
16 years old,Male,11th grade,1.7,77.11,No
17 years old,Female,11th grade,1.63,58.97,No
16 years old,Male,11th grade,1.88,81.65,Yes
17 years old,Female,12th grade,1.6,58.97,No
16 years old,Male,11th grade,1.78,56.7,No
16 years old,Female,11th grade,1.7,58.97,No
16 years old,Male,11th grade,1.83,65.32,No
16 years old,Male,11th grade,1.85,90.72,No
16 years old,Female,11th grade,1.68,54.43,Yes
17 years old,Male,12th grade,1.8,95.26,No
16 years old,Female,11th grade,1.8,108.86,No
17 years old,Male,12th grade,1.83,69.85,No
14 years old,Male,10th grade,1.83,63.5,No
15 years old,Male,10th grade,1.75,73.94,No
15 years old,Female,10th grade,1.5,68.04,No
15 years old,Male,10th grade,1.68,49.9,No
15 years old,Male,10th grade,1.73,66.68,No
15 years old,Female,10th grade,1.63,49.9,No
16 years old,Female,10th grade,1.57,52.16,No
15 years old,Male,10th grade,1.75,70.31,No
17 years old,Female,12th grade,1.6,44.45,No
15 years old,Male,10th grade,1.73,63.05,No
15 years old,Male,10th grade,1.85,90.72,No
16 years old,Male,10th grade,1.85,71.67,Yes
17 years old,Female,12th grade,1.7,82.1,No
16 years old,Male,11th grade,1.73,65.77,No
15 years old,Male,10th grade,1.83,66.23,No
15 years old,Male,10th grade,1.83,68.04,No
15 years old,Male,10th grade,1.73,64.41,No
15 years old,Male,10th grade,1.7,65.77,No
16 years old,Male,10th grade,1.63,68.04,No
15 years old,Female,10th grade,1.55,46.27,No
15 years old,Female,10th grade,1.68,46.72,No
15 years old,Female,10th grade,1.6,64.41,No
15 years old,Male,10th grade,1.8,71.67,No
16 years old,Female,11th grade,1.78,56.7,Yes
17 years old,Female,12th grade,1.57,63.5,No
17 years old,Male,12th grade,1.75,68.04,No
16 years old,Male,11th grade,1.85,79.38,No
14 years old,Male,9th grade,1.68,48.99,Yes
14 years old,Female,9th grade,1.5,41.28,No
14 years old,Male,9th grade,1.65,52.62,No
15 years old,Female,9th grade,1.6,58.97,No
15 years old,Male,9th grade,1.68,72.58,Yes
14 years old,Male,9th grade,1.88,52.16,Yes
14 years old,Male,9th grade,1.7,49.9,No
14 years old,Female,9th grade,1.68,68.04,Yes
14 years old,Female,9th grade,1.5,43.09,No
14 years old,Male,9th grade,1.52,47.63,No
14 years old,Male,9th grade,1.65,45.36,No
14 years old,Female,10th grade,1.63,44.45,No
16 years old,Male,11th grade,1.83,74.84,No
14 years old,Male,9th grade,1.73,53.52,No
16 years old,Male,10th grade,1.78,88.45,Yes
16 years old,Male,10th grade,1.75,66.23,No
15 years old,Female,10th grade,1.55,75.75,No
16 years old,Male,11th grade,1.78,58.97,No
15 years old,Male,9th grade,1.55,77.11,Yes
16 years old,Male,11th grade,1.63,49.9,Yes
18 years old or older,Female,12th grade,1.63,68.04,No
15 years old,Male,10th grade,1.88,83.46,No
14 years old,Female,9th grade,1.63,86.18,Yes
14 years old,Female,9th grade,1.73,54.43,No
15 years old,Female,9th grade,1.7,50.8,No
14 years old,Female,9th grade,1.6,43.09,No
15 years old,Female,10th grade,1.73,47.63,Yes
14 years old,Female,9th grade,1.63,48.99,No
15 years old,Male,9th grade,1.65,74.39,Yes
15 years old,Male,9th grade,1.7,49.9,No
14 years old,Male,9th grade,1.85,71.22,No
14 years old,Male,9th grade,1.75,72.58,No
14 years old,Male,9th grade,1.75,70.31,No
14 years old,Female,9th grade,1.6,57.15,Yes
16 years old,Male,10th grade,1.68,58.51,Yes
14 years old,Male,9th grade,1.75,63.5,No
16 years old,Male,10th grade,1.85,63.5,No
14 years old,Male,9th grade,1.9,90.72,No
17 years old,Male,12th grade,1.73,52.16,No
14 years old,Male,9th grade,1.7,78.93,No
15 years old,Male,9th grade,1.78,76.66,No
15 years old,Male,9th grade,1.75,79.38,No
16 years old,Male,11th grade,1.73,86.18,No
14 years old,Female,9th grade,1.63,61.24,No
15 years old,Female,9th grade,1.7,70.31,No
17 years old,Female,10th grade,1.6,63.5,No
16 years old,Male,11th grade,1.9,72.58,Yes
15 years old,Female,10th grade,1.6,52.16,No
15 years old,Female,10th grade,1.7,58.97,No
14 years old,Male,9th grade,1.73,68.04,No
14 years old,Male,9th grade,1.73,58.97,No
14 years old,Female,9th grade,1.6,47.17,No
14 years old,Male,9th grade,1.68,57.61,Yes
14 years old,Male,9th grade,1.85,79.38,No
15 years old,Male,9th grade,1.7,52.16,No
14 years old,Male,9th grade,1.83,69.85,No
14 years old,Female,9th grade,1.7,47.63,No
15 years old,Female,10th grade,1.6,40.82,No
14 years old,Female,9th grade,1.6,38.56,No
14 years old,Male,9th grade,1.7,49.44,No
14 years old,Female,9th grade,1.57,56.7,No
15 years old,Female,10th grade,1.68,53.98,No
16 years old,Male,11th grade,1.85,83.92,Yes
16 years old,Female,10th grade,1.65,58.97,No
16 years old,Female,11th grade,1.7,56.7,No
15 years old,Female,10th grade,1.57,49.9,No
17 years old,Female,12th grade,1.6,54.43,Yes
15 years old,Male,10th grade,1.68,83.46,No
16 years old,Female,11th grade,1.65,50.8,No
15 years old,Male,10th grade,1.83,62.6,Yes
17 years old,Male,12th grade,1.73,56.7,No
14 years old,Male,9th grade,1.65,63.5,No
14 years old,Female,9th grade,1.6,52.16,Yes
16 years old,Female,11th grade,1.6,58.97,No
14 years old,Male,9th grade,1.73,54.89,No
16 years old,Male,11th grade,1.83,99.79,No
14 years old,Female,9th grade,1.52,81.65,No
17 years old,Male,12th grade,1.88,79.38,No
17 years old,Male,12th grade,1.9,81.65,No
17 years old,Female,11th grade,1.63,48.99,Yes
16 years old,Female,10th grade,1.7,58.51,No
16 years old,Male,11th grade,1.73,58.97,No
16 years old,Female,11th grade,1.6,56.7,No
16 years old,Female,11th grade,1.6,83.92,No
16 years old,Female,11th grade,1.7,55.79,No
17 years old,Female,11th grade,1.57,46.27,No
16 years old,Male,11th grade,1.68,57.15,No
15 years old,Male,10th grade,1.63,56.7,No
18 years old or older,Female,12th grade,1.52,49.9,No
16 years old,Female,10th grade,1.65,58.97,No
17 years old,Male,12th grade,1.68,52.16,Yes
17 years old,Female,12th grade,1.63,53.07,Yes
16 years old,Female,11th grade,1.68,56.7,No
17 years old,Female,12th grade,1.65,56.7,No
15 years old,Male,10th grade,1.83,64.86,Yes
17 years old,Male,12th grade,1.78,74.84,No
16 years old,Male,11th grade,1.73,83.46,No
17 years old,Male,11th grade,1.78,92.99,No
16 years old,Female,11th grade,1.55,50.8,No
16 years old,Male,11th grade,1.75,59.88,No
16 years old,Female,11th grade,1.55,43.55,No
16 years old,Female,11th grade,1.63,77.11,No
17 years old,Male,11th grade,1.78,72.58,No
16 years old,Male,11th grade,1.73,50.8,No
16 years old,Female,11th grade,1.55,61.24,No
16 years old,Male,11th grade,1.73,56.7,Yes
16 years old,Male,11th grade,1.8,71.22,No
17 years old,Female,11th grade,1.78,77.11,No
16 years old,Female,11th grade,1.63,47.63,No
16 years old,Female,11th grade,1.47,58.97,Yes
17 years old,Female,11th grade,1.5,41.28,No
16 years old,Female,11th grade,1.63,61.24,No
16 years old,Female,11th grade,1.52,81.65,Yes
16 years old,Male,11th grade,1.73,68.04,No
16 years old,Male,11th grade,1.68,60.33,No
16 years old,Female,11th grade,1.68,64.86,No
16 years old,Female,11th grade,1.73,81.65,No
16 years old,Male,11th grade,1.83,77.57,Yes
18 years old or older,Female,12th grade,1.52,43.09,Yes
16 years old,Female,11th grade,1.7,63.5,No
17 years old,Female,11th grade,1.78,65.77,Yes
15 years old,Male,10th grade,1.7,56.7,No
15 years old,Female,10th grade,1.63,52.16,No
14 years old,Male,9th grade,1.73,50.35,No
14 years old,Male,9th grade,1.68,86.18,No
15 years old,Male,10th grade,1.78,122.47,Yes
14 years old,Male,9th grade,1.75,60.33,No
14 years old,Male,9th grade,1.8,77.11,Yes
14 years old,Female,9th grade,1.63,48.99,No
16 years old,Male,10th grade,1.7,54.43,No
14 years old,Female,9th grade,1.6,49.9,Yes
14 years old,Male,9th grade,1.73,90.72,Yes
14 years old,Female,9th grade,1.73,125.65,No
16 years old,Female,11th grade,1.65,65.32,No
14 years old,Male,9th grade,1.73,64.41,No
15 years old,Female,10th grade,1.75,64.41,No
14 years old,Female,9th grade,1.7,95.26,No
15 years old,Female,10th grade,1.63,50.8,No
17 years old,Female,12th grade,1.7,88.91,Yes
14 years old,Male,9th grade,1.6,40.82,No
14 years old,Male,9th grade,1.73,57.61,No
15 years old,Male,10th grade,1.78,63.5,No
16 years old,Female,11th grade,1.65,54.43,No
14 years old,Female,9th grade,1.55,55.79,No
16 years old,Male,11th grade,1.7,86.18,No
14 years old,Female,9th grade,1.55,52.16,No
16 years old,Male,11th grade,1.65,64.41,No
14 years old,Male,9th grade,1.75,56.7,No
17 years old,Male,12th grade,1.83,76.2,No
17 years old,Male,11th grade,1.73,49.9,No
14 years old,Male,9th grade,1.68,70.76,Yes
14 years old,Male,9th grade,1.78,76.66,No
15 years old,Male,10th grade,1.83,77.11,No
15 years old,Female,10th grade,1.63,47.63,No
16 years old,Male,11th grade,1.7,58.06,No
16 years old,Male,10th grade,1.65,74.84,No
15 years old,Female,10th grade,1.6,45.36,No
16 years old,Male,10th grade,1.65,58.06,No
15 years old,Male,10th grade,1.68,56.25,No
16 years old,Male,10th grade,1.75,57.15,No
15 years old,Female,10th grade,1.6,54.43,No
15 years old,Female,10th grade,1.52,48.99,No
15 years old,Male,10th grade,1.75,58.97,No
16 years old,Female,10th grade,1.65,72.58,No
15 years old,Male,10th grade,1.7,68.95,No
16 years old,Male,10th grade,1.7,67.13,No
15 years old,Male,10th grade,1.78,68.04,No
16 years old,Female,10th grade,1.6,58.97,No
15 years old,Female,10th grade,1.68,68.95,No
15 years old,Male,10th grade,1.65,50.35,No
15 years old,Male,10th grade,1.65,58.97,No
15 years old,Male,10th grade,1.78,60.78,No
15 years old,Male,10th grade,1.75,58.97,No
15 years old,Female,10th grade,1.63,56.7,No
15 years old,Female,10th grade,1.63,61.24,No
16 years old,Female,10th grade,1.7,104.33,No
15 years old,Female,10th grade,1.63,83.46,No
15 years old,Female,10th grade,1.57,44,Yes
14 years old,Female,9th grade,1.63,41.73,No
14 years old,Female,9th grade,1.6,68.04,Yes
15 years old,Female,10th grade,1.68,54.43,No
15 years old,Male,9th grade,1.68,63.96,No
14 years old,Female,9th grade,1.6,53.52,Yes
15 years old,Male,10th grade,1.88,127.01,No
15 years old,Female,10th grade,1.6,72.58,No
14 years old,Female,9th grade,1.63,45.36,No
15 years old,Male,10th grade,1.73,58.97,No
16 years old,Female,10th grade,1.37,45.36,Yes
15 years old,Female,10th grade,1.52,54.43,No
16 years old,Male,11th grade,1.9,65.77,No
15 years old,Female,9th grade,1.52,45.36,No
17 years old,Male,12th grade,1.73,83.92,No
16 years old,Male,10th grade,1.57,55.79,No
18 years old or older,Male,11th grade,1.73,54.43,No
14 years old,Male,9th grade,1.78,76.66,No
14 years old,Male,9th grade,1.68,77.57,No
15 years old,Female,10th grade,1.65,86.18,No
15 years old,Female,10th grade,1.57,72.58,No
15 years old,Male,10th grade,1.6,68.04,No
16 years old,Male,10th grade,1.83,58.97,No
15 years old,Male,10th grade,1.6,52.16,No
15 years old,Male,10th grade,1.68,81.65,No
16 years old,Female,10th grade,1.57,45.36,No
15 years old,Female,10th grade,1.6,49.9,No
16 years old,Male,11th grade,1.85,63.5,No
15 years old,Female,10th grade,1.57,58.51,No
16 years old,Male,10th grade,1.75,65.77,Yes
16 years old,Female,10th grade,1.68,77.11,No
15 years old,Male,10th grade,1.88,122.47,No
15 years old,Female,10th grade,1.57,54.43,No
15 years old,Male,10th grade,1.8,71.67,No
16 years old,Male,10th grade,1.63,59.88,No
15 years old,Male,10th grade,1.6,54.43,No
15 years old,Male,10th grade,1.78,79.83,No
15 years old,Male,10th grade,1.68,72.58,Yes
16 years old,Male,11th grade,1.8,68.04,No
15 years old,Male,10th grade,1.75,64.41,No
16 years old,Male,11th grade,1.83,97.52,Yes
18 years old or older,Male,12th grade,1.96,97.52,No
16 years old,Male,11th grade,1.78,65.77,No
14 years old,Male,9th grade,1.57,54.43,No
16 years old,Female,11th grade,1.6,58.06,No
14 years old,Male,9th grade,1.75,90.27,No
14 years old,Female,9th grade,1.52,49.9,Yes
17 years old,Male,11th grade,1.7,49.9,No
16 years old,Male,11th grade,1.8,63.5,Yes
17 years old,Female,12th grade,1.6,64.86,No
16 years old,Male,11th grade,1.75,82.1,No
17 years old,Male,12th grade,1.83,117.94,No
17 years old,Male,11th grade,1.78,63.5,No
14 years old,Male,9th grade,1.78,68.04,No
15 years old,Male,10th grade,1.93,90.27,No
14 years old,Male,9th grade,1.75,88.45,No
17 years old,Male,12th grade,1.88,70.31,No
15 years old,Female,10th grade,1.52,51.26,No
16 years old,Female,10th grade,1.55,45.36,No
15 years old,Male,10th grade,1.75,61.24,No
16 years old,Male,10th grade,1.73,63.5,No
15 years old,Male,11th grade,1.78,63.5,No
15 years old,Female,10th grade,1.57,54.43,No
15 years old,Female,10th grade,1.63,82.56,No
15 years old,Male,10th grade,1.68,76.2,No
16 years old,Female,10th grade,1.65,96.16,No
15 years old,Female,10th grade,1.6,68.04,No
16 years old,Female,10th grade,1.65,102.51,No
15 years old,Male,10th grade,1.73,90.72,No
14 years old,Male,9th grade,1.68,48.54,No
15 years old,Female,9th grade,1.8,56.7,No
15 years old,Male,9th grade,1.7,61.24,No
15 years old,Female,9th grade,1.57,89.81,No
17 years old,Male,9th grade,1.7,74.84,No
16 years old,Male,11th grade,1.73,97.52,No
16 years old,Female,10th grade,1.57,56.7,No
16 years old,Male,10th grade,1.8,72.58,No
15 years old,Female,10th grade,1.63,56.7,No
15 years old,Female,10th grade,1.65,90.72,No
15 years old,Female,10th grade,1.73,70.76,No
18 years old or older,Female,11th grade,1.4,38.56,No
16 years old,Female,11th grade,1.65,86.18,No
16 years old,Male,11th grade,1.73,58.97,No
18 years old or older,Male,12th grade,1.75,64.41,No
17 years old,Male,11th grade,1.68,58.97,No
16 years old,Male,11th grade,1.73,64.86,No
16 years old,Female,11th grade,1.63,63.96,No
14 years old,Male,9th grade,1.73,81.65,Yes
14 years old,Female,9th grade,1.57,48.99,Yes
15 years old,Male,9th grade,1.73,81.19,No
14 years old,Female,9th grade,1.68,72.12,No
17 years old,Female,11th grade,1.68,61.24,No
14 years old,Male,9th grade,1.6,49.9,No
16 years old,Female,12th grade,1.65,59.88,No
14 years old,Female,9th grade,1.68,73.48,Yes
14 years old,Female,9th grade,1.52,44.45,No
15 years old,Male,9th grade,1.78,74.84,No
14 years old,Female,9th grade,1.68,73.48,No
15 years old,Male,9th grade,1.8,83.01,No
14 years old,Male,9th grade,1.73,65.77,No
14 years old,Female,9th grade,1.6,56.7,No
16 years old,Female,11th grade,1.6,60.78,No
16 years old,Female,11th grade,1.68,69.4,Yes
16 years old,Male,11th grade,1.73,70.31,No
16 years old,Female,11th grade,1.52,58.97,No
18 years old or older,Male,12th grade,1.73,73.94,No
18 years old or older,Male,12th grade,1.7,58.97,No
18 years old or older,Female,12th grade,1.55,86.18,No
17 years old,Male,12th grade,1.9,83.92,Yes
17 years old,Male,12th grade,1.68,72.58,No
17 years old,Female,12th grade,1.68,99.79,No
16 years old,Male,11th grade,1.68,63.05,No
18 years old or older,Female,12th grade,1.57,74.39,No
17 years old,Male,12th grade,1.78,65.77,No
18 years old or older,Male,12th grade,1.73,102.06,No
18 years old or older,Female,12th grade,1.65,56.7,No
18 years old or older,Male,12th grade,1.9,70.31,No
17 years old,Male,12th grade,1.8,81.65,No
18 years old or older,Female,12th grade,1.5,44.45,No
18 years old or older,Male,12th grade,1.68,56.7,Yes
18 years old or older,Male,12th grade,1.8,63.5,No
16 years old,Female,10th grade,1.65,74.39,No
16 years old,Female,10th grade,1.55,56.7,No
16 years old,Male,10th grade,1.88,79.83,No
16 years old,Male,10th grade,1.78,90.72,Yes
16 years old,Female,10th grade,1.6,55.34,No
16 years old,Male,10th grade,1.6,55.79,Yes
16 years old,Female,10th grade,1.65,60.78,No
15 years old,Male,10th grade,1.8,63.5,No
16 years old,Male,10th grade,1.78,58.97,No
16 years old,Female,10th grade,1.75,61.24,No
15 years old,Female,10th grade,1.63,58.97,No
15 years old,Male,10th grade,1.63,80.74,No
16 years old,Male,10th grade,1.8,68.04,No
15 years old,Male,10th grade,1.75,61.24,No
14 years old,Male,9th grade,1.65,53.52,No
16 years old,Male,9th grade,1.63,54.43,Yes
14 years old,Male,9th grade,1.73,79.38,No
15 years old,Female,9th grade,1.68,58.97,No
14 years old,Male,9th grade,1.73,47.17,No
16 years old,Male,9th grade,1.8,70.76,No
14 years old,Female,9th grade,1.68,52.16,No
14 years old,Male,9th grade,1.8,79.38,No
14 years old,Male,9th grade,1.78,81.65,Yes
15 years old,Female,9th grade,1.65,65.77,Yes
15 years old,Female,9th grade,1.68,70.31,Yes
15 years old,Female,9th grade,1.68,54.43,No
15 years old,Female,9th grade,1.68,62.6,No
15 years old,Male,9th grade,1.65,50.8,Yes
15 years old,Male,9th grade,1.7,52.62,No
14 years old,Female,9th grade,1.63,46.27,Yes
14 years old,Female,9th grade,1.65,59.88,No
15 years old,Female,9th grade,1.68,70.31,No
15 years old,Female,10th grade,1.73,92.99,Yes
16 years old,Female,10th grade,1.63,72.58,No
16 years old,Female,10th grade,1.68,63.5,No
16 years old,Female,11th grade,1.63,58.97,No
17 years old,Female,11th grade,1.7,56.7,No
17 years old,Female,11th grade,1.6,54.43,Yes
18 years old or older,Female,12th grade,1.68,58.97,No
18 years old or older,Female,12th grade,1.75,104.33,No
18 years old or older,Male,12th grade,1.68,74.84,No
18 years old or older,Male,12th grade,1.78,72.58,Yes
18 years old or older,Male,12th grade,1.85,92.99,No
17 years old,Male,12th grade,1.68,63.5,No
18 years old or older,Female,12th grade,1.73,72.58,No
18 years old or older,Male,12th grade,1.78,72.58,No
18 years old or older,Male,12th grade,1.88,67.13,No
18 years old or older,Male,12th grade,1.93,90.72,No
18 years old or older,Male,12th grade,1.78,70.31,No
16 years old,Female,11th grade,1.7,52.16,No
16 years old,Female,11th grade,1.8,74.84,No
16 years old,Male,11th grade,1.85,65.77,No
17 years old,Female,11th grade,1.6,54.43,No
17 years old,Female,11th grade,1.63,92.99,Yes
17 years old,Male,11th grade,1.7,65.77,No
17 years old,Male,11th grade,1.63,60.33,No
17 years old,Male,11th grade,1.8,77.57,No
17 years old,Male,11th grade,1.78,131.54,No
17 years old,Male,11th grade,1.83,74.84,No
16 years old,Female,11th grade,1.68,61.24,No
16 years old,Female,11th grade,1.73,63.5,No
16 years old,Female,11th grade,1.85,102.06,Yes
16 years old,Female,11th grade,1.7,82.56,No
16 years old,Male,11th grade,1.75,81.65,No
17 years old,Female,11th grade,1.68,72.58,No
17 years old,Female,11th grade,1.63,52.16,No
17 years old,Female,11th grade,1.7,58.97,Yes
17 years old,Female,11th grade,1.57,54.43,No
17 years old,Female,11th grade,1.65,92.53,No
17 years old,Male,11th grade,1.88,83.92,No
17 years old,Male,11th grade,1.78,122.47,Yes
16 years old,Female,11th grade,1.5,34.47,Yes
16 years old,Female,11th grade,1.57,64.86,No
16 years old,Female,11th grade,1.55,43.55,Yes
16 years old,Female,11th grade,1.65,56.7,No
16 years old,Female,11th grade,1.65,63.5,Yes
16 years old,Male,11th grade,1.68,83.01,No
16 years old,Male,11th grade,1.78,72.58,No
16 years old,Male,11th grade,1.7,68.04,No
17 years old,Female,11th grade,1.63,44.91,Yes
17 years old,Female,11th grade,1.73,53.52,No
17 years old,Male,11th grade,1.85,136.08,No
17 years old,Male,11th grade,1.73,79.38,No
16 years old,Female,11th grade,1.55,58.97,Yes
16 years old,Female,11th grade,1.68,54.43,No
16 years old,Male,11th grade,1.73,63.5,No
16 years old,Male,11th grade,1.75,71.22,No
16 years old,Male,11th grade,1.83,99.79,No
17 years old,Female,11th grade,1.57,45.36,Yes
17 years old,Male,11th grade,1.63,102.06,Yes
17 years old,Male,11th grade,1.73,82.56,No
17 years old,Male,11th grade,1.78,83.01,No
17 years old,Male,11th grade,1.78,72.58,Yes
17 years old,Female,12th grade,1.55,52.16,No
17 years old,Female,12th grade,1.6,56.7,Yes
17 years old,Male,12th grade,1.7,104.33,No
18 years old or older,Female,12th grade,1.7,68.04,No
18 years old or older,Male,12th grade,1.96,180.99,Yes
18 years old or older,Male,12th grade,1.75,80.74,No
18 years old or older,Male,12th grade,1.83,93.44,Yes
18 years old or older,Male,12th grade,1.7,63.5,No
15 years old,Female,10th grade,1.68,54.43,No
15 years old,Female,10th grade,1.68,52.62,No
15 years old,Female,10th grade,1.7,86.18,Yes
15 years old,Male,10th grade,1.7,63.5,No
16 years old,Female,10th grade,1.57,54.43,No
16 years old,Female,10th grade,1.65,54.43,No
16 years old,Male,10th grade,1.88,88.45,No
16 years old,Male,10th grade,1.75,56.25,Yes
16 years old,Male,10th grade,1.63,62.6,No
17 years old,Male,10th grade,1.8,74.84,No
15 years old,Female,9th grade,1.5,56.7,Yes
15 years old,Male,9th grade,1.7,66.23,No
15 years old,Male,9th grade,1.7,49.9,Yes
15 years old,Male,9th grade,1.65,55.79,No
16 years old,Female,11th grade,1.6,48.99,No
16 years old,Female,11th grade,1.57,43.09,Yes
16 years old,Female,11th grade,1.57,52.16,Yes
16 years old,Female,11th grade,1.75,63.5,No
17 years old,Female,11th grade,1.73,70.31,No
17 years old,Male,11th grade,1.65,57.61,No
17 years old,Male,11th grade,1.78,74.84,No
18 years old or older,Male,11th grade,1.8,65.77,No
15 years old,Female,10th grade,1.6,58.97,No
15 years old,Male,10th grade,1.78,64.86,Yes
15 years old,Male,10th grade,1.73,79.38,No
15 years old,Male,10th grade,1.78,74.84,No
15 years old,Male,10th grade,1.75,79.38,No
16 years old,Female,10th grade,1.65,52.16,No
16 years old,Female,10th grade,1.47,44,Yes
15 years old,Female,10th grade,1.6,54.43,Yes
15 years old,Female,10th grade,1.6,45.36,No
15 years old,Female,10th grade,1.5,45.36,No
15 years old,Female,10th grade,1.63,49.9,No
15 years old,Female,10th grade,1.65,58.51,Yes
15 years old,Male,10th grade,1.9,74.84,Yes
15 years old,Male,10th grade,1.78,90.72,No
15 years old,Male,10th grade,1.78,68.04,No
16 years old,Male,10th grade,1.68,58.97,No
16 years old,Male,10th grade,1.65,53.07,No
16 years old,Female,11th grade,1.6,49.9,Yes
16 years old,Female,11th grade,1.6,45.36,Yes
16 years old,Male,11th grade,1.83,136.08,No
17 years old,Female,11th grade,1.65,74.84,No
17 years old,Female,11th grade,1.57,74.84,No
17 years old,Female,11th grade,1.57,43.55,No
17 years old,Male,11th grade,1.88,68.04,No
17 years old,Male,11th grade,1.73,58.97,No
17 years old,Male,11th grade,1.83,86.18,No
14 years old,Male,9th grade,1.68,61.24,No
14 years old,Male,9th grade,1.78,54.43,No
15 years old,Female,9th grade,1.6,44.45,No
15 years old,Female,9th grade,1.57,47.63,No
15 years old,Male,9th grade,1.88,95.71,No
15 years old,Male,9th grade,1.83,86.18,Yes
15 years old,Male,9th grade,1.68,44.45,Yes
15 years old,Female,10th grade,1.65,53.07,No
16 years old,Female,10th grade,1.78,69.85,No
16 years old,Male,10th grade,1.73,61.69,No
16 years old,Male,11th grade,1.73,91.17,No
15 years old,Female,10th grade,1.6,53.52,No
15 years old,Female,10th grade,1.63,48.54,Yes
15 years old,Male,10th grade,1.85,70.31,No
15 years old,Male,10th grade,1.85,61.24,No
15 years old,Male,10th grade,1.73,70.76,No
16 years old,Female,10th grade,1.6,57.61,Yes
16 years old,Female,10th grade,1.68,63.5,Yes
16 years old,Female,10th grade,1.65,49.9,Yes
16 years old,Female,10th grade,1.7,58.97,Yes
16 years old,Female,10th grade,1.6,54.43,No
16 years old,Male,10th grade,1.78,91.17,Yes
16 years old,Male,10th grade,1.78,68.04,No
16 years old,Male,10th grade,1.93,79.38,No
15 years old,Male,9th grade,1.96,58.97,No
15 years old,Male,9th grade,1.55,54.43,No
16 years old,Male,9th grade,1.8,54.43,No
16 years old,Female,11th grade,1.55,60.33,No
16 years old,Male,11th grade,1.78,70.31,No
17 years old,Female,11th grade,1.65,53.52,No
17 years old,Female,11th grade,1.65,77.11,No
17 years old,Female,11th grade,1.7,56.7,Yes
17 years old,Male,11th grade,1.73,70.31,Yes
17 years old,Male,11th grade,1.75,57.15,No
17 years old,Male,11th grade,1.78,77.11,No
17 years old,Male,11th grade,1.83,87.09,No
14 years old,Female,9th grade,1.73,53.52,No
14 years old,Male,9th grade,1.63,44,No
14 years old,Male,9th grade,1.6,45.36,No
14 years old,Male,9th grade,1.78,64.41,Yes
14 years old,Male,9th grade,1.7,58.97,No
15 years old,Female,9th grade,1.75,59.42,No
15 years old,Female,9th grade,1.68,58.06,No
15 years old,Female,9th grade,1.7,73.48,No
15 years old,Female,9th grade,1.75,57.15,No
15 years old,Male,9th grade,1.88,108.86,No
15 years old,Male,9th grade,1.6,46.27,Yes
15 years old,Male,9th grade,1.55,38.56,No
15 years old,Male,9th grade,1.73,59.88,No
15 years old,Male,9th grade,1.8,77.11,No
15 years old,Male,9th grade,1.78,65.77,No
14 years old,Female,9th grade,1.63,52.16,Yes
14 years old,Female,9th grade,1.73,78.02,No
14 years old,Male,9th grade,1.83,127.01,No
14 years old,Male,9th grade,1.63,56.7,No
14 years old,Male,9th grade,1.78,81.65,No
15 years old,Female,9th grade,1.63,58.97,No
15 years old,Female,9th grade,1.68,68.04,No
15 years old,Female,9th grade,1.63,60.78,Yes
15 years old,Male,9th grade,1.78,61.24,No
15 years old,Male,9th grade,1.96,75.3,No
16 years old,Male,11th grade,1.7,50.35,No
17 years old,Female,11th grade,1.57,49.9,No
17 years old,Female,11th grade,1.68,52.62,No
18 years old or older,Female,12th grade,1.7,58.97,No
18 years old or older,Female,12th grade,1.6,58.97,No
18 years old or older,Female,12th grade,1.65,58.97,No
18 years old or older,Male,12th grade,1.73,88.45,No
18 years old or older,Male,12th grade,1.88,102.51,No
14 years old,Female,9th grade,1.57,45.81,No
14 years old,Female,9th grade,1.7,50.8,No
14 years old,Male,9th grade,1.78,113.4,No
15 years old,Female,9th grade,1.6,54.43,No
15 years old,Female,9th grade,1.52,40.82,No
15 years old,Female,9th grade,1.6,62.6,No
15 years old,Female,9th grade,1.65,106.6,No
15 years old,Female,9th grade,1.65,67.59,Yes
15 years old,Male,9th grade,1.73,97.07,No
15 years old,Male,9th grade,1.7,62.14,No
15 years old,Male,10th grade,1.75,100.25,No
17 years old,Female,12th grade,1.68,54.43,No
17 years old,Female,12th grade,1.68,58.97,No
17 years old,Male,12th grade,1.78,77.11,No
17 years old,Male,12th grade,1.8,82.56,No
17 years old,Male,12th grade,1.9,81.65,No
17 years old,Male,12th grade,1.7,49.9,No
18 years old or older,Female,12th grade,1.7,50.8,Yes
18 years old or older,Female,12th grade,1.57,52.16,No
18 years old or older,Female,12th grade,1.6,58.97,No
18 years old or older,Female,12th grade,1.78,52.16,No
18 years old or older,Male,12th grade,1.65,56.7,No
18 years old or older,Male,12th grade,1.75,95.26,No
18 years old or older,Male,12th grade,1.78,72.58,No
18 years old or older,Male,12th grade,1.85,74.84,No
18 years old or older,Male,12th grade,1.88,121.56,No
16 years old,Male,11th grade,1.8,73.48,No
16 years old,Male,12th grade,1.57,54.43,No
17 years old,Female,11th grade,1.63,56.7,No
17 years old,Female,11th grade,1.68,63.5,No
17 years old,Female,11th grade,1.75,70.31,No
17 years old,Female,11th grade,1.68,56.7,No
17 years old,Male,12th grade,1.78,70.31,No
16 years old,Male,11th grade,1.9,74.84,No
16 years old,Male,11th grade,1.68,62.6,No
17 years old,Female,12th grade,1.55,49.9,No
17 years old,Female,12th grade,1.8,54.43,No
17 years old,Female,12th grade,1.6,58.06,Yes
17 years old,Female,12th grade,1.57,47.17,Yes
18 years old or older,Female,12th grade,1.6,58.97,No
18 years old or older,Male,12th grade,1.73,63.5,No
18 years old or older,Male,12th grade,1.8,120.2,No
18 years old or older,Male,12th grade,1.83,77.11,No
18 years old or older,Male,12th grade,1.88,72.58,No
18 years old or older,Male,12th grade,1.75,78.02,Yes
15 years old,Female,10th grade,1.63,47.63,No
15 years old,Female,10th grade,1.73,54.43,Yes
15 years old,Female,10th grade,1.65,61.24,No
15 years old,Female,10th grade,1.65,63.5,No
15 years old,Male,10th grade,1.8,52.16,Yes
16 years old,Female,10th grade,1.73,64.86,No
16 years old,Female,10th grade,1.55,47.17,No
16 years old,Female,10th grade,1.78,57.61,No
16 years old,Female,10th grade,1.55,58.97,No
16 years old,Female,10th grade,1.57,56.7,No
16 years old,Male,10th grade,1.88,74.84,No
15 years old,Female,10th grade,1.63,52.16,Yes
15 years old,Female,10th grade,1.78,68.04,No
15 years old,Male,10th grade,1.7,56.7,No
15 years old,Male,10th grade,1.75,58.97,No
16 years old,Female,10th grade,1.6,63.5,No
16 years old,Female,10th grade,1.52,48.54,No
16 years old,Male,10th grade,1.68,54.43,No
16 years old,Male,11th grade,1.78,92.08,Yes
16 years old,Male,11th grade,1.83,58.97,Yes
17 years old,Female,11th grade,1.55,48.99,No
17 years old,Male,12th grade,1.85,63.5,No
17 years old,Male,12th grade,1.7,73.48,No
15 years old,Female,10th grade,1.73,54.43,No
16 years old,Female,10th grade,1.78,74.84,No
16 years old,Female,11th grade,1.6,50.8,No
16 years old,Male,11th grade,1.78,64.41,Yes
16 years old,Male,11th grade,1.83,70.31,No
16 years old,Male,11th grade,1.88,79.38,No
17 years old,Female,11th grade,1.73,63.5,No
17 years old,Female,11th grade,1.73,63.5,No
17 years old,Female,11th grade,1.73,63.5,No
17 years old,Male,11th grade,1.83,70.31,No
17 years old,Male,11th grade,1.73,61.24,No
15 years old,Female,10th grade,1.55,44.45,Yes
15 years old,Male,10th grade,1.68,72.12,No
15 years old,Male,10th grade,1.85,97.52,No
16 years old,Female,10th grade,1.7,61.24,No
16 years old,Female,10th grade,1.73,65.77,No
16 years old,Female,10th grade,1.6,48.54,No
16 years old,Female,10th grade,1.68,49.9,Yes
15 years old,Female,9th grade,1.63,83.92,No
15 years old,Female,10th grade,1.52,54.43,No
15 years old,Male,10th grade,1.75,129.28,No
16 years old,Male,10th grade,1.7,65.77,No
14 years old,Female,9th grade,1.68,54.43,No
14 years old,Female,9th grade,1.6,77.11,No
14 years old,Male,9th grade,1.65,61.24,No
14 years old,Male,9th grade,1.65,54.43,No
14 years old,Male,9th grade,1.7,68.95,No
14 years old,Male,9th grade,1.73,95.26,No
15 years old,Female,9th grade,1.63,69.4,No
15 years old,Female,9th grade,1.55,54.43,No
15 years old,Female,9th grade,1.52,43.55,No
15 years old,Female,9th grade,1.55,55.34,No
15 years old,Female,9th grade,1.6,62.14,No
15 years old,Male,9th grade,1.83,76.2,Yes
14 years old,Female,9th grade,1.63,53.07,No
14 years old,Female,9th grade,1.73,84.37,No
14 years old,Male,9th grade,1.6,42.18,Yes
14 years old,Male,9th grade,1.88,86.18,No
14 years old,Male,9th grade,1.63,60.78,No
15 years old,Female,9th grade,1.6,48.08,No
15 years old,Female,9th grade,1.63,52.62,No
15 years old,Female,9th grade,1.63,58.97,No
15 years old,Female,9th grade,1.68,56.7,No
15 years old,Female,9th grade,1.6,68.04,No
15 years old,Male,9th grade,1.8,116.58,Yes
15 years old,Male,9th grade,1.85,79.38,No
17 years old,Female,12th grade,1.7,56.7,No
17 years old,Female,12th grade,1.68,52.16,No
17 years old,Male,12th grade,1.83,79.38,No
18 years old or older,Female,12th grade,1.65,58.97,Yes
18 years old or older,Female,12th grade,1.57,79.38,No
18 years old or older,Female,12th grade,1.65,56.7,No
18 years old or older,Male,12th grade,1.78,74.84,No
18 years old or older,Male,12th grade,1.75,70.31,No
18 years old or older,Male,12th grade,1.88,72.58,No
18 years old or older,Male,12th grade,1.9,85.73,Yes
18 years old or older,Male,12th grade,1.83,83.92,No
18 years old or older,Male,12th grade,1.73,65.77,No
14 years old,Female,9th grade,1.68,54.43,No
14 years old,Female,9th grade,1.68,63.96,Yes
14 years old,Female,9th grade,1.65,56.7,No
14 years old,Female,9th grade,1.57,56.7,No
14 years old,Male,9th grade,1.7,50.35,No
14 years old,Male,9th grade,1.6,49.9,No
14 years old,Male,9th grade,1.9,79.38,No
14 years old,Male,9th grade,1.78,72.58,Yes
14 years old,Male,9th grade,1.78,60.33,No
15 years old,Female,9th grade,1.68,63.5,No
15 years old,Female,9th grade,1.65,61.24,No
15 years old,Female,9th grade,1.8,86.18,Yes
15 years old,Female,9th grade,1.63,60.78,No
15 years old,Female,9th grade,1.65,79.38,Yes
15 years old,Female,9th grade,1.63,44.91,No
15 years old,Male,9th grade,1.73,58.51,No
15 years old,Male,9th grade,1.78,57.61,No
15 years old,Female,10th grade,1.68,56.7,No
15 years old,Male,10th grade,1.73,74.84,No
16 years old,Female,10th grade,1.73,60.78,Yes
16 years old,Male,10th grade,1.83,74.84,Yes
16 years old,Male,10th grade,1.88,79.38,No
16 years old,Male,10th grade,1.83,72.58,No
16 years old,Male,10th grade,1.7,70.31,No
15 years old,Male,9th grade,1.8,81.65,No
16 years old,Female,11th grade,1.55,47.63,No
16 years old,Female,11th grade,1.73,103.42,Yes
16 years old,Male,11th grade,1.73,57.61,Yes
17 years old,Male,11th grade,1.8,65.77,No
18 years old or older,Female,12th grade,1.65,45.81,No
18 years old or older,Female,12th grade,1.65,49.9,No
18 years old or older,Female,12th grade,1.68,54.43,No
17 years old,Female,12th grade,1.63,56.7,Yes
18 years old or older,Female,12th grade,1.63,56.7,No
17 years old,Male,12th grade,1.78,58.97,No
18 years old or older,Male,12th grade,1.7,61.24,No
17 years old,Female,12th grade,1.73,61.24,No
18 years old or older,Female,12th grade,1.78,61.24,No
17 years old,Female,12th grade,1.7,63.5,Yes
18 years old or older,Male,12th grade,1.96,63.5,Yes
18 years old or older,Male,12th grade,1.78,68.04,No
17 years old,Male,12th grade,1.88,73.48,No
18 years old or older,Female,12th grade,1.73,77.11,No
18 years old or older,Male,12th grade,1.83,86.18,No
17 years old,Male,12th grade,1.8,90.72,No
18 years old or older,Male,12th grade,1.7,99.79,No
18 years old or older,Female,12th grade,1.8,111.13,Yes
17 years old,Male,12th grade,1.88,122.47,Yes
18 years old or older,Male,12th grade,1.88,124.74,No
16 years old,Female,11th grade,1.6,47.63,Yes
16 years old,Female,11th grade,1.68,49.9,No
17 years old,Female,11th grade,1.52,52.62,No
16 years old,Female,11th grade,1.73,54.43,No
17 years old,Female,11th grade,1.6,58.06,No
17 years old,Female,11th grade,1.65,58.97,No
17 years old,Male,11th grade,1.75,61.24,No
16 years old,Female,11th grade,1.8,61.24,No
16 years old,Male,11th grade,1.8,64.86,No
16 years old,Male,11th grade,1.85,65.77,No
16 years old,Female,11th grade,1.63,70.31,No
17 years old,Female,11th grade,1.65,70.31,No
17 years old,Male,11th grade,1.75,70.31,Yes
16 years old,Female,11th grade,1.65,70.76,Yes
17 years old,Male,11th grade,1.8,72.58,No
16 years old,Female,11th grade,1.7,74.84,No
17 years old,Male,11th grade,1.8,75.75,No
17 years old,Male,11th grade,1.88,76.2,No
17 years old,Female,11th grade,1.55,76.66,No
17 years old,Male,11th grade,1.83,77.11,No
16 years old,Male,11th grade,1.83,78.47,No
16 years old,Male,11th grade,1.78,79.38,Yes
16 years old,Male,11th grade,1.78,79.38,Yes
17 years old,Male,11th grade,1.8,79.38,Yes
16 years old,Male,11th grade,1.85,79.38,No
16 years old,Female,11th grade,1.68,81.65,No
17 years old,Male,11th grade,1.88,90.72,No
16 years old,Male,11th grade,1.83,106.6,Yes
16 years old,Male,11th grade,1.75,113.4,No
17 years old,Male,11th grade,1.9,113.4,No
16 years old,Female,11th grade,1.65,49.9,No
16 years old,Female,11th grade,1.7,49.9,No
16 years old,Female,11th grade,1.57,50.8,No
17 years old,Female,11th grade,1.55,52.16,No
16 years old,Female,11th grade,1.75,53.52,No
17 years old,Female,11th grade,1.6,54.43,No
16 years old,Female,11th grade,1.6,54.43,No
16 years old,Male,11th grade,1.68,54.43,Yes
17 years old,Female,11th grade,1.65,57.15,No
16 years old,Male,11th grade,1.65,58.97,Yes
16 years old,Male,11th grade,1.85,58.97,Yes
16 years old,Female,11th grade,1.68,60.78,No
16 years old,Female,11th grade,1.73,61.24,No
16 years old,Female,11th grade,1.65,63.5,No
17 years old,Female,11th grade,1.55,65.77,No
16 years old,Male,11th grade,1.73,65.77,No
17 years old,Female,11th grade,1.7,68.04,No
17 years old,Male,11th grade,1.78,68.95,No
16 years old,Female,11th grade,1.7,72.58,No
17 years old,Female,11th grade,1.73,72.58,Yes
17 years old,Male,11th grade,1.83,77.11,No
17 years old,Male,11th grade,1.75,80.74,No
16 years old,Female,10th grade,1.5,40.37,No
15 years old,Female,10th grade,1.57,46.72,No
16 years old,Male,10th grade,1.65,48.99,No
16 years old,Female,10th grade,1.7,54.43,No
15 years old,Female,10th grade,1.63,55.79,No
16 years old,Female,10th grade,1.68,56.25,No
15 years old,Female,10th grade,1.63,58.97,No
16 years old,Male,10th grade,1.78,61.24,No
16 years old,Female,10th grade,1.65,61.69,No
15 years old,Male,10th grade,1.75,65.77,No
17 years old,Female,11th grade,1.75,68.04,No
16 years old,Male,10th grade,1.65,77.11,Yes
16 years old,Male,10th grade,1.9,77.11,No
16 years old,Male,10th grade,1.9,79.38,No
15 years old,Male,10th grade,1.8,80.29,No
16 years old,Male,10th grade,1.78,83.92,No
15 years old,Male,10th grade,1.85,127.01,No
14 years old,Male,9th grade,1.5,44,No
14 years old,Female,9th grade,1.57,45.36,No
15 years old,Female,9th grade,1.73,45.36,No
15 years old,Female,9th grade,1.68,48.99,Yes
14 years old,Male,9th grade,1.7,52.62,No
15 years old,Female,9th grade,1.8,53.98,No
14 years old,Female,9th grade,1.65,54.43,No
14 years old,Male,9th grade,1.68,54.43,Yes
15 years old,Female,9th grade,1.6,55.34,No
15 years old,Female,9th grade,1.63,55.34,No
14 years old,Female,9th grade,1.73,56.7,No
14 years old,Female,9th grade,1.68,58.97,No
15 years old,Female,9th grade,1.7,58.97,Yes
15 years old,Female,9th grade,1.65,61.24,No
15 years old,Female,9th grade,1.57,68.04,Yes
15 years old,Male,9th grade,1.78,68.04,No
15 years old,Male,9th grade,1.68,71.67,Yes
15 years old,Female,9th grade,1.63,81.65,No
15 years old,Male,9th grade,1.75,84.37,No
18 years old or older,Female,12th grade,1.7,68.04,No
17 years old,Female,12th grade,1.7,70.31,No
18 years old or older,Male,12th grade,1.78,72.58,No
18 years old or older,Male,12th grade,1.75,76.2,No
18 years old or older,Male,12th grade,1.9,77.11,No
18 years old or older,Female,12th grade,1.63,79.38,No
17 years old,Male,12th grade,1.83,79.38,No
17 years old,Male,12th grade,1.83,79.38,Yes
18 years old or older,Male,12th grade,1.8,87.54,No
18 years old or older,Female,12th grade,1.6,54.43,No
18 years old or older,Female,12th grade,1.65,90.72,No
16 years old,Female,11th grade,1.6,52.16,No
16 years old,Female,11th grade,1.63,56.7,No
16 years old,Male,11th grade,1.8,57.15,No
16 years old,Female,11th grade,1.73,64.86,No
17 years old,Male,11th grade,1.8,94.8,No
17 years old,Male,11th grade,1.93,97.52,No
17 years old,Female,11th grade,1.73,104.33,No
16 years old,Female,10th grade,1.63,54.43,No
16 years old,Male,10th grade,1.73,56.7,No
16 years old,Male,10th grade,1.8,58.97,No
15 years old,Male,10th grade,1.78,63.5,No
16 years old,Male,10th grade,1.8,65.77,Yes
16 years old,Male,10th grade,1.75,70.31,No
16 years old,Male,10th grade,1.78,81.65,Yes
16 years old,Female,10th grade,1.88,83.92,No
16 years old,Female,10th grade,1.55,88.45,No
15 years old,Male,10th grade,1.68,92.08,Yes
15 years old,Male,10th grade,1.8,95.26,Yes
16 years old,Male,10th grade,1.9,106.6,Yes
16 years old,Female,10th grade,1.55,48.99,No
15 years old,Female,10th grade,1.63,52.16,No
16 years old,Female,10th grade,1.6,54.43,No
16 years old,Female,10th grade,1.73,61.24,No
16 years old,Male,10th grade,1.78,63.5,No
15 years old,Female,10th grade,1.75,72.58,No
15 years old,Female,10th grade,1.68,78.02,No
16 years old,Male,10th grade,1.85,81.65,Yes
15 years old,Female,9th grade,1.55,43.09,No
14 years old,Female,9th grade,1.55,45.36,Yes
14 years old,Female,9th grade,1.6,47.17,No
15 years old,Male,9th grade,1.73,49.9,No
14 years old,Male,9th grade,1.68,53.52,No
15 years old,Female,9th grade,1.73,56.7,Yes
14 years old,Female,9th grade,1.75,58.97,No
15 years old,Female,9th grade,1.6,45.36,No
14 years old,Male,9th grade,1.7,50.35,Yes
15 years old,Female,9th grade,1.7,62.6,No
14 years old,Male,9th grade,1.73,68.95,No
15 years old,Male,9th grade,1.85,68.95,No
17 years old,Female,12th grade,1.6,54.43,No
17 years old,Male,12th grade,1.85,86.18,Yes
17 years old,Male,11th grade,1.85,97.52,No
16 years old,Male,11th grade,1.88,124.74,No
16 years old,Female,10th grade,1.7,58.97,No
15 years old,Male,10th grade,1.78,60.33,No
16 years old,Male,10th grade,1.7,61.24,No
16 years old,Male,10th grade,1.8,63.5,No
15 years old,Female,10th grade,1.65,74.84,No
16 years old,Male,10th grade,1.83,86.18,Yes
16 years old,Male,10th grade,1.78,108.86,No
16 years old,Male,10th grade,1.83,120.2,No
16 years old,Female,10th grade,1.57,47.63,No
15 years old,Male,10th grade,1.75,52.16,No
16 years old,Male,10th grade,1.8,52.16,No
16 years old,Male,10th grade,1.83,58.97,No
16 years old,Female,10th grade,1.68,65.77,No
17 years old,Male,10th grade,1.78,70.76,No
16 years old,Male,10th grade,1.78,104.33,Yes
16 years old,Female,10th grade,1.63,105.69,No
16 years old,Male,10th grade,1.9,110.68,No
16 years old,Male,10th grade,1.65,56.7,No
16 years old,Female,10th grade,1.65,58.06,No
15 years old,Male,10th grade,1.9,60.33,No
16 years old,Female,10th grade,1.63,70.31,Yes
16 years old,Female,10th grade,1.75,70.31,Yes
16 years old,Female,10th grade,1.75,71.22,No
16 years old,Male,10th grade,1.9,79.38,No
17 years old,Female,11th grade,1.57,51.26,No
17 years old,Female,11th grade,1.6,52.16,No
17 years old,Female,11th grade,1.52,58.97,No
17 years old,Female,11th grade,1.63,60.78,Yes
17 years old,Male,11th grade,1.65,63.5,No
17 years old,Male,11th grade,1.7,63.5,Yes
17 years old,Female,11th grade,1.75,70.76,No
17 years old,Male,11th grade,1.75,72.58,No
17 years old,Male,11th grade,1.78,77.11,No
17 years old,Male,11th grade,1.83,77.11,No
16 years old,Male,11th grade,1.93,90.72,No
16 years old,Male,11th grade,1.83,99.79,No
16 years old,Female,9th grade,1.57,42.18,No
15 years old,Female,9th grade,1.55,50.35,Yes
16 years old,Male,9th grade,1.68,58.97,No
15 years old,Female,9th grade,1.75,65.77,No
15 years old,Female,9th grade,1.78,65.77,No
16 years old,Male,9th grade,1.5,70.31,No
15 years old,Male,9th grade,1.88,77.11,Yes
15 years old,Female,9th grade,1.78,81.65,No
14 years old,Male,9th grade,1.8,97.07,No
16 years old,Male,10th grade,1.85,74.84,No
16 years old,Male,10th grade,1.75,80.29,No
16 years old,Female,10th grade,1.83,108.86,No
16 years old,Male,10th grade,1.73,61.24,No
18 years old or older,Female,12th grade,1.6,47.63,No
18 years old or older,Male,12th grade,1.78,72.58,No
16 years old,Male,11th grade,1.63,48.99,No
18 years old or older,Male,12th grade,1.75,78.02,No
17 years old,Female,11th grade,1.65,47.63,No
18 years old or older,Female,12th grade,1.7,46.72,No
17 years old,Male,12th grade,1.78,72.58,No
17 years old,Male,12th grade,1.78,90.72,No
17 years old,Male,12th grade,1.78,120.2,No
17 years old,Male,12th grade,1.7,52.16,Yes
16 years old,Male,11th grade,1.68,77.11,No
16 years old,Female,11th grade,1.55,48.54,No
16 years old,Female,11th grade,1.68,57.61,No
17 years old,Male,12th grade,1.68,59.88,No
17 years old,Female,11th grade,1.57,47.63,No
16 years old,Female,11th grade,1.6,48.99,Yes
17 years old,Male,12th grade,1.88,70.31,Yes
17 years old,Male,12th grade,1.7,70.31,No
18 years old or older,Male,12th grade,1.8,72.58,Yes
16 years old,Male,11th grade,1.7,54.43,Yes
17 years old,Female,11th grade,1.5,52.16,No
17 years old,Male,11th grade,1.78,88.45,Yes
17 years old,Male,11th grade,1.83,77.57,No
17 years old,Male,11th grade,1.83,65.77,No
17 years old,Male,11th grade,1.68,64.86,Yes
16 years old,Female,11th grade,1.6,45.36,Yes
16 years old,Female,11th grade,1.7,68.04,No
17 years old,Female,11th grade,1.65,54.43,No
17 years old,Male,11th grade,1.83,70.31,Yes
17 years old,Male,11th grade,1.8,63.5,Yes
17 years old,Male,11th grade,1.68,63.5,Yes
17 years old,Female,11th grade,1.57,55.34,Yes
17 years old,Male,11th grade,1.85,86.18,No
16 years old,Female,11th grade,1.6,49.9,Yes
17 years old,Male,11th grade,1.63,56.7,Yes
16 years old,Female,11th grade,1.63,53.52,Yes
17 years old,Female,11th grade,1.6,95.26,No
17 years old,Male,11th grade,1.78,113.4,Yes
16 years old,Female,11th grade,1.57,66.68,Yes
14 years old,Female,9th grade,1.6,48.08,Yes
17 years old,Female,12th grade,1.63,58.97,Yes
16 years old,Male,10th grade,1.65,56.7,Yes
17 years old,Female,11th grade,1.7,63.05,Yes
17 years old,Female,12th grade,1.68,63.5,Yes
15 years old,Female,9th grade,1.6,146.06,Yes
17 years old,Male,12th grade,1.83,44.91,Yes
18 years old or older,Female,12th grade,1.68,74.84,Yes
18 years old or older,Male,11th grade,1.7,115.67,Yes
18 years old or older,Female,12th grade,1.5,107.05,No
17 years old,Female,12th grade,1.7,57.15,No
17 years old,Female,11th grade,1.68,70.31,Yes
18 years old or older,Male,12th grade,1.75,74.84,Yes
17 years old,Male,11th grade,1.65,90.72,Yes
17 years old,Female,11th grade,1.65,61.69,Yes
16 years old,Female,11th grade,1.5,52.16,Yes
18 years old or older,Male,12th grade,1.85,72.58,No
17 years old,Female,11th grade,1.52,57.61,Yes
18 years old or older,Male,12th grade,1.65,83.01,Yes
17 years old,Female,11th grade,1.68,95.26,Yes
17 years old,Male,12th grade,1.75,62.6,No
17 years old,Male,12th grade,1.78,65.77,No
15 years old,Female,10th grade,1.55,63.05,Yes
17 years old,Female,12th grade,1.63,72.58,Yes
15 years old,Female,9th grade,1.63,53.98,Yes
14 years old,Female,9th grade,1.65,78.02,Yes
15 years old,Male,9th grade,1.78,59.88,Yes
14 years old,Female,9th grade,1.65,58.97,Yes
14 years old,Male,9th grade,1.68,49.9,Yes
14 years old,Female,9th grade,1.5,61.24,Yes
14 years old,Male,9th grade,1.85,89.81,Yes
15 years old,Male,9th grade,1.68,62.14,Yes
15 years old,Male,9th grade,1.93,74.84,Yes
15 years old,Female,9th grade,1.65,64.86,Yes
15 years old,Male,9th grade,1.7,57.15,Yes
14 years old,Male,9th grade,1.7,86.18,Yes
14 years old,Male,9th grade,1.8,61.24,Yes
16 years old,Male,9th grade,1.8,60.33,Yes
15 years old,Male,9th grade,1.73,64.86,Yes
15 years old,Female,9th grade,1.7,94.8,Yes
14 years old,Male,9th grade,1.65,58.97,Yes
15 years old,Male,10th grade,1.85,76.2,Yes
16 years old,Male,10th grade,1.75,81.19,Yes
15 years old,Female,9th grade,1.57,46.27,Yes
15 years old,Female,9th grade,1.6,52.16,Yes
15 years old,Male,9th grade,1.78,72.58,Yes
14 years old,Male,9th grade,1.7,52.16,Yes
15 years old,Female,9th grade,1.75,68.04,Yes
15 years old,Male,9th grade,1.73,86.18,Yes
15 years old,Female,9th grade,1.55,41.73,No
16 years old,Male,10th grade,1.83,59.88,Yes
14 years old,Female,9th grade,1.75,69.85,Yes
14 years old,Female,9th grade,1.73,70.76,No
16 years old,Male,10th grade,1.8,62.6,No
14 years old,Female,9th grade,1.7,62.14,Yes
16 years old,Male,10th grade,1.68,81.65,Yes
15 years old,Male,9th grade,1.68,58.97,Yes
15 years old,Female,9th grade,1.65,50.8,No
15 years old,Male,9th grade,1.63,54.43,No
16 years old,Female,10th grade,1.57,69.85,No
14 years old,Male,9th grade,1.75,54.43,Yes
14 years old,Male,9th grade,1.52,43.09,No
14 years old,Male,9th grade,1.55,49.9,No
14 years old,Female,9th grade,1.6,49.9,No
15 years old,Male,10th grade,1.68,77.11,No
15 years old,Female,10th grade,1.68,79.38,No
16 years old,Male,11th grade,1.75,62.6,No
16 years old,Female,10th grade,1.65,69.85,No
15 years old,Female,10th grade,1.52,45.36,No
15 years old,Female,10th grade,1.57,74.84,No
15 years old,Male,9th grade,1.83,111.59,Yes
16 years old,Female,10th grade,1.6,62.6,Yes
16 years old,Female,10th grade,1.57,43.09,No
16 years old,Female,10th grade,1.57,58.97,No
15 years old,Male,9th grade,1.78,63.5,No
15 years old,Female,10th grade,1.63,72.58,No
15 years old,Male,10th grade,1.75,58.97,No
16 years old,Male,10th grade,1.8,63.5,No
15 years old,Female,10th grade,1.68,100.25,No
17 years old,Female,11th grade,1.6,56.7,No
15 years old,Female,10th grade,1.65,61.24,Yes
15 years old,Female,9th grade,1.5,56.7,No
18 years old or older,Female,12th grade,1.55,79.38,No
18 years old or older,Female,12th grade,1.63,113.4,No
17 years old,Female,12th grade,1.78,79.38,No
17 years old,Female,12th grade,1.7,60.78,No
16 years old,Female,10th grade,1.6,49.9,Yes
16 years old,Male,11th grade,1.75,58.97,No
17 years old,Male,11th grade,1.8,65.77,No
17 years old,Male,12th grade,1.7,53.52,No
16 years old,Male,10th grade,1.78,70.31,No
16 years old,Female,11th grade,1.73,61.69,No
16 years old,Female,12th grade,1.8,104.33,No
17 years old,Male,11th grade,1.75,77.11,No
15 years old,Male,10th grade,1.7,95.26,No
17 years old,Female,12th grade,1.68,99.34,No
18 years old or older,Female,12th grade,1.63,48.99,No
16 years old,Female,10th grade,1.6,62.14,No
16 years old,Female,10th grade,1.6,51.26,Yes
17 years old,Male,11th grade,1.88,127.01,No
18 years old or older,Female,12th grade,1.63,68.04,No
17 years old,Male,12th grade,1.83,70.31,No
18 years old or older,Male,12th grade,1.9,74.84,No
17 years old,Male,12th grade,1.7,58.97,No
18 years old or older,Female,12th grade,1.63,65.77,No
18 years old or older,Male,12th grade,1.7,86.64,Yes
16 years old,Male,10th grade,1.75,91.17,No
15 years old,Female,10th grade,1.63,71.67,No
15 years old,Female,10th grade,1.52,55.79,Yes
15 years old,Male,10th grade,1.68,83.92,No
15 years old,Female,10th grade,1.57,81.65,Yes
15 years old,Male,10th grade,1.83,78.02,No
16 years old,Female,10th grade,1.7,58.97,No
16 years old,Female,10th grade,1.6,57.15,No
16 years old,Male,10th grade,1.83,53.07,No
15 years old,Male,10th grade,1.85,54.89,No
16 years old,Female,10th grade,1.73,72.58,No
17 years old,Female,11th grade,1.57,51.71,No
17 years old,Male,11th grade,1.75,79.38,No
17 years old,Female,11th grade,1.57,49.9,Yes
17 years old,Male,11th grade,1.9,72.58,No
17 years old,Male,11th grade,1.85,74.84,No
16 years old,Female,11th grade,1.55,45.36,No
16 years old,Female,11th grade,1.57,65.77,No
17 years old,Male,11th grade,2.01,112.04,No
16 years old,Female,11th grade,1.7,64.86,No
17 years old,Male,11th grade,1.8,73.94,No
17 years old,Male,11th grade,1.8,60.78,Yes
17 years old,Male,11th grade,1.7,65.77,No
17 years old,Female,11th grade,1.63,65.77,No
17 years old,Male,11th grade,1.85,65.77,No
17 years old,Male,11th grade,1.78,68.95,Yes
17 years old,Male,11th grade,1.7,62.6,No
17 years old,Male,11th grade,1.85,102.06,No
16 years old,Female,11th grade,1.63,74.84,No
16 years old,Male,10th grade,1.78,142.88,No
15 years old,Male,10th grade,1.75,72.58,No
15 years old,Male,10th grade,1.8,63.5,No
16 years old,Male,10th grade,1.8,66.23,No
16 years old,Female,10th grade,1.65,57.61,No
15 years old,Male,10th grade,1.83,63.5,No
16 years old,Male,10th grade,1.9,91.17,No
16 years old,Male,10th grade,1.9,102.06,No
16 years old,Female,10th grade,1.73,63.5,No
15 years old,Male,10th grade,1.78,62.6,No
15 years old,Female,10th grade,1.55,65.77,Yes
15 years old,Male,10th grade,1.9,90.72,No
15 years old,Female,10th grade,1.57,49.9,No
16 years old,Female,10th grade,1.55,43.09,Yes
17 years old,Female,11th grade,1.7,54.43,No
16 years old,Male,11th grade,1.7,58.97,No
17 years old,Female,11th grade,1.57,55.79,No
17 years old,Female,11th grade,1.65,48.99,No
17 years old,Female,11th grade,1.68,63.5,No
17 years old,Female,11th grade,1.57,57.15,No
16 years old,Male,11th grade,1.78,80.74,No
17 years old,Female,11th grade,1.57,58.97,Yes
16 years old,Male,11th grade,1.75,60.78,No
17 years old,Male,11th grade,1.83,63.5,No
17 years old,Male,11th grade,1.85,113.4,No
16 years old,Male,11th grade,1.88,81.65,No
17 years old,Male,11th grade,1.78,68.04,No
16 years old,Female,11th grade,1.57,79.38,No
15 years old,Male,11th grade,1.73,156.95,No
17 years old,Male,11th grade,1.75,102.06,No
17 years old,Female,12th grade,1.63,68.04,No
16 years old,Female,11th grade,1.6,61.24,No
17 years old,Female,12th grade,1.6,53.07,No
18 years old or older,Female,12th grade,1.75,63.5,No
17 years old,Female,11th grade,1.55,61.24,No
17 years old,Female,12th grade,1.63,86.18,No
17 years old,Female,12th grade,1.73,63.5,No
15 years old,Male,10th grade,1.85,61.24,No
17 years old,Female,12th grade,1.65,77.11,No
17 years old,Female,12th grade,1.63,52.16,No
17 years old,Male,12th grade,1.8,97.52,No
18 years old or older,Female,12th grade,1.57,52.62,No
16 years old,Male,11th grade,1.8,61.24,No
17 years old,Male,11th grade,1.83,91.63,No
18 years old or older,Male,12th grade,1.88,97.52,No
18 years old or older,Female,12th grade,1.7,61.24,No
18 years old or older,Male,12th grade,1.88,76.66,No
16 years old,Male,11th grade,1.9,63.5,Yes
14 years old,Female,9th grade,1.6,44,No
15 years old,Male,10th grade,1.7,104.33,Yes
17 years old,Male,12th grade,1.65,49.9,No
17 years old,Male,12th grade,1.75,74.84,No
17 years old,Male,12th grade,1.73,64.41,No
15 years old,Male,10th grade,1.73,68.04,No
15 years old,Female,10th grade,1.65,64.41,No
17 years old,Female,11th grade,1.55,55.34,No
18 years old or older,Female,12th grade,1.57,68.04,Yes
16 years old,Female,11th grade,1.7,61.24,No
18 years old or older,Female,12th grade,1.57,54.43,No
18 years old or older,Male,12th grade,1.65,58.97,No
16 years old,Female,11th grade,1.78,56.7,Yes
15 years old,Male,10th grade,1.75,77.11,No
16 years old,Male,11th grade,1.78,133.81,No
17 years old,Female,11th grade,1.6,56.25,No
17 years old,Male,12th grade,1.75,99.79,No
15 years old,Female,10th grade,1.52,44,No
18 years old or older,Male,12th grade,1.88,72.58,No
17 years old,Female,12th grade,1.65,63.5,No
17 years old,Male,12th grade,1.8,63.5,No
16 years old,Female,11th grade,1.65,70.31,No
17 years old,Female,11th grade,1.68,68.04,No
15 years old,Female,10th grade,1.65,56.25,Yes
17 years old,Male,12th grade,1.7,81.65,No
18 years old or older,Male,12th grade,1.85,88.45,No
15 years old,Female,9th grade,1.68,59.88,No
18 years old or older,Male,12th grade,1.78,62.14,No
17 years old,Female,11th grade,1.5,77.11,No
15 years old,Female,10th grade,1.73,61.24,No
18 years old or older,Male,12th grade,1.83,73.94,No
17 years old,Male,12th grade,1.73,127.01,No
15 years old,Male,10th grade,1.7,54.43,No
15 years old,Male,9th grade,1.7,70.31,No
17 years old,Male,11th grade,1.68,56.7,No
16 years old,Female,11th grade,1.7,56.7,No
15 years old,Male,10th grade,1.85,68.04,Yes
16 years old,Female,11th grade,1.55,46.27,No
17 years old,Male,11th grade,1.8,131.54,No
16 years old,Female,11th grade,1.65,54.43,No
16 years old,Male,11th grade,1.83,117.94,No
15 years old,Female,9th grade,1.75,52.16,No
16 years old,Male,10th grade,1.73,52.16,No
18 years old or older,Male,12th grade,1.83,104.33,No
15 years old,Female,10th grade,1.65,68.04,No
17 years old,Male,12th grade,1.75,86.18,Yes
16 years old,Female,11th grade,1.63,47.63,No
14 years old,Male,9th grade,1.75,86.18,No
17 years old,Male,11th grade,1.88,77.11,No
18 years old or older,Female,12th grade,1.73,63.5,No
15 years old,Female,9th grade,1.55,48.99,No
18 years old or older,Male,12th grade,1.8,72.12,No
16 years old,Female,11th grade,1.52,77.11,No
17 years old,Male,11th grade,1.83,77.11,Yes
18 years old or older,Female,12th grade,1.52,70.31,No
16 years old,Male,11th grade,1.6,59.88,No
15 years old,Female,10th grade,1.57,49.9,Yes
17 years old,Female,12th grade,1.65,56.7,Yes
17 years old,Male,12th grade,1.75,83.92,No
17 years old,Female,12th grade,1.6,55.79,No
17 years old,Male,12th grade,1.78,63.5,No
17 years old,Female,12th grade,1.63,77.11,No
18 years old or older,Female,12th grade,1.63,56.7,No
17 years old,Male,11th grade,1.83,81.65,No
16 years old,Male,11th grade,1.68,105.69,No
17 years old,Female,12th grade,1.73,70.31,No
15 years old,Female,10th grade,1.63,43.55,No
16 years old,Female,10th grade,1.65,90.72,No
16 years old,Female,10th grade,1.57,49.9,No
16 years old,Female,11th grade,1.6,68.04,No
18 years old or older,Male,12th grade,1.88,74.84,No
17 years old,Male,10th grade,1.68,62.6,No
16 years old,Male,11th grade,1.83,64.41,No
17 years old,Male,11th grade,1.65,89.81,No
18 years old or older,Female,12th grade,1.65,61.24,No
15 years old,Male,9th grade,1.78,63.5,No
15 years old,Male,10th grade,1.7,65.77,No
15 years old,Male,9th grade,1.55,54.43,No
16 years old,Female,10th grade,1.65,68.04,No
18 years old or older,Female,12th grade,1.65,54.43,Yes
18 years old or older,Female,12th grade,1.65,61.24,No
16 years old,Male,11th grade,1.88,88.45,No
15 years old,Male,10th grade,1.78,63.5,No
17 years old,Male,12th grade,1.85,131.09,No
16 years old,Male,10th grade,1.78,79.38,No
16 years old,Male,10th grade,1.85,81.65,Yes
15 years old,Female,10th grade,1.73,56.7,No
15 years old,Male,10th grade,1.7,63.5,No
16 years old,Female,10th grade,1.57,66.23,No
17 years old,Male,12th grade,1.78,83.92,No
17 years old,Male,12th grade,1.65,54.43,No
16 years old,Male,10th grade,1.8,136.08,No
18 years old or older,Female,12th grade,1.65,58.06,No
17 years old,Female,11th grade,1.65,72.58,No
15 years old,Female,10th grade,1.6,49.9,No
16 years old,Female,11th grade,1.7,62.6,Yes
16 years old,Male,10th grade,1.83,98.43,No
14 years old,Male,9th grade,1.7,65.77,No
18 years old or older,Male,12th grade,1.88,86.18,Yes
18 years old or older,Male,12th grade,1.8,106.6,No
14 years old,Female,9th grade,1.55,47.63,No
16 years old,Male,11th grade,1.63,63.5,No
17 years old,Female,11th grade,1.52,40.82,No
16 years old,Male,11th grade,1.78,56.7,No
16 years old,Male,11th grade,1.65,79.38,No
18 years old or older,Female,12th grade,1.57,46.27,No
18 years old or older,Female,12th grade,1.73,61.24,No
15 years old,Male,10th grade,1.88,75.75,No
18 years old or older,Male,12th grade,1.78,77.11,No
16 years old,Female,11th grade,1.63,54.43,No
16 years old,Male,11th grade,1.88,77.11,No
15 years old,Male,9th grade,1.85,81.65,No
18 years old or older,Male,12th grade,1.78,104.33,No
16 years old,Female,11th grade,1.57,49.9,No
16 years old,Female,10th grade,1.57,63.5,No
18 years old or older,Male,12th grade,1.83,72.58,No
17 years old,Male,11th grade,1.78,67.13,No
15 years old,Male,9th grade,1.68,57.61,No
18 years old or older,Female,12th grade,1.6,58.06,No
15 years old,Female,10th grade,1.63,52.16,No
17 years old,Male,12th grade,1.73,67.59,No
15 years old,Male,10th grade,1.73,72.58,No
18 years old or older,Female,12th grade,1.75,61.24,Yes
16 years old,Male,10th grade,1.6,44.91,No
15 years old,Male,9th grade,1.73,72.58,No
17 years old,Female,11th grade,1.57,47.63,No
16 years old,Male,11th grade,1.65,81.65,No
17 years old,Male,12th grade,1.8,72.58,No
17 years old,Female,11th grade,1.6,55.79,No
15 years old,Male,9th grade,1.73,54.43,No
15 years old,Female,9th grade,1.75,54.43,No
17 years old,Female,11th grade,1.63,61.24,No
15 years old,Male,9th grade,1.85,78.47,No
16 years old,Male,10th grade,1.7,63.5,No
15 years old,Male,9th grade,1.68,88.45,Yes
15 years old,Female,10th grade,1.73,48.99,No
16 years old,Female,11th grade,1.6,47.63,No
15 years old,Male,10th grade,1.75,61.24,No
18 years old or older,Male,12th grade,1.78,65.77,No
15 years old,Female,9th grade,1.52,45.36,No
16 years old,Female,10th grade,1.73,58.97,No
17 years old,Female,12th grade,1.6,74.84,No
16 years old,Female,11th grade,1.75,77.11,Yes
15 years old,Female,10th grade,1.6,49.9,No
17 years old,Male,12th grade,1.78,90.72,No
16 years old,Male,11th grade,1.9,77.11,No
17 years old,Male,11th grade,1.73,61.24,No
16 years old,Female,11th grade,1.68,66.68,Yes
17 years old,Female,11th grade,1.55,56.7,No
17 years old,Male,11th grade,1.78,90.72,Yes
17 years old,Male,12th grade,1.68,61.24,No
16 years old,Male,11th grade,1.57,46.27,Yes
17 years old,Male,11th grade,1.65,78.02,No
14 years old,Female,9th grade,1.6,54.43,No
16 years old,Male,11th grade,1.78,81.65,No
14 years old,Male,9th grade,1.65,54.43,No
17 years old,Female,12th grade,1.57,63.5,No
17 years old,Male,12th grade,1.83,77.11,No
17 years old,Male,12th grade,1.65,117.94,No
14 years old,Female,9th grade,1.6,44.91,Yes
17 years old,Female,12th grade,1.68,56.7,No
17 years old,Male,12th grade,1.7,69.4,No
17 years old,Female,12th grade,1.65,49.9,No
17 years old,Female,12th grade,1.57,56.7,No
15 years old,Male,10th grade,1.83,72.58,Yes
16 years old,Male,10th grade,1.7,90.72,No
17 years old,Male,12th grade,1.8,90.72,No
15 years old,Female,10th grade,1.6,63.5,No
16 years old,Female,10th grade,1.73,61.24,No
17 years old,Male,11th grade,1.85,66.68,No
14 years old,Female,9th grade,1.52,44,No
16 years old,Male,11th grade,1.73,101.61,No
17 years old,Female,12th grade,1.68,58.97,No
16 years old,Female,11th grade,1.63,54.43,No
14 years old,Male,9th grade,1.68,77.11,No
16 years old,Female,11th grade,1.65,72.58,Yes
16 years old,Male,11th grade,1.63,55.79,No
18 years old or older,Male,12th grade,1.8,86.18,No
15 years old,Male,10th grade,1.75,61.24,No
16 years old,Female,10th grade,1.6,52.16,No
17 years old,Female,11th grade,1.55,52.16,No
15 years old,Male,10th grade,1.78,108.86,Yes
18 years old or older,Male,12th grade,1.85,86.18,No
14 years old,Female,9th grade,1.6,54.43,No
16 years old,Male,11th grade,1.73,55.34,No
18 years old or older,Female,12th grade,1.63,49.9,No
15 years old,Male,9th grade,1.8,70.31,No
15 years old,Female,10th grade,1.57,67.59,No
17 years old,Female,12th grade,1.7,64.41,No
16 years old,Male,11th grade,1.75,83.92,No
14 years old,Female,9th grade,1.6,51.26,No
15 years old,Female,10th grade,1.68,63.05,Yes
18 years old or older,Female,12th grade,1.57,54.43,No
18 years old or older,Female,12th grade,1.65,70.31,No
16 years old,Female,10th grade,1.68,57.15,No
15 years old,Female,10th grade,1.6,54.43,No
16 years old,Female,11th grade,1.63,61.24,No
16 years old,Male,11th grade,1.68,81.65,No
17 years old,Male,11th grade,1.7,52.16,No
15 years old,Male,10th grade,1.68,68.04,No
16 years old,Male,10th grade,1.65,70.31,No
16 years old,Female,11th grade,1.63,52.16,No
14 years old,Female,9th grade,1.63,81.65,No
18 years old or older,Male,12th grade,1.73,72.58,No
17 years old,Male,11th grade,1.83,65.77,No
17 years old,Male,11th grade,1.88,97.52,No
14 years old,Male,9th grade,1.6,49.9,No
14 years old,Male,9th grade,1.6,47.63,No
17 years old,Male,12th grade,1.85,74.84,No
15 years old,Female,9th grade,1.65,49.9,No
16 years old,Female,11th grade,1.57,49.9,No
17 years old,Male,12th grade,1.63,55.34,No
14 years old,Male,9th grade,1.65,49.9,Yes
17 years old,Male,11th grade,1.65,91.63,Yes
16 years old,Female,11th grade,1.55,80.29,No
17 years old,Female,12th grade,1.65,60.78,No
14 years old,Female,9th grade,1.6,49.9,No
17 years old,Female,11th grade,1.6,56.7,No
15 years old,Male,9th grade,1.7,55.34,No
17 years old,Male,11th grade,1.78,90.72,No
18 years old or older,Female,12th grade,1.65,56.7,No
16 years old,Male,10th grade,1.73,66.68,No
14 years old,Female,9th grade,1.52,49.9,No
15 years old,Male,10th grade,1.68,44.45,No
18 years old or older,Female,12th grade,1.63,55.79,Yes
15 years old,Female,10th grade,1.5,50.8,No
16 years old,Male,11th grade,1.6,79.83,No
15 years old,Male,10th grade,1.9,74.84,No
14 years old,Female,9th grade,1.57,58.97,No
17 years old,Male,12th grade,1.75,58.97,No
15 years old,Female,10th grade,1.73,65.77,Yes
15 years old,Male,10th grade,1.83,61.24,No
17 years old,Female,12th grade,1.57,72.58,No
16 years old,Female,10th grade,1.63,58.97,No
15 years old,Female,10th grade,1.68,77.11,No
16 years old,Female,10th grade,1.7,121.56,No
16 years old,Male,11th grade,1.88,77.11,No
15 years old,Male,9th grade,1.7,53.98,No
17 years old,Male,11th grade,1.63,56.7,No
17 years old,Female,12th grade,1.57,77.11,No
15 years old,Male,10th grade,1.88,97.98,Yes
16 years old,Female,11th grade,1.6,58.51,No
18 years old or older,Female,12th grade,1.65,54.43,No
17 years old,Male,11th grade,1.8,97.52,Yes
17 years old,Female,12th grade,1.7,65.77,No
15 years old,Female,10th grade,1.57,67.13,No
14 years old,Male,9th grade,1.96,77.11,No
16 years old,Male,10th grade,1.68,63.5,No
15 years old,Male,9th grade,1.78,63.5,No
17 years old,Female,11th grade,1.63,58.97,No
17 years old,Female,11th grade,1.68,54.43,No
15 years old,Female,10th grade,1.6,79.38,No
17 years old,Male,12th grade,1.88,87.09,No
14 years old,Male,9th grade,1.75,71.67,No
16 years old,Female,11th grade,1.57,54.43,No
16 years old,Male,10th grade,1.93,74.84,No
15 years old,Female,10th grade,1.65,48.08,No
16 years old,Female,10th grade,1.65,61.24,No
17 years old,Male,12th grade,1.8,76.2,No
15 years old,Female,10th grade,1.68,72.58,No
16 years old,Male,11th grade,1.7,122.47,No
17 years old,Female,12th grade,1.63,77.11,Yes
15 years old,Male,9th grade,1.88,108.86,No
18 years old or older,Female,12th grade,1.68,77.11,No
17 years old,Female,11th grade,1.57,49.9,Yes
16 years old,Female,10th grade,1.7,54.43,No
17 years old,Male,12th grade,1.83,72.58,No
14 years old,Female,9th grade,1.73,70.31,No
16 years old,Female,10th grade,1.65,88,No
17 years old,Male,12th grade,1.93,88.45,No
15 years old,Male,9th grade,1.75,63.5,No
17 years old,Female,11th grade,1.47,47.63,No
16 years old,Female,10th grade,1.68,58.97,No
18 years old or older,Male,12th grade,1.83,72.58,No
17 years old,Female,12th grade,1.7,62.6,No
16 years old,Female,10th grade,1.75,55.34,Yes
16 years old,Female,11th grade,1.63,52.62,Yes
15 years old,Female,9th grade,1.63,52.16,Yes
16 years old,Male,11th grade,1.7,79.38,No
14 years old,Female,9th grade,1.73,83.92,No
17 years old,Male,11th grade,1.68,49.9,No
14 years old,Male,9th grade,1.83,83.92,Yes
16 years old,Male,10th grade,1.8,74.84,Yes
17 years old,Female,11th grade,1.57,68.04,No
17 years old,Male,11th grade,1.73,61.69,No
16 years old,Female,11th grade,1.57,88.91,No
17 years old,Male,11th grade,1.78,63.5,No
18 years old or older,Male,12th grade,1.88,72.58,No
15 years old,Female,10th grade,1.63,68.04,Yes
14 years old,Female,9th grade,1.8,84.82,Yes
15 years old,Female,10th grade,1.75,56.7,No
16 years old,Female,11th grade,1.68,61.24,No
14 years old,Female,9th grade,1.47,56.25,Yes
15 years old,Female,10th grade,1.68,65.77,No
15 years old,Male,10th grade,1.6,51.71,No
16 years old,Female,10th grade,1.73,136.08,Yes
18 years old or older,Female,12th grade,1.68,117.94,No
17 years old,Male,11th grade,1.83,72.58,No
16 years old,Male,10th grade,1.85,112.95,No
15 years old,Female,10th grade,1.57,43.09,No
17 years old,Female,12th grade,1.75,58.97,No
15 years old,Male,9th grade,1.78,81.65,No
16 years old,Female,11th grade,1.6,49.9,No
15 years old,Male,9th grade,1.7,70.76,No
17 years old,Male,11th grade,1.75,94.8,No
16 years old,Male,11th grade,1.75,75.3,No
16 years old,Male,11th grade,1.83,63.5,No
15 years old,Male,9th grade,1.78,89.36,No
14 years old,Male,9th grade,1.68,65.77,No
17 years old,Female,12th grade,1.63,58.97,No
15 years old,Female,10th grade,1.6,57.61,No
15 years old,Male,10th grade,1.63,54.43,No
15 years old,Female,9th grade,1.65,67.13,Yes
17 years old,Female,12th grade,1.75,86.18,No
16 years old,Male,10th grade,1.75,63.5,No
16 years old,Female,11th grade,1.65,55.34,No
17 years old,Female,12th grade,1.57,54.43,No
16 years old,Female,10th grade,1.75,65.77,No
16 years old,Male,11th grade,1.8,58.97,No
16 years old,Female,10th grade,1.68,59.42,No
16 years old,Female,10th grade,1.57,61.24,No
16 years old,Female,10th grade,1.63,52.16,No
18 years old or older,Female,12th grade,1.68,65.77,No
18 years old or older,Male,12th grade,1.8,79.38,No
15 years old,Female,10th grade,1.6,56.7,No
17 years old,Male,12th grade,1.75,56.25,No
16 years old,Male,11th grade,1.73,49.9,No
17 years old,Male,12th grade,1.83,74.84,No
16 years old,Female,10th grade,1.65,56.7,No
15 years old,Female,10th grade,1.57,52.16,No
15 years old,Male,10th grade,1.75,58.97,No
14 years old,Male,9th grade,1.63,61.24,No
17 years old,Male,11th grade,1.8,85.73,No
15 years old,Male,9th grade,1.83,70.76,No
17 years old,Male,11th grade,1.63,68.04,No
15 years old,Female,9th grade,1.68,54.43,No
16 years old,Male,10th grade,1.88,95.26,No
15 years old,Male,9th grade,1.7,66.68,No
16 years old,Female,10th grade,1.57,52.16,Yes
15 years old,Male,10th grade,1.83,83.92,No
18 years old or older,Male,12th grade,1.75,58.97,No
17 years old,Female,12th grade,1.6,67.13,No
14 years old,Male,9th grade,1.88,80.74,Yes
16 years old,Male,11th grade,1.83,65.77,No
14 years old,Male,9th grade,1.73,55.79,No
15 years old,Male,9th grade,1.68,75.75,No
14 years old,Male,9th grade,1.75,57.61,No
17 years old,Female,11th grade,1.6,58.97,No
15 years old,Male,10th grade,1.78,120.2,No
16 years old,Female,11th grade,1.63,62.6,Yes
17 years old,Male,12th grade,1.78,68.04,No
14 years old,Male,9th grade,1.73,53.98,No
17 years old,Male,11th grade,1.73,61.24,No
17 years old,Male,11th grade,1.78,63.5,No
15 years old,Male,9th grade,1.68,59.88,No
17 years old,Female,12th grade,1.63,60.33,No
16 years old,Female,10th grade,1.63,56.25,No
15 years old,Male,9th grade,1.7,92.99,No
16 years old,Female,11th grade,1.78,76.2,Yes
16 years old,Female,11th grade,1.57,61.24,No
16 years old,Male,11th grade,1.78,65.77,No
14 years old,Female,9th grade,1.55,47.17,No
18 years old or older,Female,12th grade,1.55,58.97,No
15 years old,Male,10th grade,1.73,63.5,No
14 years old,Female,9th grade,1.63,45.36,No
16 years old,Male,11th grade,1.75,63.5,No
14 years old,Male,9th grade,1.63,40.82,No
16 years old,Male,10th grade,1.65,81.65,No
16 years old,Female,11th grade,1.7,56.7,No
15 years old,Female,9th grade,1.57,55.79,No
14 years old,Female,9th grade,1.57,54.43,No
15 years old,Male,9th grade,1.7,66.23,No
15 years old,Male,9th grade,1.63,63.5,No
15 years old,Male,10th grade,1.8,133.81,Yes
17 years old,Female,11th grade,1.52,45.36,No
16 years old,Male,10th grade,1.68,56.7,No
16 years old,Female,11th grade,1.6,52.16,No
14 years old,Male,9th grade,1.6,50.8,Yes
18 years old or older,Female,12th grade,1.65,54.43,No
16 years old,Male,11th grade,1.75,84.82,No
18 years old or older,Female,12th grade,1.6,77.11,No
14 years old,Male,9th grade,1.63,63.5,No
14 years old,Male,9th grade,1.6,48.54,No
15 years old,Female,10th grade,1.57,46.72,No
15 years old,Male,10th grade,1.68,58.97,No
16 years old,Male,10th grade,1.8,68.04,No
16 years old,Male,11th grade,1.88,104.33,No
16 years old,Female,10th grade,1.68,68.04,No
15 years old,Female,9th grade,1.57,56.7,No
17 years old,Male,12th grade,1.65,90.72,No
17 years old,Female,11th grade,1.73,56.7,No
16 years old,Male,11th grade,1.85,77.11,No
18 years old or older,Male,12th grade,1.8,111.13,No
16 years old,Female,11th grade,1.57,58.97,No
16 years old,Male,10th grade,1.83,63.5,No
15 years old,Female,10th grade,1.73,53.52,No
16 years old,Male,10th grade,1.68,74.84,No
16 years old,Male,10th grade,1.85,81.65,No
17 years old,Female,12th grade,1.57,47.63,No
15 years old,Female,10th grade,1.6,52.16,No
16 years old,Male,11th grade,1.83,105.24,No
16 years old,Male,10th grade,1.75,60.78,No
17 years old,Male,11th grade,1.93,64.86,Yes
15 years old,Male,10th grade,1.83,108.86,No
17 years old,Male,11th grade,1.68,54.43,No
15 years old,Male,9th grade,1.75,63.5,No
14 years old,Male,9th grade,1.7,67.13,Yes
15 years old,Male,10th grade,1.78,92.99,No
17 years old,Male,11th grade,1.7,70.31,Yes
16 years old,Male,11th grade,1.78,54.43,No
15 years old,Male,10th grade,1.8,95.26,No
16 years old,Male,11th grade,1.73,87.54,No
17 years old,Female,12th grade,1.57,58.97,No
16 years old,Female,11th grade,1.63,63.5,No
17 years old,Male,12th grade,1.8,74.84,No
17 years old,Female,11th grade,1.65,52.16,No
16 years old,Male,10th grade,1.88,103.42,No
15 years old,Male,9th grade,1.73,56.7,No
16 years old,Male,11th grade,1.85,102.06,No
16 years old,Female,10th grade,1.55,58.97,No
16 years old,Male,11th grade,1.73,65.77,No
14 years old,Male,9th grade,1.68,52.62,Yes
15 years old,Female,10th grade,1.57,44.45,No
17 years old,Male,12th grade,1.8,70.31,No
17 years old,Male,12th grade,1.63,61.24,Yes
14 years old,Male,9th grade,1.8,61.24,No
16 years old,Female,10th grade,1.6,86.18,Yes
16 years old,Male,11th grade,1.85,81.65,No
14 years old,Male,9th grade,1.7,54.43,Yes
18 years old or older,Male,12th grade,1.8,71.67,No
16 years old,Male,11th grade,1.78,58.51,No
16 years old,Male,10th grade,1.75,117.94,Yes
16 years old,Female,10th grade,1.6,63.5,No
14 years old,Female,9th grade,1.57,56.7,No
17 years old,Female,11th grade,1.68,83.92,No
16 years old,Female,10th grade,1.6,68.04,No
17 years old,Male,11th grade,1.75,54.43,No
17 years old,Male,11th grade,1.68,85.73,No
15 years old,Male,9th grade,1.63,92.53,No
15 years old,Male,9th grade,1.63,88.91,No
15 years old,Female,10th grade,1.6,47.63,No
17 years old,Female,12th grade,1.65,58.06,No
16 years old,Female,10th grade,1.63,61.69,No
17 years old,Male,12th grade,1.8,79.38,No
18 years old or older,Male,12th grade,1.85,102.06,No
17 years old,Male,12th grade,1.73,81.65,No
17 years old,Female,12th grade,1.6,64.86,No
18 years old or older,Male,12th grade,1.8,81.65,No
15 years old,Female,10th grade,1.63,54.43,No
17 years old,Female,11th grade,1.65,99.79,No
17 years old,Female,12th grade,1.63,77.11,No
16 years old,Male,11th grade,1.85,74.84,No
14 years old,Male,9th grade,1.75,65.77,No
14 years old,Male,9th grade,1.75,61.24,No
15 years old,Female,10th grade,1.75,63.5,No
18 years old or older,Female,12th grade,1.42,56.7,No
16 years old,Male,10th grade,1.83,68.04,No
17 years old,Female,12th grade,1.52,51.71,No
16 years old,Female,11th grade,1.7,79.38,No
16 years old,Male,9th grade,1.75,56.7,No
15 years old,Female,9th grade,1.8,68.04,No
15 years old,Female,10th grade,1.57,52.16,No
18 years old or older,Male,12th grade,1.88,128.82,No
15 years old,Male,10th grade,1.68,75.75,No
16 years old,Female,11th grade,1.65,63.5,No
18 years old or older,Male,12th grade,1.83,149.69,Yes
15 years old,Male,9th grade,1.68,56.7,No
15 years old,Male,9th grade,1.83,54.43,No
17 years old,Female,11th grade,1.5,74.84,No
16 years old,Male,10th grade,1.73,87.54,No
15 years old,Female,10th grade,1.68,56.7,No
16 years old,Male,11th grade,1.7,63.5,No
17 years old,Male,12th grade,1.83,84.37,No
14 years old,Female,9th grade,1.65,97.52,No
15 years old,Female,9th grade,1.7,65.77,No
17 years old,Female,12th grade,1.7,59.88,No
17 years old,Female,12th grade,1.65,50.8,No
15 years old,Male,9th grade,1.78,54.43,No
17 years old,Female,12th grade,1.63,87.54,No
15 years old,Female,9th grade,1.52,56.7,No
16 years old,Male,11th grade,1.57,63.5,No
15 years old,Female,10th grade,1.68,88.45,No
14 years old,Female,9th grade,1.47,49.9,No
15 years old,Female,9th grade,1.68,45.36,No
15 years old,Male,9th grade,1.85,74.84,No
18 years old or older,Female,12th grade,1.78,83.92,No
15 years old,Male,9th grade,1.73,92.99,No
15 years old,Female,10th grade,1.63,61.24,No
18 years old or older,Female,12th grade,1.52,61.69,No
16 years old,Male,10th grade,1.75,58.97,No
17 years old,Male,11th grade,1.73,68.04,No
18 years old or older,Female,12th grade,1.63,61.24,No
18 years old or older,Male,12th grade,1.75,63.5,Yes
18 years old or older,Male,12th grade,1.75,92.99,No
14 years old,Female,9th grade,1.55,49.9,No
14 years old,Male,9th grade,1.73,58.97,Yes
15 years old,Female,9th grade,1.6,54.43,No
17 years old,Male,11th grade,1.68,55.79,Yes
17 years old,Female,11th grade,1.63,49.9,No
16 years old,Male,10th grade,1.83,95.26,No
15 years old,Male,9th grade,1.83,82.56,No
15 years old,Female,10th grade,1.55,54.43,No
16 years old,Female,10th grade,1.6,64.41,No
16 years old,Male,10th grade,1.65,67.59,No
18 years old or older,Female,12th grade,1.73,53.52,No
16 years old,Male,11th grade,1.63,58.97,No
16 years old,Male,11th grade,1.78,90.72,No
17 years old,Male,12th grade,1.78,72.58,No
17 years old,Female,11th grade,1.55,58.97,No
15 years old,Male,10th grade,1.7,65.77,No
17 years old,Male,11th grade,1.73,52.62,No
15 years old,Female,10th grade,1.7,62.6,No
15 years old,Female,9th grade,1.65,54.43,No
14 years old,Female,9th grade,1.68,54.43,No
17 years old,Female,11th grade,1.6,81.65,No
16 years old,Male,11th grade,1.73,83.92,No
14 years old,Female,9th grade,1.6,106.6,No
17 years old,Male,12th grade,1.83,90.72,No
16 years old,Female,11th grade,1.63,68.04,No
15 years old,Male,10th grade,1.73,62.6,No
14 years old,Male,9th grade,1.65,52.16,No
18 years old or older,Female,12th grade,1.63,63.5,No
16 years old,Male,11th grade,1.68,74.84,No
18 years old or older,Female,12th grade,1.47,51.26,No
17 years old,Female,11th grade,1.75,72.58,No
16 years old,Female,10th grade,1.63,83.92,No
18 years old or older,Male,12th grade,1.93,83.92,No
14 years old,Male,9th grade,1.78,68.04,No
15 years old,Female,9th grade,1.68,62.6,Yes
16 years old,Female,10th grade,1.63,63.5,No
16 years old,Female,11th grade,1.42,45.36,No
14 years old,Female,9th grade,1.5,44,No
17 years old,Male,11th grade,1.7,68.04,No
17 years old,Female,11th grade,1.65,58.97,No
17 years old,Female,12th grade,1.55,58.97,No
17 years old,Female,12th grade,1.6,97.98,No
15 years old,Female,9th grade,1.7,99.79,No
17 years old,Female,11th grade,1.6,63.5,No
16 years old,Female,10th grade,1.8,72.58,No
16 years old,Female,11th grade,1.63,78.02,No
15 years old,Male,10th grade,1.57,50.8,Yes
17 years old,Male,11th grade,1.6,68.04,Yes
15 years old,Female,9th grade,1.7,63.5,No
15 years old,Male,10th grade,1.68,52.16,Yes
14 years old,Female,9th grade,1.55,52.16,No
17 years old,Female,11th grade,1.7,89.81,No
17 years old,Male,12th grade,1.78,67.13,No
15 years old,Female,9th grade,1.83,72.58,No
16 years old,Female,10th grade,1.75,58.97,No
15 years old,Female,10th grade,1.63,54.43,No
14 years old,Female,9th grade,1.63,58.97,No
16 years old,Male,10th grade,1.75,99.79,No
15 years old,Male,10th grade,1.75,63.5,No
17 years old,Male,12th grade,1.83,59.88,No
15 years old,Male,9th grade,1.83,83.92,Yes
16 years old,Male,10th grade,1.7,63.5,Yes
14 years old,Female,9th grade,1.63,52.16,No
16 years old,Male,10th grade,1.75,85.73,Yes
15 years old,Female,9th grade,1.57,54.43,Yes
17 years old,Female,12th grade,1.7,99.79,Yes
15 years old,Male,10th grade,1.88,108.86,No
14 years old,Female,9th grade,1.65,61.24,No
18 years old or older,Female,12th grade,1.7,81.65,No
15 years old,Female,10th grade,1.52,58.97,No
14 years old,Male,9th grade,1.63,48.54,No
15 years old,Male,10th grade,1.78,104.33,No
16 years old,Female,11th grade,1.6,129.28,No
15 years old,Female,10th grade,1.75,58.97,No
16 years old,Female,10th grade,1.83,68.04,No
15 years old,Male,10th grade,1.63,113.4,No
15 years old,Female,10th grade,1.68,61.24,No
15 years old,Male,9th grade,1.75,68.04,No
16 years old,Female,10th grade,1.68,61.24,No
15 years old,Female,9th grade,1.57,52.16,Yes
17 years old,Male,11th grade,1.85,108.86,No
18 years old or older,Male,12th grade,1.83,77.11,No
17 years old,Male,11th grade,1.78,81.65,Yes
18 years old or older,Male,12th grade,1.8,72.58,No
16 years old,Female,10th grade,1.52,49.9,Yes
15 years old,Male,10th grade,1.65,66.68,No
15 years old,Female,9th grade,1.55,44.45,No
16 years old,Male,10th grade,1.7,54.89,No
15 years old,Male,9th grade,1.6,64.86,No
14 years old,Male,9th grade,1.73,55.34,No
18 years old or older,Male,12th grade,1.83,83.92,No
16 years old,Male,11th grade,1.8,73.03,No
18 years old or older,Male,12th grade,1.85,58.97,No
15 years old,Male,10th grade,1.68,59.42,No
15 years old,Male,10th grade,1.78,90.72,No
15 years old,Female,10th grade,1.52,68.04,No
14 years old,Female,9th grade,1.57,63.5,No
15 years old,Female,10th grade,1.65,63.96,No
15 years old,Female,10th grade,1.47,38.56,No
15 years old,Female,9th grade,1.6,54.89,Yes
14 years old,Female,9th grade,1.7,56.7,No
17 years old,Female,11th grade,1.73,83.92,Yes
16 years old,Male,11th grade,1.68,68.04,No
17 years old,Male,11th grade,1.8,86.18,No
15 years old,Female,10th grade,1.55,56.7,No
17 years old,Male,11th grade,1.78,74.84,No
15 years old,Male,10th grade,1.6,54.43,No
15 years old,Female,9th grade,1.68,68.04,Yes
14 years old,Male,9th grade,1.65,86.18,Yes
14 years old,Female,9th grade,1.75,72.58,Yes
16 years old,Male,10th grade,1.78,74.84,No
15 years old,Male,9th grade,1.68,65.77,No
18 years old or older,Female,12th grade,1.55,77.11,No
18 years old or older,Female,12th grade,1.68,63.5,No
16 years old,Female,10th grade,1.65,72.58,No
16 years old,Female,10th grade,1.55,44.91,Yes
14 years old,Male,9th grade,1.78,68.04,No
15 years old,Female,10th grade,1.5,58.97,No
15 years old,Male,10th grade,1.8,95.26,No
14 years old,Female,9th grade,1.57,54.43,No
16 years old,Female,10th grade,1.75,61.24,No
18 years old or older,Female,12th grade,1.5,71.22,No
16 years old,Female,11th grade,1.52,45.36,Yes
17 years old,Male,11th grade,1.7,62.6,No
18 years old or older,Female,12th grade,1.55,52.16,No
15 years old,Female,10th grade,1.57,48.08,Yes
16 years old,Male,10th grade,1.85,72.58,No
15 years old,Female,10th grade,1.45,49.9,No
17 years old,Male,12th grade,1.8,68.04,No
16 years old,Male,10th grade,1.78,45.36,No
14 years old,Male,9th grade,1.7,54.43,No
14 years old,Female,9th grade,1.68,52.16,No
16 years old,Male,10th grade,1.57,53.07,Yes
15 years old,Female,10th grade,1.65,56.7,No
17 years old,Female,11th grade,1.73,56.7,No
17 years old,Male,11th grade,1.68,75.3,Yes
15 years old,Male,9th grade,1.68,53.52,No
14 years old,Male,9th grade,1.6,49.9,No
17 years old,Male,12th grade,1.78,90.72,No
17 years old,Male,11th grade,1.75,127.01,No
15 years old,Male,10th grade,1.85,86.18,No
15 years old,Male,9th grade,1.78,104.33,No
17 years old,Male,12th grade,1.83,77.11,No
18 years old or older,Female,12th grade,1.65,47.63,No
16 years old,Female,11th grade,1.52,68.04,No
16 years old,Male,10th grade,1.73,54.43,No
17 years old,Female,11th grade,1.73,66.23,Yes
17 years old,Female,12th grade,1.65,49.9,No
16 years old,Female,11th grade,1.65,57.61,No
13 years old,Female,9th grade,1.57,45.36,No
17 years old,Female,11th grade,1.6,54.43,No
16 years old,Female,10th grade,1.63,61.24,No
17 years old,Female,11th grade,1.6,54.43,No
15 years old,Male,9th grade,1.8,77.11,No
16 years old,Male,11th grade,1.7,58.97,No
16 years old,Female,10th grade,1.5,36.29,No
17 years old,Female,12th grade,1.47,48.99,No
15 years old,Male,10th grade,1.88,66.23,Yes
14 years old,Male,9th grade,1.7,81.65,No
15 years old,Female,9th grade,1.55,53.52,No
16 years old,Male,11th grade,1.73,64.86,No
14 years old,Male,9th grade,1.68,104.33,No
18 years old or older,Male,12th grade,1.83,71.22,No
16 years old,Male,10th grade,1.7,68.04,No
17 years old,Female,12th grade,1.57,47.63,No
16 years old,Female,11th grade,1.65,61.24,No
16 years old,Male,10th grade,1.75,101.15,No
15 years old,Male,9th grade,1.7,54.43,No
15 years old,Female,10th grade,1.5,51.26,No
15 years old,Male,9th grade,1.6,60.78,No
15 years old,Female,10th grade,1.75,63.5,Yes
16 years old,Female,11th grade,1.57,53.07,No
14 years old,Female,9th grade,1.65,54.43,No
17 years old,Female,11th grade,1.52,54.43,No
15 years old,Female,10th grade,1.45,41.73,No
17 years old,Male,12th grade,1.75,56.7,Yes
16 years old,Male,11th grade,1.75,76.2,No
14 years old,Female,9th grade,1.55,48.54,Yes
16 years old,Female,10th grade,1.65,53.98,No
18 years old or older,Female,12th grade,1.55,49.9,No
17 years old,Female,12th grade,1.63,98.43,No
14 years old,Male,9th grade,1.57,49.44,No
15 years old,Female,10th grade,1.5,53.52,No
14 years old,Male,9th grade,1.75,58.97,No
15 years old,Female,9th grade,1.63,49.44,No
15 years old,Female,9th grade,1.65,58.97,No
16 years old,Female,10th grade,1.57,77.11,No
14 years old,Female,9th grade,1.6,42.18,No
15 years old,Male,9th grade,1.65,54.43,Yes
17 years old,Female,11th grade,1.73,81.65,No
15 years old,Female,9th grade,1.57,47.17,No
14 years old,Male,9th grade,1.65,51.26,No
17 years old,Male,12th grade,1.88,70.31,No
15 years old,Male,9th grade,1.75,70.31,No
16 years old,Female,11th grade,1.65,69.4,No
14 years old,Female,9th grade,1.7,63.5,No
17 years old,Female,11th grade,1.75,72.58,No
15 years old,Female,10th grade,1.55,52.62,No
15 years old,Male,10th grade,1.78,72.58,No
18 years old or older,Female,12th grade,1.52,53.52,No
17 years old,Female,12th grade,1.68,67.13,No
17 years old,Female,12th grade,1.6,58.06,No
17 years old,Female,12th grade,1.6,104.33,No
16 years old,Male,11th grade,1.63,54.43,No
15 years old,Male,9th grade,1.6,54.89,Yes
15 years old,Male,9th grade,1.78,95.26,No
17 years old,Male,12th grade,1.83,64.86,No
15 years old,Female,9th grade,1.65,88.91,No
16 years old,Female,11th grade,1.65,77.11,No
15 years old,Female,10th grade,1.65,63.5,No
18 years old or older,Female,12th grade,1.68,54.43,No
17 years old,Female,12th grade,1.68,55.34,No
16 years old,Male,10th grade,1.75,66.68,No
15 years old,Female,10th grade,1.7,88.91,No
16 years old,Male,11th grade,1.78,68.04,No
18 years old or older,Male,12th grade,1.63,56.7,Yes
15 years old,Female,9th grade,1.57,52.16,No
16 years old,Female,11th grade,1.57,55.79,No
15 years old,Male,10th grade,1.73,62.6,No
14 years old,Female,9th grade,1.7,56.7,No
16 years old,Female,10th grade,1.65,62.14,No
16 years old,Female,11th grade,1.63,93.44,No
16 years old,Female,11th grade,1.7,81.65,No
15 years old,Male,10th grade,1.73,60.78,No
15 years old,Male,9th grade,1.73,58.51,No
16 years old,Female,10th grade,1.6,47.17,No
17 years old,Male,12th grade,1.6,47.63,Yes
17 years old,Female,11th grade,1.8,74.84,No
15 years old,Female,9th grade,1.55,54.43,No
15 years old,Male,9th grade,1.73,61.24,No
16 years old,Female,11th grade,1.5,52.16,No
14 years old,Female,9th grade,1.57,52.62,No
16 years old,Male,10th grade,1.78,65.77,No
15 years old,Male,9th grade,1.73,68.04,No
16 years old,Male,10th grade,1.68,40.82,No
15 years old,Male,10th grade,1.8,83.92,No
17 years old,Female,11th grade,1.65,63.5,No
15 years old,Male,9th grade,1.83,62.6,No
15 years old,Female,9th grade,1.55,57.61,No
16 years old,Female,10th grade,1.6,50.8,No
14 years old,Male,9th grade,1.8,58.97,No
17 years old,Female,11th grade,1.7,62.14,No
16 years old,Female,10th grade,1.55,62.14,No
15 years old,Female,10th grade,1.63,45.36,No
15 years old,Female,10th grade,1.7,45.36,No
15 years old,Female,10th grade,1.63,56.7,Yes
15 years old,Female,9th grade,1.6,53.07,Yes
14 years old,Female,9th grade,1.63,63.5,No
16 years old,Male,10th grade,1.6,63.5,No
14 years old,Female,9th grade,1.63,68.04,Yes
17 years old,Female,12th grade,1.55,72.58,No
16 years old,Female,10th grade,1.63,104.33,Yes
15 years old,Male,10th grade,1.8,95.26,Yes
14 years old,Male,9th grade,1.83,92.99,No
14 years old,Male,9th grade,1.65,68.04,Yes
17 years old,Female,12th grade,1.63,62.14,No
17 years old,Male,11th grade,1.68,57.15,No
17 years old,Male,12th grade,1.75,64.86,No
16 years old,Male,10th grade,1.75,69.85,No
16 years old,Male,11th grade,1.7,56.7,No
17 years old,Male,11th grade,1.78,90.72,No
15 years old,Female,9th grade,1.73,81.65,No
14 years old,Male,9th grade,1.93,131.54,Yes
17 years old,Male,11th grade,1.78,72.58,No
17 years old,Female,11th grade,1.7,71.22,No
17 years old,Male,12th grade,1.63,61.24,No
15 years old,Male,10th grade,1.63,53.52,No
16 years old,Female,10th grade,1.55,72.58,No
16 years old,Male,11th grade,1.9,104.33,No
14 years old,Female,9th grade,1.65,50.35,No
17 years old,Female,12th grade,1.7,58.97,No
17 years old,Male,11th grade,1.73,79.38,No
17 years old,Male,11th grade,1.73,72.58,No
17 years old,Female,11th grade,1.63,54.43,Yes
18 years old or older,Male,12th grade,1.73,94.8,No
16 years old,Female,10th grade,1.6,53.52,No
15 years old,Male,10th grade,1.83,98.88,No
15 years old,Female,9th grade,1.5,58.97,Yes
14 years old,Female,9th grade,1.65,68.04,No
14 years old,Female,9th grade,1.5,38.1,Yes
14 years old,Female,9th grade,1.63,58.97,No
15 years old,Female,10th grade,1.4,58.97,No
16 years old,Male,10th grade,1.8,75.3,No
16 years old,Male,11th grade,1.78,71.67,No
17 years old,Male,11th grade,1.8,90.72,No
15 years old,Female,10th grade,1.68,84.82,Yes
14 years old,Male,9th grade,1.7,64.41,No
17 years old,Female,11th grade,1.65,54.43,No
14 years old,Female,9th grade,1.47,53.07,No
14 years old,Male,9th grade,1.65,56.7,No
16 years old,Female,11th grade,1.57,72.58,Yes
16 years old,Male,10th grade,1.75,90.72,No
14 years old,Female,9th grade,1.6,52.62,No
16 years old,Male,10th grade,1.85,86.18,No
15 years old,Female,9th grade,1.52,43.55,No
17 years old,Male,12th grade,1.75,158.76,Yes
15 years old,Female,10th grade,1.65,50.35,No
14 years old,Male,9th grade,1.78,64.86,No
17 years old,Female,11th grade,1.55,68.04,No
15 years old,Male,10th grade,1.78,56.7,No
17 years old,Male,11th grade,1.88,90.27,No
14 years old,Male,9th grade,1.85,77.11,No
18 years old or older,Male,12th grade,1.75,72.58,No
15 years old,Female,9th grade,1.68,54.43,No
15 years old,Female,10th grade,1.47,49.9,No
15 years old,Male,9th grade,1.6,80.74,No
14 years old,Male,9th grade,1.73,68.04,No
14 years old,Male,9th grade,1.63,52.16,No
15 years old,Female,9th grade,1.63,68.95,No
15 years old,Female,10th grade,1.68,63.5,No
17 years old,Male,11th grade,1.6,71.67,No
17 years old,Male,11th grade,1.52,54.43,No
15 years old,Female,9th grade,1.68,63.5,No
18 years old or older,Female,12th grade,1.7,63.5,No
18 years old or older,Female,12th grade,1.5,48.99,No
18 years old or older,Female,12th grade,1.7,51.71,No
16 years old,Male,11th grade,1.78,131.09,No
15 years old,Male,9th grade,1.63,45.36,No
15 years old,Male,9th grade,1.83,83.92,No
16 years old,Male,10th grade,1.85,76.2,No
16 years old,Male,10th grade,1.8,81.65,No
15 years old,Male,10th grade,1.7,63.5,No
15 years old,Female,9th grade,1.57,53.52,Yes
16 years old,Female,10th grade,1.75,59.88,No
16 years old,Male,11th grade,1.83,77.11,No
17 years old,Female,12th grade,1.75,113.4,Yes
14 years old,Female,9th grade,1.6,50.8,No
16 years old,Female,11th grade,1.63,68.04,No
18 years old or older,Female,12th grade,1.6,72.58,No
16 years old,Male,10th grade,1.73,61.24,No
16 years old,Female,10th grade,1.52,58.06,No
15 years old,Male,9th grade,1.78,74.39,No
17 years old,Female,9th grade,1.45,83.01,No
15 years old,Male,10th grade,1.78,70.31,No
16 years old,Male,11th grade,1.73,58.97,Yes
18 years old or older,Female,12th grade,1.57,46.27,No
14 years old,Male,9th grade,1.65,58.06,No
16 years old,Female,11th grade,1.63,75.3,No
18 years old or older,Male,12th grade,1.7,72.58,No
17 years old,Male,11th grade,1.85,61.24,No
15 years old,Female,10th grade,1.65,54.43,Yes
15 years old,Male,9th grade,1.83,77.11,No
16 years old,Female,11th grade,1.68,81.65,Yes
16 years old,Male,11th grade,1.68,68.04,No
16 years old,Male,11th grade,1.7,52.16,No
15 years old,Female,9th grade,1.52,38.1,No
15 years old,Male,9th grade,1.78,113.4,No
16 years old,Female,10th grade,1.5,64.41,No
15 years old,Female,10th grade,1.63,54.43,No
15 years old,Female,9th grade,1.57,69.4,No
18 years old or older,Male,12th grade,1.93,85.28,Yes
15 years old,Male,9th grade,1.7,63.5,No
15 years old,Female,9th grade,1.6,74.84,No
15 years old,Male,9th grade,1.8,96.16,No
14 years old,Male,9th grade,1.85,90.72,Yes
17 years old,Male,12th grade,1.75,92.99,No
15 years old,Male,10th grade,1.68,67.59,No
15 years old,Male,9th grade,1.68,52.16,Yes
15 years old,Male,9th grade,1.7,77.11,No
15 years old,Male,10th grade,1.68,56.7,No
16 years old,Female,11th grade,1.6,58.97,No
15 years old,Female,9th grade,1.63,52.16,Yes
14 years old,Female,9th grade,1.57,70.76,No
15 years old,Male,9th grade,1.83,102.06,No
16 years old,Female,11th grade,1.52,52.16,No
17 years old,Female,11th grade,1.55,64.41,No
16 years old,Female,10th grade,1.63,79.38,No
16 years old,Female,10th grade,1.5,49.9,No
15 years old,Male,9th grade,1.65,70.31,No
15 years old,Female,10th grade,1.55,52.62,No
16 years old,Male,10th grade,1.73,69.85,No
16 years old,Female,11th grade,1.65,97.07,Yes
14 years old,Male,9th grade,1.83,61.24,No
15 years old,Female,9th grade,1.57,60.33,No
16 years old,Female,11th grade,1.6,56.25,No
15 years old,Male,10th grade,1.65,40.82,No
14 years old,Male,9th grade,1.57,53.98,No
17 years old,Female,11th grade,1.68,83.01,No
15 years old,Male,9th grade,1.85,72.58,No
14 years old,Male,9th grade,1.45,90.27,No
16 years old,Female,11th grade,1.65,81.65,No
14 years old,Male,9th grade,1.73,87.54,No
18 years old or older,Male,12th grade,1.8,71.67,No
16 years old,Female,10th grade,1.52,54.43,Yes
16 years old,Male,10th grade,1.6,51.26,No
16 years old,Female,11th grade,1.57,47.63,No
14 years old,Female,9th grade,1.73,56.7,No
17 years old,Female,11th grade,1.5,49.9,No
17 years old,Female,11th grade,1.85,58.97,Yes
17 years old,Female,11th grade,1.68,65.77,No
16 years old,Male,10th grade,1.7,63.5,No
15 years old,Female,9th grade,1.55,62.6,No
17 years old,Male,11th grade,1.65,54.43,No
15 years old,Female,10th grade,1.68,58.97,No
14 years old,Male,9th grade,1.7,56.7,No
14 years old,Female,9th grade,1.57,65.77,No
15 years old,Female,10th grade,1.52,43.09,Yes
15 years old,Male,9th grade,1.88,89.36,Yes
16 years old,Female,10th grade,1.7,52.16,No
17 years old,Female,11th grade,1.75,109.77,No
14 years old,Male,9th grade,1.7,64.86,No
15 years old,Female,10th grade,1.57,61.24,No
17 years old,Male,11th grade,1.75,68.04,No
14 years old,Female,9th grade,1.7,58.97,No
16 years old,Female,11th grade,1.6,56.7,No
14 years old,Female,9th grade,1.52,61.24,No
15 years old,Male,9th grade,1.78,88.45,No
18 years old or older,Female,12th grade,1.7,74.84,No
18 years old or older,Female,12th grade,1.68,99.79,No
15 years old,Female,10th grade,1.65,48.99,No
17 years old,Female,11th grade,1.63,90.72,No
15 years old,Female,9th grade,1.68,72.58,No
15 years old,Male,10th grade,1.68,54.43,No
15 years old,Male,9th grade,1.73,142.88,No
15 years old,Female,9th grade,1.73,65.77,No
16 years old,Male,11th grade,1.78,72.58,No
16 years old,Female,11th grade,1.6,52.16,No
15 years old,Male,9th grade,1.73,56.7,No
16 years old,Male,10th grade,1.83,90.72,No
15 years old,Female,9th grade,1.6,49.9,No
15 years old,Male,9th grade,1.73,90.72,No
18 years old or older,Male,12th grade,1.7,93.44,No
17 years old,Male,11th grade,1.6,88.45,No
17 years old,Female,11th grade,1.65,51.26,No
16 years old,Female,11th grade,1.6,73.94,No
15 years old,Male,10th grade,1.75,83.01,No
15 years old,Male,10th grade,1.83,77.11,No
18 years old or older,Female,12th grade,1.57,49.9,No
15 years old,Male,10th grade,1.68,62.6,No
15 years old,Male,9th grade,1.68,64.41,No
14 years old,Female,9th grade,1.6,52.16,No
14 years old,Female,9th grade,1.68,52.16,No
15 years old,Female,9th grade,1.73,61.24,No
16 years old,Male,10th grade,1.8,58.97,No
15 years old,Female,10th grade,1.7,74.84,No
16 years old,Male,11th grade,1.85,129.28,No
14 years old,Female,9th grade,1.7,81.65,Yes
14 years old,Male,9th grade,1.63,63.5,No
18 years old or older,Male,12th grade,1.8,95.26,No
14 years old,Female,9th grade,1.73,54.43,Yes
15 years old,Male,9th grade,1.73,63.5,No
17 years old,Male,11th grade,1.6,54.43,No
17 years old,Female,11th grade,1.52,64.41,No
16 years old,Male,10th grade,1.75,64.41,Yes
15 years old,Male,10th grade,1.7,57.61,No
15 years old,Male,9th grade,1.57,41.73,No
15 years old,Male,9th grade,1.63,77.11,No
17 years old,Female,11th grade,1.63,99.79,No
14 years old,Female,9th grade,1.65,63.05,No
16 years old,Male,11th grade,1.75,65.77,No
15 years old,Female,9th grade,1.68,54.43,Yes
14 years old,Female,9th grade,1.7,61.69,No
14 years old,Male,9th grade,1.78,95.26,No
17 years old,Female,12th grade,1.5,58.97,No
15 years old,Female,10th grade,1.6,41.73,No
14 years old,Female,9th grade,1.73,72.58,No
14 years old,Female,9th grade,1.55,56.7,No
16 years old,Female,10th grade,1.6,48.99,No
16 years old,Male,10th grade,1.83,74.84,No
16 years old,Male,10th grade,1.73,58.97,No
16 years old,Male,10th grade,1.73,70.31,No
15 years old,Female,10th grade,1.5,46.72,Yes
17 years old,Female,12th grade,1.63,80.74,No
15 years old,Female,10th grade,1.78,59.88,No
17 years old,Female,11th grade,1.73,63.5,No
16 years old,Male,10th grade,1.83,62.6,No
14 years old,Male,9th grade,1.78,92.08,No
16 years old,Male,11th grade,1.7,108.86,No
14 years old,Female,9th grade,1.63,51.71,No
14 years old,Male,9th grade,1.65,61.24,No
18 years old or older,Female,12th grade,1.63,63.5,No
14 years old,Female,9th grade,1.7,81.65,No
16 years old,Female,10th grade,1.57,51.26,No
17 years old,Male,12th grade,1.78,65.77,No
14 years old,Female,9th grade,1.6,52.16,No
17 years old,Male,11th grade,1.8,58.97,No
15 years old,Female,9th grade,1.55,88,No
16 years old,Male,11th grade,1.7,67.13,No
14 years old,Female,9th grade,1.55,48.99,No
15 years old,Male,9th grade,1.65,40.82,No
16 years old,Female,11th grade,1.55,54.43,Yes
15 years old,Female,10th grade,1.5,68.04,No
17 years old,Male,11th grade,1.68,54.89,No
16 years old,Male,11th grade,1.78,100.7,No
18 years old or older,Female,11th grade,1.5,43.09,No
16 years old,Male,10th grade,1.63,68.04,No
16 years old,Male,11th grade,1.78,74.84,No
17 years old,Male,11th grade,1.78,72.58,Yes
15 years old,Female,9th grade,1.63,58.97,No
14 years old,Male,9th grade,1.65,52.16,No
17 years old,Female,11th grade,1.68,61.24,No
15 years old,Male,10th grade,1.83,75.75,No
14 years old,Female,9th grade,1.55,48.08,No
14 years old,Female,9th grade,1.6,91.63,No
14 years old,Male,9th grade,1.7,56.7,No
15 years old,Male,10th grade,1.65,61.24,No
16 years old,Female,11th grade,1.52,50.8,No
15 years old,Male,10th grade,1.73,70.31,No
17 years old,Female,11th grade,1.7,56.7,No
18 years old or older,Female,12th grade,1.65,53.52,No
16 years old,Male,10th grade,1.78,90.72,Yes
15 years old,Male,9th grade,1.63,45.36,No
16 years old,Male,11th grade,1.85,61.24,No
15 years old,Male,9th grade,1.7,54.43,No
13 years old,Male,9th grade,1.5,54.43,No
15 years old,Female,9th grade,1.65,48.54,Yes
15 years old,Male,9th grade,1.65,57.61,No
15 years old,Male,9th grade,1.78,63.5,No
17 years old,Female,10th grade,1.5,72.58,No
15 years old,Male,9th grade,1.73,86.18,No
14 years old,Female,9th grade,1.63,63.5,No
16 years old,Female,10th grade,1.63,54.43,No
15 years old,Male,9th grade,1.75,95.26,No
15 years old,Male,9th grade,1.8,84.82,No
15 years old,Female,9th grade,1.47,40.82,No
15 years old,Female,9th grade,1.7,57.15,No
15 years old,Male,10th grade,1.68,49.9,No
14 years old,Female,9th grade,1.55,49.9,Yes
16 years old,Male,10th grade,1.8,86.18,No
16 years old,Male,10th grade,1.63,58.97,Yes
15 years old,Male,10th grade,1.8,99.79,No
14 years old,Male,9th grade,1.75,74.39,No
14 years old,Male,9th grade,1.75,122.47,No
14 years old,Male,9th grade,1.83,54.43,Yes
15 years old,Male,9th grade,1.8,59.88,No
14 years old,Male,9th grade,1.78,58.97,No
16 years old,Male,10th grade,1.63,50.8,No
15 years old,Male,10th grade,1.73,58.51,No
15 years old,Male,9th grade,1.7,74.84,No
17 years old,Male,11th grade,1.68,61.69,No
15 years old,Female,10th grade,1.63,63.5,No
17 years old,Female,11th grade,1.55,53.52,No
15 years old,Female,10th grade,1.55,45.36,No
16 years old,Female,10th grade,1.63,50.8,No
18 years old or older,Male,12th grade,1.65,79.38,No
15 years old,Male,10th grade,1.8,96.16,No
15 years old,Male,10th grade,1.78,68.04,No
14 years old,Female,9th grade,1.73,55.34,No
15 years old,Female,9th grade,1.6,63.5,No
15 years old,Male,10th grade,1.7,71.67,No
15 years old,Female,9th grade,1.65,57.61,No
15 years old,Male,10th grade,2.01,113.4,No
14 years old,Female,9th grade,1.6,72.58,No
16 years old,Female,10th grade,1.73,72.58,No
17 years old,Male,11th grade,1.65,55.79,No
15 years old,Male,9th grade,1.7,81.65,No
15 years old,Male,10th grade,1.7,99.79,No
17 years old,Female,11th grade,1.52,58.97,Yes
15 years old,Male,9th grade,1.68,61.24,Yes
17 years old,Male,12th grade,1.68,81.65,No
14 years old,Male,9th grade,1.68,57.61,No
15 years old,Male,9th grade,1.6,81.65,No
14 years old,Female,9th grade,1.55,52.16,No
15 years old,Female,9th grade,1.57,46.27,No
15 years old,Male,10th grade,1.57,57.15,Yes
14 years old,Female,9th grade,1.6,43.55,Yes
15 years old,Male,10th grade,1.73,68.95,No
15 years old,Male,10th grade,1.83,77.11,No
14 years old,Female,9th grade,1.57,99.79,No
15 years old,Female,10th grade,1.52,86.18,No
15 years old,Male,10th grade,1.88,81.65,No
15 years old,Male,9th grade,1.73,63.05,No
14 years old,Male,9th grade,1.57,48.54,No
15 years old,Male,9th grade,1.7,54.43,No
16 years old,Male,10th grade,1.75,66.23,No
14 years old,Female,9th grade,1.6,47.63,No
16 years old,Female,10th grade,1.6,86.18,No
15 years old,Male,9th grade,1.63,57.61,No
15 years old,Male,9th grade,1.55,58.97,No
15 years old,Female,10th grade,1.52,74.84,No
15 years old,Female,9th grade,1.52,52.62,No
17 years old,Female,12th grade,1.6,48.99,No
15 years old,Female,9th grade,1.65,54.43,Yes
14 years old,Female,9th grade,1.73,129.28,No
15 years old,Male,9th grade,1.65,72.58,No
15 years old,Female,9th grade,1.55,58.97,No
14 years old,Female,9th grade,1.55,61.24,No
15 years old,Male,9th grade,1.7,117.94,No
17 years old,Male,11th grade,1.6,65.77,No
16 years old,Male,11th grade,1.73,136.08,No
16 years old,Male,10th grade,1.75,59.42,No
15 years old,Male,9th grade,1.75,58.97,No
16 years old,Female,11th grade,1.55,86.18,Yes
15 years old,Male,9th grade,1.73,58.97,No
17 years old,Male,11th grade,1.78,109.32,No
15 years old,Male,10th grade,1.75,96.62,No
15 years old,Female,10th grade,1.57,67.13,Yes
15 years old,Male,10th grade,1.57,82.56,No
14 years old,Male,9th grade,1.78,80.74,No
15 years old,Female,10th grade,1.57,52.16,No
16 years old,Male,10th grade,1.78,61.24,No
18 years old or older,Male,12th grade,1.78,92.99,No
17 years old,Female,12th grade,1.7,74.84,No
17 years old,Female,11th grade,1.5,99.79,No
18 years old or older,Female,12th grade,1.55,127.01,Yes
15 years old,Female,10th grade,1.63,63.5,No
14 years old,Female,9th grade,1.52,38.56,No
17 years old,Male,11th grade,1.7,68.04,No
15 years old,Male,10th grade,1.78,90.72,No
15 years old,Male,10th grade,1.75,90.72,No
15 years old,Male,9th grade,1.8,54.43,No
14 years old,Male,9th grade,1.7,59.88,No
16 years old,Female,11th grade,1.63,56.7,No
16 years old,Male,11th grade,1.73,69.4,Yes
15 years old,Male,9th grade,1.88,63.05,No
18 years old or older,Female,12th grade,1.78,107.5,No
14 years old,Male,9th grade,1.73,94.35,No
14 years old,Female,9th grade,1.5,51.26,No
15 years old,Male,9th grade,1.68,54.43,Yes
15 years old,Male,10th grade,1.8,70.76,No
15 years old,Female,10th grade,1.63,68.04,No
15 years old,Female,9th grade,1.65,72.58,No
15 years old,Female,9th grade,1.63,70.76,Yes
15 years old,Male,10th grade,1.6,78.47,Yes
16 years old,Female,11th grade,1.55,68.04,Yes
16 years old,Male,11th grade,1.7,54.43,No
17 years old,Female,11th grade,1.65,49.44,No
14 years old,Male,9th grade,1.8,83.01,No
14 years old,Female,9th grade,1.57,72.58,No
18 years old or older,Male,12th grade,1.73,58.97,No
18 years old or older,Male,11th grade,1.88,136.08,Yes
15 years old,Female,9th grade,1.4,40.82,No
15 years old,Female,9th grade,1.52,49.9,No
14 years old,Female,9th grade,1.63,58.97,No
17 years old,Female,11th grade,1.6,69.85,No
17 years old,Male,11th grade,1.75,73.03,No
17 years old,Male,11th grade,1.55,68.04,No
14 years old,Male,9th grade,1.83,68.04,No
15 years old,Male,10th grade,1.7,67.13,No
14 years old,Male,9th grade,1.96,94.8,Yes
17 years old,Female,12th grade,1.73,99.79,No
17 years old,Male,11th grade,1.6,77.11,No
15 years old,Male,10th grade,1.88,67.13,No
17 years old,Female,12th grade,1.52,76.2,No
16 years old,Male,10th grade,1.8,69.85,No
17 years old,Female,11th grade,1.7,57.15,Yes
14 years old,Male,9th grade,1.63,54.89,No
17 years old,Male,11th grade,1.68,113.4,No
16 years old,Male,10th grade,1.63,53.52,No
17 years old,Female,11th grade,1.68,56.7,No
15 years old,Male,9th grade,1.85,99.79,Yes
17 years old,Male,11th grade,1.65,70.31,No
15 years old,Female,9th grade,1.65,48.08,No
16 years old,Male,10th grade,1.75,83.46,Yes
17 years old,Male,11th grade,1.85,99.79,No
16 years old,Female,10th grade,1.75,45.81,No
18 years old or older,Male,12th grade,1.88,73.94,No
16 years old,Female,10th grade,1.68,45.36,No
15 years old,Male,9th grade,1.7,80.29,No
16 years old,Female,11th grade,1.7,50.8,No
16 years old,Male,11th grade,1.7,72.58,No
16 years old,Male,10th grade,1.6,90.72,Yes
15 years old,Female,9th grade,1.7,57.15,No
17 years old,Male,12th grade,1.75,63.5,No
16 years old,Male,10th grade,1.8,68.95,No
16 years old,Male,10th grade,1.63,73.03,No
17 years old,Female,11th grade,1.57,62.6,No
15 years old,Female,10th grade,1.68,83.92,No
17 years old,Male,11th grade,2.03,63.05,No
17 years old,Female,12th grade,1.6,54.89,No
16 years old,Male,10th grade,1.78,54.43,No
15 years old,Male,9th grade,1.8,84.82,No
16 years old,Male,10th grade,1.63,86.18,No
16 years old,Male,11th grade,1.73,68.04,No
17 years old,Female,10th grade,1.68,81.65,No
14 years old,Female,9th grade,1.63,61.24,No
17 years old,Female,11th grade,1.57,50.8,No
17 years old,Female,11th grade,1.65,65.77,No
16 years old,Male,10th grade,1.85,68.04,No
14 years old,Female,9th grade,1.55,58.97,No
17 years old,Female,12th grade,1.6,55.79,No
16 years old,Female,10th grade,1.55,54.43,No
17 years old,Male,12th grade,1.8,90.72,Yes
17 years old,Female,11th grade,1.73,108.86,Yes
15 years old,Male,9th grade,1.8,90.72,No
15 years old,Male,9th grade,1.78,63.5,No
16 years old,Male,11th grade,1.73,68.04,No
15 years old,Female,9th grade,1.73,54.43,No
14 years old,Male,9th grade,1.8,84.82,No
14 years old,Male,9th grade,1.63,52.62,No
14 years old,Male,9th grade,1.68,48.08,No
14 years old,Male,9th grade,1.75,61.69,No
17 years old,Male,11th grade,1.83,111.13,No
15 years old,Female,10th grade,1.68,68.04,No
16 years old,Male,10th grade,1.83,86.18,No
14 years old,Female,9th grade,1.57,39.92,No
17 years old,Female,12th grade,1.6,57.61,No
14 years old,Male,9th grade,1.6,45.36,No
14 years old,Male,9th grade,1.7,72.58,No
14 years old,Male,9th grade,1.9,74.84,No
16 years old,Female,10th grade,1.75,45.81,No
17 years old,Male,11th grade,1.78,80.74,No
15 years old,Male,9th grade,1.65,59.42,No
14 years old,Female,9th grade,1.63,63.5,No
15 years old,Male,10th grade,1.68,55.79,No
16 years old,Male,10th grade,1.83,89.36,No
14 years old,Female,9th grade,1.7,54.43,No
15 years old,Female,9th grade,1.55,43.09,No
16 years old,Male,11th grade,1.93,67.59,No
15 years old,Male,9th grade,1.78,113.4,No
16 years old,Male,10th grade,1.88,107.05,No
18 years old or older,Male,12th grade,1.93,79.38,No
16 years old,Female,11th grade,1.6,58.97,No
15 years old,Male,10th grade,1.7,95.26,No
15 years old,Female,10th grade,1.63,54.43,No
14 years old,Female,9th grade,1.65,61.69,No
14 years old,Male,9th grade,1.7,62.6,No
15 years old,Female,9th grade,1.6,62.14,No
17 years old,Male,12th grade,1.96,99.79,No
15 years old,Female,9th grade,1.55,63.5,No
14 years old,Male,9th grade,1.75,53.98,No
15 years old,Female,10th grade,1.63,54.43,No
15 years old,Female,9th grade,1.6,47.63,No
17 years old,Female,11th grade,1.63,63.5,No
15 years old,Male,10th grade,1.68,65.32,No
16 years old,Female,11th grade,1.68,56.7,No
15 years old,Male,10th grade,1.83,99.79,Yes
15 years old,Female,9th grade,1.8,58.97,No
15 years old,Male,9th grade,1.78,72.58,No
16 years old,Male,10th grade,1.85,80.29,No
14 years old,Male,9th grade,1.68,59.88,No
16 years old,Female,11th grade,1.68,68.04,No
15 years old,Female,10th grade,1.6,61.24,No
16 years old,Male,10th grade,1.73,63.5,No
16 years old,Female,11th grade,1.55,49.9,Yes
15 years old,Female,9th grade,1.7,63.5,No
14 years old,Male,9th grade,1.57,36.29,No
18 years old or older,Male,12th grade,1.63,58.97,No
15 years old,Male,10th grade,1.73,83.92,No
17 years old,Female,12th grade,1.63,58.97,No
17 years old,Male,11th grade,1.7,61.24,No
15 years old,Male,10th grade,1.73,53.98,No
16 years old,Female,10th grade,1.73,67.13,Yes
14 years old,Male,9th grade,1.65,58.06,No
15 years old,Male,10th grade,1.65,51.71,No
16 years old,Male,10th grade,1.83,83.92,No
15 years old,Male,9th grade,1.73,58.97,No
16 years old,Male,10th grade,1.75,74.84,No
15 years old,Female,9th grade,1.47,35.38,Yes
15 years old,Female,10th grade,1.63,49.9,Yes
16 years old,Female,11th grade,1.52,49.44,No
16 years old,Male,10th grade,1.78,47.63,No
15 years old,Male,9th grade,1.75,86.18,No
16 years old,Female,11th grade,1.68,54.43,No
18 years old or older,Male,12th grade,1.83,68.95,No
15 years old,Female,9th grade,1.6,104.33,No
15 years old,Female,9th grade,1.6,52.16,No
17 years old,Male,11th grade,1.73,69.85,No
17 years old,Female,12th grade,1.6,56.7,No
14 years old,Male,9th grade,1.7,50.35,No
14 years old,Female,9th grade,1.6,58.97,Yes
15 years old,Female,10th grade,1.6,58.97,No
15 years old,Male,9th grade,1.75,63.5,No
18 years old or older,Male,12th grade,1.73,63.5,No
18 years old or older,Female,12th grade,1.6,77.11,No
17 years old,Male,12th grade,1.65,62.14,No
17 years old,Male,12th grade,1.78,94.35,No
17 years old,Male,12th grade,1.78,55.79,Yes
18 years old or older,Male,12th grade,1.83,77.11,No
17 years old,Male,12th grade,1.7,51.71,No
17 years old,Male,12th grade,1.78,77.11,No
14 years old,Male,9th grade,1.78,59.42,No
14 years old,Male,9th grade,1.8,59.42,No
18 years old or older,Female,12th grade,1.7,68.04,Yes
18 years old or older,Female,12th grade,1.57,63.5,No
16 years old,Female,11th grade,1.6,47.63,No
16 years old,Female,10th grade,1.55,58.97,Yes
18 years old or older,Female,12th grade,1.65,68.04,No
13 years old,Female,9th grade,1.6,65.32,Yes
17 years old,Female,12th grade,1.63,58.97,Yes
15 years old,Female,10th grade,1.55,50.8,Yes
16 years old,Male,10th grade,1.8,84.37,No
15 years old,Male,10th grade,1.73,54.43,No
17 years old,Female,12th grade,1.63,81.65,No
18 years old or older,Female,12th grade,1.7,63.5,No
18 years old or older,Female,12th grade,1.65,65.77,No
15 years old,Female,9th grade,1.57,49.9,No
14 years old,Male,9th grade,1.75,87.09,Yes
18 years old or older,Female,12th grade,1.57,79.38,No
15 years old,Male,9th grade,1.78,64.41,No
16 years old,Female,11th grade,1.63,58.97,No
17 years old,Female,11th grade,1.68,113.4,Yes
18 years old or older,Female,12th grade,1.68,56.7,No
15 years old,Female,10th grade,1.63,56.25,No
16 years old,Female,10th grade,1.73,63.5,Yes
16 years old,Male,10th grade,1.78,137.44,No
17 years old,Female,11th grade,1.68,99.79,No
15 years old,Male,10th grade,1.75,72.58,No
16 years old,Female,10th grade,1.55,56.7,Yes
15 years old,Female,9th grade,1.75,52.16,No
16 years old,Male,11th grade,2.01,58.97,No
15 years old,Female,9th grade,1.55,58.97,Yes
16 years old,Female,10th grade,1.63,54.43,No
16 years old,Female,10th grade,1.65,56.7,No
16 years old,Male,11th grade,1.83,72.58,No
16 years old,Female,10th grade,1.63,73.48,No
15 years old,Female,10th grade,1.55,47.17,No
15 years old,Male,9th grade,1.73,83.92,No
16 years old,Male,10th grade,1.85,81.65,Yes
15 years old,Female,9th grade,1.6,54.43,Yes
17 years old,Male,12th grade,1.83,56.7,No
18 years old or older,Female,12th grade,1.7,46.72,Yes
17 years old,Female,11th grade,1.68,52.16,Yes
18 years old or older,Female,12th grade,1.57,58.97,No
16 years old,Male,10th grade,1.63,86.18,No
15 years old,Female,10th grade,1.5,40.82,No
18 years old or older,Male,11th grade,1.83,131.54,Yes
17 years old,Male,11th grade,1.78,81.65,No
17 years old,Female,11th grade,1.52,61.24,No
15 years old,Female,9th grade,1.63,49.9,No
14 years old,Male,9th grade,1.73,47.63,No
14 years old,Male,9th grade,1.65,61.24,No
17 years old,Female,11th grade,1.78,68.04,No
17 years old,Female,11th grade,1.63,65.77,No
16 years old,Male,11th grade,1.8,99.79,Yes
16 years old,Male,10th grade,1.85,142.88,No
14 years old,Female,9th grade,1.7,61.24,No
17 years old,Male,11th grade,1.78,49.9,No
18 years old or older,Female,12th grade,1.57,61.24,No
14 years old,Female,9th grade,1.63,91.17,Yes
16 years old,Female,11th grade,1.73,55.79,No
15 years old,Male,9th grade,1.78,70.31,No
15 years old,Female,9th grade,1.65,77.11,No
16 years old,Female,10th grade,1.65,49.9,No
16 years old,Female,11th grade,1.65,52.16,No
17 years old,Male,11th grade,1.93,70.31,No
16 years old,Female,11th grade,1.75,65.77,No
16 years old,Female,11th grade,1.68,56.7,No
16 years old,Male,10th grade,1.96,92.99,No
16 years old,Female,10th grade,1.68,65.32,Yes
16 years old,Male,10th grade,1.78,79.83,No
16 years old,Male,11th grade,1.9,90.72,No
16 years old,Female,10th grade,1.55,58.97,No
16 years old,Female,10th grade,1.68,56.25,No
15 years old,Male,10th grade,1.88,72.58,No
15 years old,Female,10th grade,1.65,68.04,No
16 years old,Female,11th grade,1.52,54.43,No
15 years old,Male,10th grade,1.85,67.13,No
15 years old,Female,9th grade,1.68,58.97,No
16 years old,Male,11th grade,1.83,81.19,No
16 years old,Female,10th grade,1.6,72.58,No
16 years old,Female,11th grade,1.68,59.42,No
17 years old,Male,11th grade,1.78,86.18,No
15 years old,Male,9th grade,1.78,90.72,No
18 years old or older,Male,11th grade,1.7,56.7,Yes
16 years old,Male,10th grade,1.75,106.6,No
15 years old,Female,9th grade,1.63,77.11,No
17 years old,Male,12th grade,1.8,71.22,No
17 years old,Male,11th grade,1.7,86.18,No
15 years old,Female,9th grade,1.57,46.72,No
16 years old,Female,10th grade,1.52,53.07,No
16 years old,Female,10th grade,1.55,50.8,No
18 years old or older,Male,12th grade,1.8,72.58,No
14 years old,Male,9th grade,1.83,74.39,No
16 years old,Female,10th grade,1.68,92.99,Yes
17 years old,Female,11th grade,1.6,46.72,No
15 years old,Male,9th grade,1.83,68.04,No
15 years old,Female,9th grade,1.65,54.43,No
16 years old,Female,10th grade,1.68,54.43,No
16 years old,Female,10th grade,1.68,55.79,Yes
17 years old,Male,11th grade,1.8,65.77,No
17 years old,Male,11th grade,1.73,63.5,No
16 years old,Female,11th grade,1.65,51.26,No
15 years old,Male,9th grade,1.78,68.04,No
15 years old,Female,9th grade,1.6,72.58,Yes
14 years old,Female,9th grade,1.65,54.43,No
15 years old,Female,9th grade,1.68,53.07,No
16 years old,Female,11th grade,1.42,54.43,No
15 years old,Female,9th grade,1.42,54.43,No
15 years old,Male,10th grade,1.75,86.18,Yes
17 years old,Female,11th grade,1.68,59.88,No
15 years old,Male,9th grade,1.85,97.52,No
15 years old,Female,9th grade,1.65,47.17,No
15 years old,Female,9th grade,1.63,63.5,No
15 years old,Male,9th grade,1.73,63.5,No
17 years old,Male,11th grade,1.8,68.04,No
16 years old,Female,10th grade,1.57,59.88,Yes
15 years old,Female,9th grade,1.65,58.97,No
17 years old,Female,11th grade,1.65,52.16,No
15 years old,Female,10th grade,1.63,72.58,No
14 years old,Male,9th grade,1.63,53.98,No
18 years old or older,Female,12th grade,1.7,77.11,Yes
14 years old,Male,9th grade,1.75,65.77,No
16 years old,Male,10th grade,1.75,52.16,Yes
17 years old,Female,11th grade,1.6,45.36,No
17 years old,Female,11th grade,1.6,61.24,No
15 years old,Female,9th grade,1.6,60.33,No
17 years old,Male,11th grade,1.9,105.69,No
17 years old,Male,11th grade,1.52,90.72,Yes
14 years old,Male,9th grade,1.75,53.52,No
16 years old,Female,10th grade,1.6,54.43,No
15 years old,Male,9th grade,1.63,56.7,No
16 years old,Male,10th grade,1.78,69.4,No
16 years old,Female,10th grade,1.65,95.26,Yes
15 years old,Female,9th grade,1.65,48.54,No
15 years old,Female,10th grade,1.6,48.54,No
15 years old,Female,9th grade,1.63,81.65,Yes
17 years old,Male,11th grade,1.8,74.84,No
14 years old,Female,9th grade,1.5,40.82,Yes
18 years old or older,Female,11th grade,1.57,56.7,Yes
15 years old,Female,9th grade,1.6,47.63,No
16 years old,Female,10th grade,1.7,102.06,No
15 years old,Female,10th grade,1.68,68.04,No
15 years old,Male,10th grade,1.68,61.24,No
15 years old,Female,10th grade,1.57,42.64,No
16 years old,Male,11th grade,1.83,92.99,No
18 years old or older,Female,12th grade,1.73,97.52,Yes
16 years old,Female,11th grade,1.7,58.97,Yes
17 years old,Female,11th grade,1.55,63.5,No
17 years old,Female,11th grade,1.63,61.24,Yes
16 years old,Male,10th grade,1.88,135.17,No
15 years old,Female,9th grade,1.52,74.84,Yes
17 years old,Male,11th grade,1.85,86.18,Yes
16 years old,Male,10th grade,1.83,61.24,No
14 years old,Male,9th grade,1.75,68.49,No
14 years old,Female,9th grade,1.68,63.5,No
17 years old,Male,11th grade,1.85,113.4,Yes
16 years old,Male,11th grade,1.8,81.65,No
14 years old,Male,9th grade,1.7,63.5,No
16 years old,Male,11th grade,1.7,62.6,No
15 years old,Female,9th grade,1.55,46.27,Yes
15 years old,Female,9th grade,1.6,54.43,No
16 years old,Female,10th grade,1.68,85.73,No
16 years old,Female,11th grade,1.55,61.24,No
15 years old,Male,9th grade,1.73,62.6,No
15 years old,Male,9th grade,1.68,74.84,No
15 years old,Female,9th grade,1.65,58.97,Yes
15 years old,Female,9th grade,1.73,72.58,Yes
18 years old or older,Female,12th grade,1.65,54.43,No
18 years old or older,Male,12th grade,1.83,72.58,No
16 years old,Male,10th grade,1.85,62.14,Yes
14 years old,Female,9th grade,1.57,52.16,No
15 years old,Female,9th grade,1.7,63.5,Yes
16 years old,Male,10th grade,1.83,61.69,No
17 years old,Male,11th grade,1.65,59.88,Yes
15 years old,Male,9th grade,1.78,58.06,No
15 years old,Female,10th grade,1.63,57.15,Yes
15 years old,Female,9th grade,1.65,58.97,Yes
14 years old,Female,9th grade,1.6,56.25,Yes
16 years old,Male,11th grade,1.83,77.11,No
16 years old,Male,11th grade,1.65,60.78,No
16 years old,Female,10th grade,1.63,51.71,Yes
17 years old,Female,11th grade,1.65,55.79,No
17 years old,Female,11th grade,1.7,52.16,No
16 years old,Male,10th grade,1.75,91.63,No
17 years old,Male,11th grade,1.88,110.22,Yes
18 years old or older,Male,12th grade,1.85,79.38,No
15 years old,Male,9th grade,1.75,50.35,No
16 years old,Male,10th grade,1.83,106.6,Yes
17 years old,Male,11th grade,1.78,79.38,Yes
17 years old,Female,11th grade,1.65,56.7,No
15 years old,Female,9th grade,1.63,54.43,No
15 years old,Female,10th grade,1.68,85.73,Yes
14 years old,Male,9th grade,1.8,108.86,No
17 years old,Female,11th grade,1.5,47.63,Yes
16 years old,Female,10th grade,1.65,68.04,No
16 years old,Male,10th grade,1.8,70.31,No
17 years old,Male,11th grade,1.9,143.79,Yes
18 years old or older,Male,12th grade,1.83,99.79,No
15 years old,Female,10th grade,1.6,49.9,Yes
14 years old,Female,9th grade,1.68,56.7,Yes
16 years old,Female,12th grade,1.75,65.77,No
17 years old,Male,11th grade,1.78,79.83,No
15 years old,Female,9th grade,1.52,40.82,No
16 years old,Female,11th grade,1.63,59.42,Yes
16 years old,Male,10th grade,1.85,72.58,No
18 years old or older,Female,12th grade,1.57,52.16,No
18 years old or older,Male,11th grade,1.7,80.74,No
15 years old,Female,9th grade,1.68,70.31,No
16 years old,Female,10th grade,1.68,86.18,Yes
17 years old,Female,11th grade,1.65,65.77,No
15 years old,Male,10th grade,1.78,87.54,No
17 years old,Female,11th grade,1.7,77.11,Yes
15 years old,Female,10th grade,1.73,56.7,Yes
16 years old,Male,10th grade,1.83,79.38,No
16 years old,Male,10th grade,1.75,59.42,Yes
15 years old,Female,10th grade,1.63,53.52,Yes
17 years old,Female,11th grade,1.68,77.11,Yes
15 years old,Female,9th grade,1.57,55.79,No
17 years old,Female,12th grade,1.6,64.86,No
15 years old,Male,10th grade,1.83,92.99,No
15 years old,Male,10th grade,1.73,49.9,No
17 years old,Male,11th grade,1.78,81.65,Yes
15 years old,Female,9th grade,1.63,58.51,No
15 years old,Male,9th grade,1.75,72.58,Yes
15 years old,Male,10th grade,1.65,65.77,No
16 years old,Female,10th grade,1.6,49.9,No
16 years old,Male,11th grade,1.75,63.5,No
14 years old,Male,9th grade,1.75,65.77,No
17 years old,Male,11th grade,2.03,86.18,Yes
16 years old,Female,11th grade,1.63,68.04,No
17 years old,Female,10th grade,1.5,65.77,No
15 years old,Female,9th grade,1.75,68.04,No
16 years old,Male,10th grade,1.78,72.58,No
16 years old,Female,10th grade,1.78,54.43,No
15 years old,Female,9th grade,1.6,56.7,Yes
15 years old,Male,10th grade,1.68,58.97,No
16 years old,Male,11th grade,1.83,67.13,No
16 years old,Female,10th grade,1.68,45.36,Yes
15 years old,Male,9th grade,1.8,81.65,No
14 years old,Female,9th grade,1.63,66.68,No
15 years old,Female,10th grade,1.6,54.43,No
15 years old,Female,10th grade,1.75,56.7,No
18 years old or older,Male,12th grade,1.8,77.11,No
15 years old,Female,10th grade,1.68,58.97,No
14 years old,Female,9th grade,1.63,59.88,No
15 years old,Female,10th grade,1.63,63.5,Yes
18 years old or older,Male,12th grade,1.63,68.04,Yes
14 years old,Male,9th grade,1.85,77.11,Yes
15 years old,Female,10th grade,1.65,58.97,No
17 years old,Female,10th grade,1.68,61.24,Yes
16 years old,Male,9th grade,1.73,54.43,No
18 years old or older,Male,12th grade,1.73,90.72,No
14 years old,Female,9th grade,1.52,61.24,No
15 years old,Female,10th grade,1.63,54.43,No
17 years old,Female,12th grade,1.57,61.24,No
16 years old,Female,10th grade,1.5,92.08,No
16 years old,Male,9th grade,1.68,45.36,No
15 years old,Male,10th grade,1.65,44.45,Yes
16 years old,Female,11th grade,1.63,54.43,No
16 years old,Female,10th grade,1.7,58.06,Yes
17 years old,Female,11th grade,1.57,48.08,No
15 years old,Male,9th grade,1.78,64.86,No
16 years old,Female,11th grade,1.63,51.71,No
17 years old,Female,11th grade,1.57,54.43,No
14 years old,Male,9th grade,1.6,49.9,No
16 years old,Male,10th grade,1.75,67.13,No
14 years old,Male,9th grade,1.8,70.31,No
16 years old,Female,10th grade,1.65,58.97,Yes
16 years old,Male,10th grade,1.7,64.41,No
18 years old or older,Male,12th grade,1.83,117.94,No
18 years old or older,Female,12th grade,1.6,77.11,No
14 years old,Male,9th grade,1.68,61.24,Yes
14 years old,Male,9th grade,1.68,49.9,Yes
17 years old,Male,11th grade,1.96,93.9,Yes
14 years old,Male,9th grade,1.73,57.61,No
15 years old,Male,9th grade,1.83,81.65,No
14 years old,Male,9th grade,1.6,38.56,No
17 years old,Male,11th grade,1.75,52.62,No
18 years old or older,Female,12th grade,1.55,44.45,No
15 years old,Female,10th grade,1.55,40.82,No
15 years old,Male,9th grade,1.65,55.79,No
18 years old or older,Male,12th grade,1.8,54.43,No
15 years old,Female,9th grade,1.52,49.9,Yes
17 years old,Male,11th grade,1.93,131.54,No
16 years old,Female,10th grade,1.55,99.79,No
18 years old or older,Female,12th grade,1.63,58.97,No
16 years old,Female,11th grade,1.6,90.72,Yes
17 years old,Male,11th grade,1.75,122.47,No
15 years old,Male,9th grade,1.8,92.53,Yes
15 years old,Female,10th grade,1.68,52.16,No
16 years old,Male,11th grade,1.83,102.06,No
17 years old,Male,11th grade,1.88,63.5,No
16 years old,Male,10th grade,1.83,122.47,No
17 years old,Male,11th grade,1.73,102.06,No
15 years old,Female,9th grade,1.65,52.16,No
14 years old,Male,9th grade,1.57,49.9,No
15 years old,Female,10th grade,1.63,53.98,No
15 years old,Female,9th grade,1.75,68.04,No
16 years old,Male,11th grade,1.83,81.65,No
15 years old,Male,9th grade,1.78,90.72,No
14 years old,Male,9th grade,1.8,81.65,No
15 years old,Male,10th grade,1.9,122.47,Yes
15 years old,Female,9th grade,1.68,56.7,Yes
16 years old,Female,10th grade,1.65,56.7,No
17 years old,Female,11th grade,1.65,96.16,No
16 years old,Female,11th grade,1.65,57.61,Yes
15 years old,Male,9th grade,1.78,65.77,No
15 years old,Female,9th grade,1.63,39.92,No
18 years old or older,Male,12th grade,1.78,63.5,No
16 years old,Female,10th grade,1.6,54.43,No
16 years old,Female,10th grade,1.65,84.82,No
16 years old,Female,11th grade,1.6,61.24,No
17 years old,Male,12th grade,1.83,75.3,No
15 years old,Female,10th grade,1.65,72.58,Yes
14 years old,Female,9th grade,1.73,79.83,No
14 years old,Male,9th grade,1.6,86.18,No
15 years old,Male,9th grade,1.63,54.43,Yes
14 years old,Male,9th grade,1.85,81.19,No
17 years old,Female,11th grade,1.55,68.04,No
18 years old or older,Female,12th grade,1.63,70.31,No
16 years old,Female,11th grade,1.6,46.27,No
16 years old,Male,11th grade,1.85,113.4,No
17 years old,Female,11th grade,1.63,61.24,Yes
15 years old,Male,9th grade,1.7,68.95,No
16 years old,Female,11th grade,1.52,49.9,Yes
16 years old,Female,11th grade,1.55,44.45,No
17 years old,Male,11th grade,1.88,79.38,Yes
15 years old,Male,9th grade,1.68,58.97,Yes
17 years old,Female,11th grade,1.6,109.77,No
17 years old,Female,11th grade,1.65,77.11,No
18 years old or older,Male,12th grade,1.85,99.79,No
18 years old or older,Female,12th grade,1.55,52.16,No
17 years old,Male,11th grade,1.85,79.38,No
15 years old,Female,9th grade,1.6,63.5,No
16 years old,Female,10th grade,1.73,70.31,Yes
18 years old or older,Male,12th grade,1.8,72.58,No
16 years old,Female,10th grade,1.73,58.97,Yes
17 years old,Male,11th grade,1.78,81.65,No
16 years old,Male,11th grade,1.78,70.31,No
18 years old or older,Female,12th grade,1.63,56.25,Yes
16 years old,Female,10th grade,1.6,50.8,No
15 years old,Female,9th grade,1.52,49.9,Yes
14 years old,Female,9th grade,1.7,55.34,No
15 years old,Male,9th grade,1.63,54.43,Yes
18 years old or older,Female,12th grade,1.63,56.25,Yes
15 years old,Female,9th grade,1.68,61.24,Yes
16 years old,Female,10th grade,1.63,53.52,No
15 years old,Male,10th grade,1.8,70.31,No
16 years old,Female,11th grade,1.6,56.7,No
15 years old,Female,10th grade,1.73,65.77,Yes
14 years old,Female,9th grade,1.7,72.58,No
16 years old,Male,11th grade,1.75,102.06,Yes
15 years old,Female,10th grade,1.6,54.43,Yes
14 years old,Male,9th grade,1.8,63.5,No
18 years old or older,Male,12th grade,1.75,70.76,No
16 years old,Male,11th grade,1.8,68.95,No
16 years old,Female,10th grade,1.55,52.16,Yes
16 years old,Female,10th grade,1.73,70.31,Yes
17 years old,Male,11th grade,1.85,95.26,No
14 years old,Male,9th grade,1.85,70.31,No
15 years old,Female,9th grade,1.6,74.84,No
14 years old,Male,9th grade,1.75,80.74,No
15 years old,Male,9th grade,1.96,154.22,No
17 years old,Female,11th grade,1.63,56.7,No
15 years old,Female,9th grade,1.68,49.9,Yes
15 years old,Male,10th grade,1.68,86.18,No
16 years old,Female,10th grade,1.52,48.99,No
16 years old,Female,10th grade,1.57,44,Yes
18 years old or older,Male,12th grade,1.75,74.84,Yes
16 years old,Female,10th grade,1.6,48.54,Yes
14 years old,Male,9th grade,1.68,47.17,No
16 years old,Male,11th grade,1.73,49.9,No
15 years old,Male,10th grade,1.7,49.9,Yes
16 years old,Female,10th grade,1.63,49.9,Yes
17 years old,Male,11th grade,1.73,74.84,No
17 years old,Male,11th grade,1.78,79.38,No
16 years old,Female,10th grade,1.5,51.71,Yes
14 years old,Male,9th grade,1.6,58.97,Yes
15 years old,Male,9th grade,1.75,90.72,No
14 years old,Male,9th grade,1.75,108.86,No
15 years old,Male,9th grade,1.85,77.57,No
16 years old,Female,11th grade,1.63,79.38,Yes
17 years old,Male,11th grade,1.83,67.13,No
15 years old,Female,10th grade,1.6,45.36,No
14 years old,Female,9th grade,1.65,57.15,Yes
16 years old,Female,10th grade,1.65,73.94,Yes
15 years old,Male,9th grade,1.8,99.79,No
16 years old,Male,11th grade,1.78,104.33,No
15 years old,Male,9th grade,1.83,84.37,No
14 years old,Female,9th grade,1.55,52.62,No
15 years old,Male,10th grade,1.7,72.58,No
18 years old or older,Male,11th grade,1.78,113.4,No
14 years old,Male,9th grade,1.85,75.75,Yes
17 years old,Male,12th grade,1.75,59.42,No
16 years old,Female,10th grade,1.7,63.5,No
17 years old,Male,11th grade,1.65,68.04,No
18 years old or older,Male,12th grade,1.68,81.65,No
13 years old,Male,9th grade,1.85,99.79,No
15 years old,Female,10th grade,1.55,45.36,No
18 years old or older,Female,12th grade,1.63,56.25,Yes
16 years old,Male,11th grade,1.85,70.31,Yes
14 years old,Female,9th grade,1.75,50.8,No
16 years old,Male,10th grade,1.75,78.47,No
17 years old,Male,10th grade,1.68,65.77,Yes
17 years old,Female,11th grade,1.57,79.38,No
18 years old or older,Male,12th grade,1.68,54.43,No
18 years old or older,Male,12th grade,1.78,56.7,No
18 years old or older,Female,12th grade,1.57,46.72,No
18 years old or older,Male,12th grade,1.75,127.01,Yes
17 years old,Male,12th grade,1.88,57.61,No
16 years old,Male,10th grade,1.73,90.72,Yes
16 years old,Male,10th grade,1.68,58.97,No
16 years old,Male,10th grade,1.65,66.23,Yes
15 years old,Male,10th grade,1.68,49.9,No
16 years old,Male,10th grade,1.68,65.77,No
16 years old,Male,10th grade,1.78,77.11,No
16 years old,Male,10th grade,1.78,62.6,No
16 years old,Female,10th grade,1.5,71.67,No
15 years old,Female,9th grade,1.55,63.5,Yes
15 years old,Male,9th grade,1.75,63.5,No
15 years old,Female,9th grade,1.65,49.9,Yes
14 years old,Male,9th grade,1.75,61.24,No
15 years old,Male,9th grade,1.63,79.83,Yes
15 years old,Male,9th grade,1.78,58.97,No
15 years old,Male,9th grade,1.73,67.13,No
14 years old,Male,9th grade,1.7,58.97,Yes
15 years old,Male,9th grade,1.75,61.69,No
15 years old,Female,9th grade,1.6,87.09,No
14 years old,Male,9th grade,1.63,49.9,Yes
15 years old,Male,9th grade,1.93,49.9,No
15 years old,Female,9th grade,1.78,136.08,Yes
15 years old,Male,9th grade,1.75,74.39,No
15 years old,Female,9th grade,1.7,52.16,No
14 years old,Female,9th grade,1.7,74.39,No
14 years old,Female,9th grade,1.75,54.43,No
15 years old,Male,9th grade,1.8,79.83,No
16 years old,Male,9th grade,1.83,78.02,No
14 years old,Female,9th grade,1.63,77.11,No
14 years old,Male,9th grade,1.57,54.43,No
14 years old,Male,9th grade,1.73,54.43,Yes
15 years old,Male,9th grade,1.68,68.04,No
14 years old,Male,9th grade,1.96,74.84,No
14 years old,Female,9th grade,1.6,72.58,No
14 years old,Female,9th grade,1.63,65.77,No
15 years old,Female,9th grade,1.68,56.7,No
15 years old,Male,9th grade,1.65,61.69,Yes
14 years old,Male,9th grade,1.75,63.5,No
14 years old,Female,9th grade,1.65,56.7,No
15 years old,Male,9th grade,1.65,77.11,No
14 years old,Male,9th grade,1.85,77.11,Yes
15 years old,Male,9th grade,1.75,63.5,No
15 years old,Male,9th grade,1.75,63.5,No
15 years old,Female,9th grade,1.6,50.8,Yes
14 years old,Female,9th grade,1.6,53.07,Yes
14 years old,Male,9th grade,1.88,121.56,Yes
14 years old,Female,9th grade,1.55,45.36,No
14 years old,Female,9th grade,1.63,61.24,No
15 years old,Male,9th grade,1.68,79.38,Yes
15 years old,Male,9th grade,1.57,51.71,No
14 years old,Male,9th grade,1.68,61.24,Yes
15 years old,Female,9th grade,1.57,68.95,Yes
14 years old,Female,9th grade,1.52,47.63,Yes
14 years old,Male,9th grade,1.63,65.77,No
14 years old,Female,9th grade,1.68,87.09,Yes
15 years old,Female,9th grade,1.7,58.97,No
15 years old,Female,9th grade,1.57,54.43,No
14 years old,Female,9th grade,1.6,54.43,No
15 years old,Female,9th grade,1.75,56.7,No
15 years old,Female,9th grade,1.63,58.97,No
14 years old,Male,9th grade,1.68,90.72,Yes
15 years old,Male,9th grade,1.83,78.47,Yes
14 years old,Female,9th grade,1.57,58.97,Yes
15 years old,Female,9th grade,1.73,56.7,No
15 years old,Female,9th grade,1.57,56.7,No
15 years old,Female,9th grade,1.8,65.77,Yes
15 years old,Male,9th grade,1.68,50.8,No
15 years old,Male,9th grade,1.9,78.02,No
15 years old,Female,9th grade,1.63,56.7,Yes
15 years old,Female,9th grade,1.57,59.88,Yes
15 years old,Male,9th grade,2.01,58.97,No
15 years old,Female,9th grade,1.57,68.04,Yes
15 years old,Female,9th grade,1.6,63.5,No
15 years old,Male,9th grade,1.63,58.97,Yes
15 years old,Female,9th grade,1.63,56.7,Yes
15 years old,Female,9th grade,1.42,43.09,Yes
15 years old,Female,9th grade,1.63,61.24,No
15 years old,Female,9th grade,1.55,49.9,No
15 years old,Male,9th grade,1.8,61.24,No
15 years old,Male,9th grade,1.73,49.9,No
15 years old,Female,9th grade,1.6,52.16,No
15 years old,Male,9th grade,1.83,56.7,No
14 years old,Male,9th grade,1.78,62.14,No
15 years old,Female,9th grade,1.68,62.6,No
15 years old,Female,9th grade,1.52,48.54,No
14 years old,Male,9th grade,1.78,62.6,No
14 years old,Male,9th grade,1.83,71.67,No
15 years old,Female,9th grade,1.55,58.97,No
14 years old,Male,9th grade,1.78,111.13,Yes
15 years old,Male,9th grade,1.85,81.65,Yes
15 years old,Female,9th grade,1.73,68.04,No
15 years old,Female,9th grade,1.68,54.43,No
15 years old,Female,9th grade,1.68,64.86,Yes
15 years old,Female,9th grade,1.57,58.06,No
15 years old,Female,9th grade,1.68,65.77,Yes
15 years old,Male,9th grade,1.68,40.82,No
15 years old,Female,9th grade,1.7,75.75,No
16 years old,Male,9th grade,1.8,62.6,No
15 years old,Male,9th grade,1.88,68.95,No
15 years old,Male,9th grade,1.73,56.7,No
15 years old,Male,9th grade,1.85,70.31,Yes
15 years old,Male,9th grade,1.8,54.43,No
15 years old,Female,9th grade,1.68,58.06,Yes
15 years old,Male,9th grade,1.78,85.73,No
15 years old,Female,9th grade,1.57,46.72,No
15 years old,Male,9th grade,1.7,55.79,No
15 years old,Male,9th grade,1.8,59.88,Yes
15 years old,Male,9th grade,1.75,63.5,No
15 years old,Female,9th grade,1.63,46.72,No
14 years old,Male,9th grade,1.65,56.7,No
15 years old,Male,9th grade,1.57,54.43,Yes
15 years old,Male,9th grade,1.73,54.43,Yes
14 years old,Female,9th grade,1.68,52.16,No
15 years old,Male,9th grade,1.83,90.72,No
14 years old,Male,9th grade,1.85,68.04,No
14 years old,Male,9th grade,1.7,90.72,No
15 years old,Female,9th grade,1.68,81.19,No
15 years old,Female,9th grade,1.68,79.38,Yes
15 years old,Male,9th grade,1.7,63.5,No
15 years old,Male,9th grade,1.57,49.9,No
14 years old,Male,9th grade,1.68,47.63,No
14 years old,Female,9th grade,1.65,54.43,Yes
14 years old,Male,9th grade,1.85,72.58,No
14 years old,Female,9th grade,1.57,49.9,Yes
15 years old,Male,9th grade,1.78,68.04,No
15 years old,Male,9th grade,1.78,65.77,No
15 years old,Female,9th grade,1.6,116.12,No
15 years old,Male,9th grade,1.6,51.26,No
15 years old,Male,9th grade,1.73,56.7,No
15 years old,Male,9th grade,1.63,63.5,No
14 years old,Male,9th grade,1.68,95.26,No
14 years old,Female,9th grade,1.7,52.16,No
15 years old,Male,9th grade,1.65,68.95,Yes
15 years old,Female,9th grade,1.6,58.97,No
14 years old,Male,9th grade,1.68,44.45,Yes
15 years old,Female,9th grade,1.63,45.36,No
14 years old,Female,9th grade,1.6,52.16,No
15 years old,Male,9th grade,1.78,63.5,No
15 years old,Male,9th grade,1.63,49.44,Yes
14 years old,Female,9th grade,1.7,68.04,No
14 years old,Female,9th grade,1.57,46.27,Yes
15 years old,Female,9th grade,1.63,86.18,Yes
15 years old,Male,9th grade,1.75,59.42,No
15 years old,Male,9th grade,1.7,74.84,No
15 years old,Male,9th grade,1.75,63.5,No
14 years old,Female,9th grade,1.57,54.43,Yes
15 years old,Female,9th grade,1.55,49.9,No
15 years old,Male,9th grade,1.75,83.92,No
15 years old,Male,9th grade,1.83,58.97,No
14 years old,Male,9th grade,1.75,56.7,No
15 years old,Female,9th grade,1.47,80.74,No
14 years old,Male,9th grade,1.83,129.28,Yes
14 years old,Female,9th grade,1.6,49.44,Yes
15 years old,Female,9th grade,1.6,56.7,No
15 years old,Male,9th grade,1.65,51.26,No
15 years old,Female,9th grade,1.52,54.43,Yes
15 years old,Female,9th grade,1.57,83.01,No
14 years old,Female,9th grade,1.55,31.75,Yes
15 years old,Female,9th grade,1.6,56.7,No
14 years old,Female,9th grade,1.7,58.97,No
15 years old,Female,9th grade,1.63,54.43,No
14 years old,Male,9th grade,1.65,56.7,No
15 years old,Male,9th grade,1.88,79.38,Yes
14 years old,Male,9th grade,1.73,70.31,No
14 years old,Male,9th grade,1.65,81.65,No
14 years old,Female,9th grade,1.63,56.25,No
15 years old,Female,9th grade,1.55,48.99,Yes
14 years old,Female,9th grade,1.6,47.63,No
14 years old,Female,9th grade,1.73,52.16,No
15 years old,Female,9th grade,1.57,108.86,No
15 years old,Male,9th grade,1.88,88.45,No
15 years old,Male,9th grade,1.63,64.86,Yes
15 years old,Female,9th grade,1.5,44.45,No
14 years old,Male,9th grade,1.88,92.08,Yes
14 years old,Female,9th grade,1.7,81.65,No
15 years old,Female,9th grade,1.8,68.04,No
14 years old,Female,9th grade,1.73,68.04,No
14 years old,Male,9th grade,1.83,68.04,No
14 years old,Male,9th grade,1.6,50.8,No
15 years old,Female,9th grade,1.57,51.26,No
14 years old,Female,9th grade,1.63,51.71,Yes
14 years old,Male,9th grade,1.85,61.69,No
15 years old,Male,9th grade,1.65,52.62,No
15 years old,Female,9th grade,1.63,40.82,Yes
15 years old,Female,9th grade,1.7,81.65,No
15 years old,Male,9th grade,1.75,67.13,No
15 years old,Male,9th grade,1.75,61.69,Yes
15 years old,Male,9th grade,1.8,73.03,Yes
14 years old,Male,9th grade,1.83,68.04,No
15 years old,Male,9th grade,1.55,51.26,Yes
15 years old,Female,9th grade,1.57,61.24,No
15 years old,Male,9th grade,1.83,68.04,No
14 years old,Male,9th grade,1.78,63.5,No
15 years old,Male,9th grade,1.6,61.24,Yes
15 years old,Male,9th grade,1.75,60.33,Yes
14 years old,Male,9th grade,1.75,52.16,No
15 years old,Male,9th grade,1.83,64.86,No
15 years old,Female,9th grade,1.7,57.61,No
15 years old,Male,9th grade,1.7,47.63,No
15 years old,Male,9th grade,1.73,56.7,No
14 years old,Female,9th grade,1.68,65.77,Yes
14 years old,Male,9th grade,1.78,58.97,No
15 years old,Female,9th grade,1.6,63.5,Yes
15 years old,Male,9th grade,1.85,56.7,No
15 years old,Male,9th grade,1.88,82.56,No
15 years old,Female,9th grade,1.63,54.89,No
15 years old,Male,9th grade,1.83,68.04,No
15 years old,Female,9th grade,1.63,62.6,Yes
15 years old,Male,9th grade,1.78,90.72,No
15 years old,Female,9th grade,1.73,61.24,No
15 years old,Male,9th grade,1.75,74.39,Yes
15 years old,Male,9th grade,1.75,99.79,Yes
15 years old,Male,9th grade,1.8,83.01,Yes
15 years old,Male,9th grade,1.75,61.24,Yes
14 years old,Male,9th grade,1.93,99.79,No
15 years old,Female,9th grade,1.75,53.98,No
14 years old,Male,9th grade,1.75,72.58,No
15 years old,Female,9th grade,1.78,65.77,No
14 years old,Male,9th grade,1.8,93.9,No
14 years old,Male,9th grade,1.7,105.24,No
15 years old,Male,9th grade,1.68,68.04,No
14 years old,Female,9th grade,1.7,63.96,No
15 years old,Male,9th grade,1.83,70.31,No
15 years old,Female,9th grade,1.73,65.77,No
15 years old,Female,9th grade,1.6,56.7,No
14 years old,Male,9th grade,1.83,83.92,No
15 years old,Female,9th grade,1.65,47.63,No
14 years old,Female,9th grade,1.78,68.04,No
15 years old,Female,9th grade,1.68,52.16,Yes
15 years old,Male,9th grade,1.78,45.36,No
14 years old,Male,9th grade,1.73,66.68,No
14 years old,Male,9th grade,1.75,81.65,No
15 years old,Male,9th grade,1.9,61.24,No
14 years old,Male,9th grade,1.85,64.41,No
14 years old,Female,9th grade,1.68,86.18,No
15 years old,Male,9th grade,1.78,90.72,No
14 years old,Male,9th grade,1.73,72.58,No
15 years old,Female,9th grade,1.6,54.43,No
15 years old,Male,9th grade,1.75,61.69,Yes
14 years old,Female,9th grade,1.75,56.7,No
14 years old,Male,9th grade,1.68,49.9,Yes
15 years old,Female,9th grade,1.65,65.77,Yes
15 years old,Male,9th grade,1.65,47.63,No
15 years old,Female,9th grade,1.68,61.69,Yes
14 years old,Male,9th grade,1.88,68.04,No
15 years old,Male,9th grade,1.63,44,No
15 years old,Male,9th grade,1.85,72.58,No
15 years old,Female,9th grade,1.68,61.24,No
15 years old,Female,9th grade,1.65,68.04,Yes
14 years old,Female,9th grade,1.63,54.43,No
14 years old,Female,9th grade,1.55,40.82,No
14 years old,Female,10th grade,1.6,44.45,No
15 years old,Female,9th grade,1.68,65.77,No
15 years old,Female,9th grade,1.7,88.45,Yes
15 years old,Female,9th grade,1.63,54.89,Yes
15 years old,Male,9th grade,1.7,88.45,No
15 years old,Male,9th grade,1.83,59.88,No
15 years old,Female,9th grade,1.73,62.6,No
14 years old,Male,9th grade,1.8,60.78,No
15 years old,Male,9th grade,1.73,72.58,No
15 years old,Female,9th grade,1.63,52.16,No
14 years old,Male,9th grade,1.6,62.14,No
15 years old,Female,9th grade,1.7,68.04,Yes
15 years old,Male,9th grade,1.75,70.31,No
15 years old,Male,9th grade,1.73,74.39,Yes
15 years old,Female,9th grade,1.52,68.04,Yes
15 years old,Female,9th grade,1.63,66.23,No
15 years old,Female,10th grade,1.57,36.29,Yes
14 years old,Male,9th grade,1.78,73.48,Yes
15 years old,Female,9th grade,1.55,65.77,Yes
15 years old,Female,9th grade,1.7,61.24,No
15 years old,Male,9th grade,1.75,80.74,No
14 years old,Female,9th grade,1.63,51.26,No
14 years old,Male,9th grade,1.65,49.9,No
15 years old,Male,9th grade,1.75,66.68,No
15 years old,Male,9th grade,1.57,48.08,Yes
15 years old,Male,9th grade,1.78,68.04,Yes
15 years old,Male,9th grade,1.73,95.26,No
15 years old,Male,9th grade,1.73,56.7,No
15 years old,Male,9th grade,1.8,74.84,No
15 years old,Male,9th grade,1.63,45.81,Yes
14 years old,Female,9th grade,1.6,43.55,No
15 years old,Female,9th grade,1.68,95.26,No
15 years old,Female,9th grade,1.57,74.84,Yes
15 years old,Male,9th grade,1.8,54.43,No
14 years old,Male,9th grade,1.73,92.53,Yes
15 years old,Female,9th grade,1.63,104.33,Yes
14 years old,Female,9th grade,1.55,45.81,No
15 years old,Male,9th grade,1.65,54.43,No
15 years old,Male,9th grade,1.65,47.63,Yes
14 years old,Female,9th grade,1.6,79.38,Yes
15 years old,Female,9th grade,1.68,102.06,Yes
15 years old,Female,9th grade,1.52,61.24,No
15 years old,Male,9th grade,1.75,55.79,No
15 years old,Female,9th grade,1.63,62.14,No
15 years old,Female,9th grade,1.6,52.16,No
14 years old,Male,9th grade,1.78,113.4,No
15 years old,Female,9th grade,1.65,47.17,No
15 years old,Female,9th grade,1.68,108.86,No
15 years old,Female,9th grade,1.68,88.45,Yes
14 years old,Male,9th grade,1.75,57.61,Yes
15 years old,Male,9th grade,1.8,70.76,No
15 years old,Female,9th grade,1.65,49.9,No
16 years old,Male,9th grade,1.73,68.04,No
15 years old,Male,9th grade,1.8,124.74,Yes
15 years old,Male,9th grade,1.65,45.36,No
15 years old,Male,9th grade,1.85,86.18,No
14 years old,Female,9th grade,1.6,54.43,Yes
14 years old,Male,9th grade,1.83,72.58,No
14 years old,Female,9th grade,1.78,65.77,Yes
14 years old,Male,9th grade,1.63,67.13,No
14 years old,Female,9th grade,1.55,51.26,No
15 years old,Female,9th grade,1.63,60.78,Yes
15 years old,Female,9th grade,1.63,49.9,Yes
15 years old,Female,9th grade,1.68,58.97,Yes
15 years old,Male,9th grade,1.73,81.65,No
15 years old,Male,9th grade,1.75,114.76,No
15 years old,Female,9th grade,1.6,72.58,Yes
15 years old,Male,9th grade,1.73,58.06,No
14 years old,Female,9th grade,1.7,70.31,No
14 years old,Female,9th grade,1.68,70.31,Yes
15 years old,Male,9th grade,1.73,67.13,Yes
14 years old,Female,9th grade,1.55,53.07,No
14 years old,Female,9th grade,1.6,54.43,No
15 years old,Female,9th grade,1.75,51.26,No
15 years old,Male,9th grade,1.78,115.67,No
14 years old,Male,9th grade,1.75,79.38,No
15 years old,Male,9th grade,1.75,77.11,No
15 years old,Female,9th grade,1.6,45.36,No
14 years old,Male,9th grade,1.68,58.97,No
14 years old,Female,9th grade,1.55,63.5,Yes
14 years old,Female,9th grade,1.65,73.94,Yes
15 years old,Male,9th grade,1.73,53.52,No
15 years old,Female,9th grade,1.73,68.04,No
14 years old,Female,9th grade,1.55,63.5,Yes
15 years old,Male,9th grade,1.73,85.28,Yes
15 years old,Male,9th grade,1.8,96.62,No
16 years old,Male,9th grade,1.73,61.24,No
15 years old,Female,9th grade,1.55,68.04,No
